1;arms_factory;3198.39;11.00;1344.37;0.00;0
1;industrial_complex;3198.25;11.00;1331.16;0.00;0
1;air_base;3221.93;11.00;1323.39;0.00;0
1;anti_air_building;3207.87;11.00;1315.48;0.00;0
1;bunker;3230.24;11.00;1314.06;0.00;0
1;fuel_silo;3239.47;11.00;1339.29;0.00;0
1;radar_station;3225.26;11.00;1354.32;0.00;0
1;nuclear_reactor_spawn;3220.17;11.00;1337.10;0.00;0
1;rocket_site_spawn;3211.98;11.00;1350.61;0.00;0
1;synthetic_refinery;3238.06;11.00;1317.35;0.00;0
1;supply_node;3209.28;11.00;1327.66;0.00;0
1;dockyard;3210.42;11.00;1340.34;0.00;0
1;coastal_bunker;3237.39;11.00;1349.77;0.00;0
2;arms_factory;2248.27;11.00;1273.12;0.00;0
2;industrial_complex;2284.58;11.00;1238.02;0.00;0
2;air_base;2235.39;11.00;1260.01;0.00;0
2;anti_air_building;2269.85;11.00;1276.62;0.00;0
2;bunker;2261.32;11.00;1220.62;0.00;0
2;fuel_silo;2239.44;11.00;1266.69;0.00;0
2;radar_station;2277.17;11.00;1217.64;0.00;0
2;nuclear_reactor_spawn;2247.75;11.00;1259.97;0.00;0
2;rocket_site_spawn;2258.61;11.00;1280.69;0.00;0
2;synthetic_refinery;2280.61;11.00;1279.67;0.00;0
2;supply_node;2247.58;11.00;1281.57;0.00;0
2;dockyard;2252.13;11.00;1235.83;0.00;0
2;coastal_bunker;2254.06;11.00;1248.51;0.00;0
3;arms_factory;2948.56;11.00;1571.95;0.00;0
3;industrial_complex;2929.68;11.00;1549.98;0.00;0
3;air_base;2917.28;11.00;1542.99;0.00;0
3;anti_air_building;2937.83;11.00;1539.89;0.00;0
3;bunker;2908.54;11.00;1546.37;0.00;0
3;fuel_silo;2922.15;11.00;1557.63;0.00;0
3;radar_station;2897.87;11.00;1549.16;0.00;0
3;nuclear_reactor_spawn;2897.06;11.00;1563.33;0.00;0
3;rocket_site_spawn;2925.40;11.00;1535.87;0.00;0
3;synthetic_refinery;2908.69;11.00;1557.37;0.00;0
3;supply_node;2941.43;11.00;1561.35;0.00;0
3;dockyard;2954.75;11.00;1558.87;0.00;0
3;coastal_bunker;2932.77;11.00;1570.81;0.00;0
4;arms_factory;2833.89;11.00;1750.53;0.00;0
4;industrial_complex;2823.49;11.00;1737.75;0.00;0
4;air_base;2844.63;11.00;1762.41;0.00;0
4;anti_air_building;2819.34;11.00;1718.33;0.00;0
4;bunker;2826.75;11.00;1759.59;0.00;0
4;fuel_silo;2848.95;11.00;1747.83;0.00;0
4;radar_station;2822.96;11.00;1775.54;0.00;0
4;nuclear_reactor_spawn;2834.44;11.00;1725.11;0.00;0
4;rocket_site_spawn;2798.50;11.00;1751.89;0.00;0
4;synthetic_refinery;2814.59;11.00;1766.23;0.00;0
4;supply_node;2811.73;11.00;1734.07;0.00;0
5;arms_factory;2463.91;11.00;1621.83;0.00;0
5;industrial_complex;2427.05;11.00;1632.78;0.00;0
5;air_base;2462.95;11.00;1655.85;0.00;0
5;anti_air_building;2453.02;11.00;1632.79;0.00;0
5;bunker;2426.77;11.00;1657.12;0.00;0
5;fuel_silo;2450.39;11.00;1666.67;0.00;0
5;radar_station;2449.89;11.00;1649.15;0.00;0
5;nuclear_reactor_spawn;2440.14;11.00;1652.77;0.00;0
5;rocket_site_spawn;2430.06;11.00;1612.05;0.00;0
5;synthetic_refinery;2454.79;11.00;1610.29;0.00;0
5;supply_node;2441.32;11.00;1608.47;0.00;0
6;arms_factory;2837.21;11.00;1621.36;0.00;0
6;industrial_complex;2849.09;11.00;1620.97;0.00;0
6;air_base;2839.74;11.00;1598.82;0.00;0
6;anti_air_building;2820.64;11.00;1641.51;0.00;0
6;bunker;2848.38;11.00;1633.38;0.00;0
6;fuel_silo;2847.46;11.00;1609.12;0.00;0
6;radar_station;2863.67;11.00;1617.17;0.00;0
6;nuclear_reactor_spawn;2860.58;11.00;1630.05;0.00;0
6;rocket_site_spawn;2826.69;11.00;1597.67;0.00;0
6;synthetic_refinery;2811.50;11.00;1617.41;0.00;0
6;supply_node;2806.42;11.00;1633.33;0.00;0
7;arms_factory;2199.23;11.00;1679.40;0.00;0
7;industrial_complex;2214.00;11.00;1664.51;0.00;0
7;air_base;2232.30;11.00;1661.85;0.00;0
7;anti_air_building;2197.03;11.00;1666.10;0.00;0
7;bunker;2228.69;11.00;1641.90;0.00;0
7;fuel_silo;2204.34;11.00;1636.16;0.00;0
7;radar_station;2215.88;11.00;1675.67;0.00;0
7;nuclear_reactor_spawn;2208.79;11.00;1685.97;0.00;0
7;rocket_site_spawn;2189.66;11.00;1651.49;0.00;0
7;synthetic_refinery;2185.94;11.00;1675.30;0.00;0
7;supply_node;2215.29;11.00;1647.66;0.00;0
7;dockyard;2188.05;11.00;1687.65;0.00;0
7;coastal_bunker;2186.78;11.00;1638.00;0.00;0
8;arms_factory;2570.14;11.00;1039.25;0.00;0
8;industrial_complex;2524.62;11.00;1044.36;0.00;0
8;air_base;2574.06;11.00;1087.85;0.00;0
8;anti_air_building;2524.08;11.00;1061.36;0.00;0
8;bunker;2514.00;11.00;1061.69;0.00;0
8;fuel_silo;2538.65;11.00;1066.46;0.00;0
8;radar_station;2575.27;11.00;1062.08;0.00;0
8;nuclear_reactor_spawn;2561.88;11.00;1054.41;0.00;0
8;rocket_site_spawn;2567.11;11.00;1078.35;0.00;0
8;synthetic_refinery;2537.26;11.00;1040.07;0.00;0
8;supply_node;2552.99;11.00;1076.15;0.00;0
8;dockyard;2551.75;11.00;1033.95;0.00;0
8;coastal_bunker;2566.46;11.00;1102.47;0.00;0
9;arms_factory;2416.63;11.00;1728.73;0.00;0
9;industrial_complex;2462.86;11.00;1712.32;0.00;0
9;air_base;2436.36;11.00;1686.24;0.00;0
9;anti_air_building;2437.39;11.00;1724.47;0.00;0
9;bunker;2420.15;11.00;1693.71;0.00;0
9;fuel_silo;2451.90;11.00;1739.54;0.00;0
9;radar_station;2412.87;11.00;1718.94;0.00;0
9;nuclear_reactor_spawn;2450.60;11.00;1698.60;0.00;0
9;rocket_site_spawn;2457.58;11.00;1725.46;0.00;0
9;synthetic_refinery;2396.91;11.00;1715.08;0.00;0
9;supply_node;2449.10;11.00;1681.59;0.00;0
10;arms_factory;2823.53;11.00;1369.86;0.00;0
10;industrial_complex;2819.81;11.00;1378.62;0.00;0
10;air_base;2775.74;11.00;1376.84;0.00;0
10;anti_air_building;2788.10;11.00;1394.69;0.00;0
10;bunker;2766.58;11.00;1367.51;0.00;0
10;fuel_silo;2807.74;11.00;1375.97;0.00;0
10;radar_station;2786.89;11.00;1347.54;0.00;0
10;nuclear_reactor_spawn;2778.49;11.00;1404.02;0.00;0
10;rocket_site_spawn;2801.52;11.00;1365.55;0.00;0
10;synthetic_refinery;2789.27;11.00;1375.65;0.00;0
10;supply_node;2788.08;11.00;1409.99;0.00;0
10;dockyard;2795.50;11.00;1404.84;0.00;0
10;coastal_bunker;2812.61;11.00;1386.23;0.00;0
11;arms_factory;3058.00;11.00;1751.80;0.00;0
11;industrial_complex;3052.24;11.00;1764.64;0.00;0
11;air_base;3053.75;11.00;1790.89;0.00;0
11;anti_air_building;3049.35;11.00;1799.32;0.00;0
11;bunker;3045.52;11.00;1749.74;0.00;0
11;fuel_silo;3045.25;11.00;1779.13;0.00;0
11;radar_station;3080.14;11.00;1774.43;0.00;0
11;nuclear_reactor_spawn;3079.29;11.00;1787.38;0.00;0
11;rocket_site_spawn;3030.27;11.00;1779.96;0.00;0
11;synthetic_refinery;3067.81;11.00;1793.81;0.00;0
11;supply_node;3037.91;11.00;1759.13;0.00;0
12;arms_factory;2941.59;11.00;1907.84;0.00;0
12;industrial_complex;2964.74;11.00;1909.11;0.00;0
12;air_base;2955.40;11.00;1921.76;0.00;0
12;anti_air_building;2947.99;11.00;1893.92;0.00;0
12;bunker;2954.60;11.00;1903.55;0.00;0
12;fuel_silo;2975.68;11.00;1909.92;0.00;0
12;radar_station;2949.11;11.00;1913.95;0.00;0
12;nuclear_reactor_spawn;2982.99;11.00;1894.47;0.00;0
12;rocket_site_spawn;2934.50;11.00;1915.80;0.00;0
12;synthetic_refinery;2964.03;11.00;1921.91;0.00;0
12;supply_node;2985.29;11.00;1904.22;0.00;0
12;dockyard;2971.84;11.00;1894.95;0.00;0
12;coastal_bunker;2936.85;11.00;1901.08;0.00;0
13;arms_factory;3226.02;11.00;1542.72;0.00;0
13;industrial_complex;3208.35;11.00;1572.23;0.00;0
13;air_base;3212.11;11.00;1583.37;0.00;0
13;anti_air_building;3206.83;11.00;1557.95;0.00;0
13;bunker;3212.00;11.00;1594.44;0.00;0
13;fuel_silo;3241.31;11.00;1560.90;0.00;0
13;radar_station;3231.42;11.00;1583.82;0.00;0
13;nuclear_reactor_spawn;3195.51;11.00;1568.46;0.00;0
13;rocket_site_spawn;3228.69;11.00;1567.47;0.00;0
13;synthetic_refinery;3244.84;11.00;1516.87;0.00;0
13;supply_node;3206.06;11.00;1539.76;0.00;0
13;dockyard;3216.31;11.00;1565.31;0.00;0
13;coastal_bunker;3253.63;11.00;1519.88;0.00;0
14;arms_factory;2561.59;11.00;1925.87;0.00;0
14;industrial_complex;2575.57;11.00;1879.02;0.00;0
14;air_base;2561.80;11.00;1903.17;0.00;0
14;anti_air_building;2553.46;11.00;1915.82;0.00;0
14;bunker;2573.48;11.00;1927.33;0.00;0
14;fuel_silo;2557.27;11.00;1939.86;0.00;0
14;radar_station;2587.13;11.00;1907.83;0.00;0
14;nuclear_reactor_spawn;2557.44;11.00;1889.25;0.00;0
14;rocket_site_spawn;2537.75;11.00;1911.91;0.00;0
14;synthetic_refinery;2563.12;11.00;1878.55;0.00;0
14;supply_node;2586.63;11.00;1919.69;0.00;0
15;arms_factory;2679.48;11.00;1053.67;0.00;0
15;industrial_complex;2665.74;11.00;979.97;0.00;0
15;air_base;2637.41;11.00;986.77;0.00;0
15;anti_air_building;2659.64;11.00;1015.04;0.00;0
15;bunker;2666.93;11.00;1027.30;0.00;0
15;fuel_silo;2672.89;11.00;1016.57;0.00;0
15;radar_station;2655.33;11.00;1003.14;0.00;0
15;nuclear_reactor_spawn;2672.90;11.00;1042.26;0.00;0
15;rocket_site_spawn;2679.29;11.00;1033.77;0.00;0
15;synthetic_refinery;2645.39;11.00;994.15;0.00;0
15;supply_node;2644.67;11.00;1009.94;0.00;0
15;dockyard;2691.28;11.00;1015.42;0.00;0
15;coastal_bunker;2682.24;11.00;1004.57;0.00;0
16;arms_factory;2496.01;11.00;1914.19;0.00;0
16;industrial_complex;2456.82;11.00;1956.18;0.00;0
16;air_base;2515.20;11.00;1910.38;0.00;0
16;anti_air_building;2536.81;11.00;1936.95;0.00;0
16;bunker;2500.77;11.00;1925.62;0.00;0
16;fuel_silo;2522.51;11.00;1918.51;0.00;0
16;radar_station;2478.04;11.00;1916.42;0.00;0
16;nuclear_reactor_spawn;2510.68;11.00;1924.65;0.00;0
16;rocket_site_spawn;2503.15;11.00;1906.26;0.00;0
16;synthetic_refinery;2525.05;11.00;1932.46;0.00;0
16;supply_node;2532.87;11.00;1923.31;0.00;0
16;dockyard;2468.46;11.00;1961.31;0.00;0
16;coastal_bunker;2529.52;11.00;1949.29;0.00;0
17;arms_factory;3200.01;11.00;1604.10;0.00;0
17;industrial_complex;3160.52;11.00;1633.59;0.00;0
17;air_base;3195.09;11.00;1636.94;0.00;0
17;anti_air_building;3194.50;11.00;1661.93;0.00;0
17;bunker;3198.05;11.00;1679.35;0.00;0
17;fuel_silo;3219.93;11.00;1627.34;0.00;0
17;radar_station;3218.34;11.00;1641.70;0.00;0
17;nuclear_reactor_spawn;3157.11;11.00;1645.50;0.00;0
17;rocket_site_spawn;3171.17;11.00;1620.88;0.00;0
17;synthetic_refinery;3189.02;11.00;1649.54;0.00;0
17;supply_node;3207.29;11.00;1665.28;0.00;0
17;dockyard;3187.09;11.00;1604.88;0.00;0
17;coastal_bunker;3188.92;11.00;1673.79;0.00;0
18;arms_factory;2376.89;11.00;1147.74;0.00;0
18;industrial_complex;2430.02;11.00;1185.99;0.00;0
18;air_base;2418.02;11.00;1165.85;0.00;0
18;anti_air_building;2390.66;11.00;1195.76;0.00;0
18;bunker;2415.10;11.00;1188.24;0.00;0
18;fuel_silo;2419.50;11.00;1154.66;0.00;0
18;radar_station;2389.61;11.00;1138.23;0.00;0
18;nuclear_reactor_spawn;2389.90;11.00;1177.30;0.00;0
18;rocket_site_spawn;2431.53;11.00;1173.49;0.00;0
18;synthetic_refinery;2403.40;11.00;1159.87;0.00;0
18;supply_node;2398.36;11.00;1145.16;0.00;0
18;dockyard;2359.07;11.00;1168.25;0.00;0
18;coastal_bunker;2376.54;11.00;1133.65;0.00;0
19;arms_factory;3066.21;11.00;1851.47;0.00;0
19;industrial_complex;3054.84;11.00;1847.06;0.00;0
19;air_base;3040.77;11.00;1877.65;0.00;0
19;anti_air_building;3067.10;11.00;1875.14;0.00;0
19;bunker;3043.15;11.00;1837.00;0.00;0
19;fuel_silo;3030.12;11.00;1846.27;0.00;0
19;radar_station;3055.20;11.00;1859.94;0.00;0
19;nuclear_reactor_spawn;3040.91;11.00;1854.27;0.00;0
19;rocket_site_spawn;3041.55;11.00;1865.59;0.00;0
19;synthetic_refinery;3045.38;11.00;1846.68;0.00;0
19;supply_node;3075.14;11.00;1863.08;0.00;0
19;dockyard;3041.18;11.00;1889.65;0.00;0
19;coastal_bunker;3050.88;11.00;1872.74;0.00;0
20;arms_factory;2255.74;11.00;1751.65;0.00;0
20;industrial_complex;2328.08;11.00;1754.76;0.00;0
20;air_base;2318.73;11.00;1735.46;0.00;0
20;anti_air_building;2275.32;11.00;1754.75;0.00;0
20;bunker;2298.73;11.00;1776.40;0.00;0
20;fuel_silo;2317.32;11.00;1754.73;0.00;0
20;radar_station;2309.77;11.00;1724.82;0.00;0
20;nuclear_reactor_spawn;2291.84;11.00;1720.53;0.00;0
20;rocket_site_spawn;2311.16;11.00;1774.47;0.00;0
20;synthetic_refinery;2289.25;11.00;1760.46;0.00;0
20;supply_node;2275.23;11.00;1738.76;0.00;0
21;arms_factory;3154.03;11.00;1560.81;0.00;0
21;industrial_complex;3172.35;11.00;1548.10;0.00;0
21;air_base;3161.16;11.00;1573.97;0.00;0
21;anti_air_building;3173.90;11.00;1518.52;0.00;0
21;bunker;3196.05;11.00;1518.44;0.00;0
21;fuel_silo;3164.88;11.00;1524.49;0.00;0
21;radar_station;3161.66;11.00;1552.48;0.00;0
21;nuclear_reactor_spawn;3161.58;11.00;1507.76;0.00;0
21;rocket_site_spawn;3188.04;11.00;1530.70;0.00;0
21;synthetic_refinery;3152.74;11.00;1522.04;0.00;0
21;supply_node;3147.14;11.00;1532.74;0.00;0
22;arms_factory;2276.65;11.00;1599.37;0.00;0
22;industrial_complex;2297.46;11.00;1594.36;0.00;0
22;air_base;2308.92;11.00;1596.14;0.00;0
22;anti_air_building;2327.29;11.00;1624.29;0.00;0
22;bunker;2321.57;11.00;1602.30;0.00;0
22;fuel_silo;2273.28;11.00;1612.20;0.00;0
22;radar_station;2286.58;11.00;1595.06;0.00;0
22;nuclear_reactor_spawn;2311.08;11.00;1583.34;0.00;0
22;rocket_site_spawn;2331.99;11.00;1613.75;0.00;0
22;synthetic_refinery;2289.49;11.00;1625.87;0.00;0
22;supply_node;2317.62;11.00;1633.23;0.00;0
23;arms_factory;2243.42;11.00;1660.12;0.00;0
23;industrial_complex;2272.26;11.00;1663.67;0.00;0
23;air_base;2266.35;11.00;1692.51;0.00;0
23;anti_air_building;2264.15;11.00;1677.70;0.00;0
23;bunker;2260.94;11.00;1646.77;0.00;0
23;fuel_silo;2278.07;11.00;1624.88;0.00;0
23;radar_station;2254.33;11.00;1636.69;0.00;0
23;nuclear_reactor_spawn;2287.85;11.00;1639.26;0.00;0
23;rocket_site_spawn;2262.95;11.00;1659.56;0.00;0
23;synthetic_refinery;2264.42;11.00;1626.49;0.00;0
23;supply_node;2242.90;11.00;1645.48;0.00;0
24;arms_factory;2346.89;11.00;1770.30;0.00;0
24;industrial_complex;2355.35;11.00;1777.37;0.00;0
24;air_base;2379.98;11.00;1784.38;0.00;0
24;anti_air_building;2346.84;11.00;1810.70;0.00;0
24;bunker;2344.12;11.00;1784.35;0.00;0
24;fuel_silo;2337.69;11.00;1800.11;0.00;0
24;radar_station;2357.50;11.00;1819.71;0.00;0
24;nuclear_reactor_spawn;2390.18;11.00;1816.04;0.00;0
24;rocket_site_spawn;2364.23;11.00;1769.97;0.00;0
24;synthetic_refinery;2324.03;11.00;1808.99;0.00;0
24;supply_node;2359.03;11.00;1806.40;0.00;0
25;arms_factory;2440.34;11.00;1509.49;0.00;0
25;industrial_complex;2395.11;11.00;1494.38;0.00;0
25;air_base;2427.60;11.00;1522.88;0.00;0
25;anti_air_building;2423.06;11.00;1471.00;0.00;0
25;bunker;2438.34;11.00;1527.42;0.00;0
25;fuel_silo;2441.62;11.00;1496.42;0.00;0
25;radar_station;2432.81;11.00;1473.51;0.00;0
25;nuclear_reactor_spawn;2408.76;11.00;1483.35;0.00;0
25;rocket_site_spawn;2412.75;11.00;1523.01;0.00;0
25;synthetic_refinery;2421.93;11.00;1489.86;0.00;0
25;supply_node;2453.87;11.00;1481.70;0.00;0
25;dockyard;2400.62;11.00;1509.99;0.00;0
25;coastal_bunker;2404.97;11.00;1496.61;0.00;0
26;arms_factory;2821.75;11.00;1855.89;0.00;0
26;industrial_complex;2884.44;11.00;1860.37;0.00;0
26;air_base;2878.17;11.00;1849.40;0.00;0
26;anti_air_building;2824.89;11.00;1844.60;0.00;0
26;bunker;2849.21;11.00;1868.44;0.00;0
26;fuel_silo;2849.29;11.00;1820.81;0.00;0
26;radar_station;2869.86;11.00;1853.70;0.00;0
26;nuclear_reactor_spawn;2835.89;11.00;1845.98;0.00;0
26;rocket_site_spawn;2837.89;11.00;1859.77;0.00;0
26;synthetic_refinery;2856.19;11.00;1808.20;0.00;0
26;supply_node;2846.00;11.00;1847.73;0.00;0
27;arms_factory;2495.42;11.00;1215.91;0.00;0
27;industrial_complex;2468.15;11.00;1217.36;0.00;0
27;air_base;2463.28;11.00;1243.02;0.00;0
27;anti_air_building;2474.01;11.00;1250.14;0.00;0
27;bunker;2505.58;11.00;1241.76;0.00;0
27;fuel_silo;2465.28;11.00;1232.23;0.00;0
27;radar_station;2453.02;11.00;1210.80;0.00;0
27;nuclear_reactor_spawn;2464.12;11.00;1257.50;0.00;0
27;rocket_site_spawn;2453.19;11.00;1246.80;0.00;0
27;synthetic_refinery;2482.54;11.00;1224.72;0.00;0
27;supply_node;2487.23;11.00;1267.48;0.00;0
28;arms_factory;3108.00;11.00;995.87;0.00;0
28;industrial_complex;3098.60;11.00;957.28;0.00;0
28;air_base;3095.82;11.00;991.21;0.00;0
28;anti_air_building;3086.48;11.00;954.67;0.00;0
28;bunker;3075.52;11.00;967.00;0.00;0
28;fuel_silo;3076.82;11.00;984.88;0.00;0
28;radar_station;3093.46;11.00;1000.96;0.00;0
28;nuclear_reactor_spawn;3065.59;11.00;982.58;0.00;0
28;rocket_site_spawn;3086.70;11.00;969.22;0.00;0
28;synthetic_refinery;3096.81;11.00;972.41;0.00;0
28;supply_node;3104.28;11.00;986.49;0.00;0
28;dockyard;3107.43;11.00;966.02;0.00;0
28;coastal_bunker;3079.01;11.00;999.91;0.00;0
29;arms_factory;2783.53;11.00;1976.13;0.00;0
29;industrial_complex;2732.51;11.00;1975.88;0.00;0
29;air_base;2725.89;11.00;1984.78;0.00;0
29;anti_air_building;2763.19;11.00;1960.84;0.00;0
29;bunker;2743.37;11.00;1938.63;0.00;0
29;fuel_silo;2765.23;11.00;1925.37;0.00;0
29;radar_station;2777.82;11.00;1948.57;0.00;0
29;nuclear_reactor_spawn;2763.67;11.00;1983.59;0.00;0
29;rocket_site_spawn;2750.53;11.00;1950.41;0.00;0
29;synthetic_refinery;2755.44;11.00;1935.82;0.00;0
29;supply_node;2736.79;11.00;1946.70;0.00;0
29;dockyard;2740.56;11.00;1984.71;0.00;0
29;coastal_bunker;2731.55;11.00;1961.13;0.00;0
30;arms_factory;2763.45;11.00;1714.60;0.00;0
30;industrial_complex;2767.31;11.00;1727.16;0.00;0
30;air_base;2805.41;11.00;1719.12;0.00;0
30;anti_air_building;2789.56;11.00;1736.19;0.00;0
30;bunker;2790.39;11.00;1700.20;0.00;0
30;fuel_silo;2765.18;11.00;1739.79;0.00;0
30;radar_station;2783.95;11.00;1724.27;0.00;0
30;nuclear_reactor_spawn;2775.60;11.00;1715.27;0.00;0
30;rocket_site_spawn;2761.35;11.00;1755.56;0.00;0
30;synthetic_refinery;2778.36;11.00;1703.17;0.00;0
30;supply_node;2776.78;11.00;1760.90;0.00;0
31;arms_factory;2597.47;11.00;1436.77;0.00;0
31;industrial_complex;2558.10;11.00;1395.72;0.00;0
31;air_base;2611.76;11.00;1428.45;0.00;0
31;anti_air_building;2596.94;11.00;1424.92;0.00;0
31;bunker;2564.20;11.00;1437.60;0.00;0
31;fuel_silo;2586.17;11.00;1397.17;0.00;0
31;radar_station;2580.62;11.00;1410.24;0.00;0
31;nuclear_reactor_spawn;2600.59;11.00;1398.58;0.00;0
31;rocket_site_spawn;2557.62;11.00;1415.23;0.00;0
31;synthetic_refinery;2597.72;11.00;1384.19;0.00;0
31;supply_node;2580.92;11.00;1422.97;0.00;0
31;dockyard;2571.03;11.00;1401.95;0.00;0
31;coastal_bunker;2563.83;11.00;1425.07;0.00;0
32;arms_factory;2608.75;11.00;1915.83;0.00;0
32;industrial_complex;2618.20;11.00;1890.68;0.00;0
32;air_base;2639.58;11.00;1898.12;0.00;0
32;anti_air_building;2614.11;11.00;1899.79;0.00;0
32;bunker;2599.10;11.00;1891.83;0.00;0
32;fuel_silo;2619.50;11.00;1920.22;0.00;0
32;radar_station;2623.99;11.00;1929.07;0.00;0
32;nuclear_reactor_spawn;2622.68;11.00;1878.51;0.00;0
32;rocket_site_spawn;2634.05;11.00;1886.89;0.00;0
32;synthetic_refinery;2629.05;11.00;1915.79;0.00;0
32;supply_node;2594.81;11.00;1877.60;0.00;0
33;arms_factory;2713.13;11.00;1593.47;0.00;0
33;industrial_complex;2715.78;11.00;1628.83;0.00;0
33;air_base;2731.36;11.00;1619.23;0.00;0
33;anti_air_building;2719.25;11.00;1642.49;0.00;0
33;bunker;2727.66;11.00;1593.26;0.00;0
33;fuel_silo;2704.15;11.00;1618.29;0.00;0
33;radar_station;2719.10;11.00;1616.73;0.00;0
33;nuclear_reactor_spawn;2744.56;11.00;1590.55;0.00;0
33;rocket_site_spawn;2725.43;11.00;1606.40;0.00;0
33;synthetic_refinery;2751.54;11.00;1605.05;0.00;0
33;supply_node;2743.65;11.00;1614.64;0.00;0
34;arms_factory;2361.74;11.00;1485.42;0.00;0
34;industrial_complex;2333.08;11.00;1462.88;0.00;0
34;air_base;2346.91;11.00;1499.02;0.00;0
34;anti_air_building;2385.46;11.00;1506.26;0.00;0
34;bunker;2333.75;11.00;1482.23;0.00;0
34;fuel_silo;2361.80;11.00;1513.76;0.00;0
34;radar_station;2322.46;11.00;1474.08;0.00;0
34;nuclear_reactor_spawn;2357.47;11.00;1472.28;0.00;0
34;rocket_site_spawn;2373.72;11.00;1492.60;0.00;0
34;synthetic_refinery;2350.87;11.00;1461.40;0.00;0
34;supply_node;2368.36;11.00;1503.64;0.00;0
35;arms_factory;2644.19;11.00;1169.63;0.00;0
35;industrial_complex;2682.00;11.00;1177.80;0.00;0
35;air_base;2663.93;11.00;1169.03;0.00;0
35;anti_air_building;2690.53;11.00;1180.16;0.00;0
35;bunker;2659.04;11.00;1157.90;0.00;0
35;fuel_silo;2651.35;11.00;1147.67;0.00;0
35;radar_station;2665.42;11.00;1147.12;0.00;0
35;nuclear_reactor_spawn;2627.91;11.00;1200.75;0.00;0
35;rocket_site_spawn;2619.87;11.00;1189.77;0.00;0
35;synthetic_refinery;2672.19;11.00;1159.19;0.00;0
35;supply_node;2687.38;11.00;1158.66;0.00;0
36;arms_factory;2613.82;11.00;1979.35;0.00;0
36;industrial_complex;2606.60;11.00;1972.90;0.00;0
36;air_base;2605.52;11.00;1983.62;0.00;0
36;anti_air_building;2587.02;11.00;1963.56;0.00;0
36;bunker;2608.16;11.00;1942.19;0.00;0
36;fuel_silo;2620.09;11.00;1943.62;0.00;0
36;radar_station;2630.09;11.00;1981.07;0.00;0
36;nuclear_reactor_spawn;2574.75;11.00;1967.31;0.00;0
36;rocket_site_spawn;2615.70;11.00;1955.14;0.00;0
36;synthetic_refinery;2595.02;11.00;1980.39;0.00;0
36;supply_node;2626.93;11.00;1938.49;0.00;0
36;dockyard;2604.71;11.00;1963.40;0.00;0
36;coastal_bunker;2598.78;11.00;1952.70;0.00;0
37;arms_factory;2176.50;11.00;1569.93;0.00;0
37;industrial_complex;2189.22;11.00;1551.60;0.00;0
37;air_base;2180.66;11.00;1545.18;0.00;0
37;anti_air_building;2214.34;11.00;1556.81;0.00;0
37;bunker;2197.28;11.00;1572.74;0.00;0
37;fuel_silo;2180.83;11.00;1558.25;0.00;0
37;radar_station;2175.45;11.00;1536.63;0.00;0
37;nuclear_reactor_spawn;2201.47;11.00;1583.59;0.00;0
37;rocket_site_spawn;2203.04;11.00;1567.52;0.00;0
37;synthetic_refinery;2173.54;11.00;1549.05;0.00;0
37;supply_node;2180.57;11.00;1595.49;0.00;0
37;dockyard;2198.65;11.00;1529.70;0.00;0
37;coastal_bunker;2200.02;11.00;1543.46;0.00;0
38;arms_factory;2475.00;11.00;1331.28;0.00;0
38;industrial_complex;2474.36;11.00;1317.15;0.00;0
38;air_base;2489.17;11.00;1279.62;0.00;0
38;anti_air_building;2490.92;11.00;1292.15;0.00;0
38;bunker;2462.24;11.00;1326.77;0.00;0
38;fuel_silo;2477.27;11.00;1286.87;0.00;0
38;radar_station;2490.34;11.00;1304.39;0.00;0
38;nuclear_reactor_spawn;2466.99;11.00;1305.41;0.00;0
38;rocket_site_spawn;2504.88;11.00;1294.85;0.00;0
38;synthetic_refinery;2487.71;11.00;1331.68;0.00;0
38;supply_node;2478.85;11.00;1302.73;0.00;0
38;dockyard;2502.60;11.00;1308.06;0.00;0
38;coastal_bunker;2456.54;11.00;1316.32;0.00;0
39;arms_factory;3099.55;11.00;1522.07;0.00;0
39;industrial_complex;3071.72;11.00;1532.57;0.00;0
39;air_base;3124.27;11.00;1541.12;0.00;0
39;anti_air_building;3101.15;11.00;1553.13;0.00;0
39;bunker;3115.83;11.00;1516.25;0.00;0
39;fuel_silo;3104.32;11.00;1538.80;0.00;0
39;radar_station;3079.49;11.00;1544.29;0.00;0
39;nuclear_reactor_spawn;3124.44;11.00;1565.88;0.00;0
39;rocket_site_spawn;3087.33;11.00;1557.91;0.00;0
39;synthetic_refinery;3067.91;11.00;1547.97;0.00;0
39;supply_node;3068.60;11.00;1563.34;0.00;0
40;arms_factory;2460.21;11.00;1104.50;0.00;0
40;industrial_complex;2420.96;11.00;1111.52;0.00;0
40;air_base;2425.33;11.00;1134.78;0.00;0
40;anti_air_building;2442.90;11.00;1100.62;0.00;0
40;bunker;2446.50;11.00;1114.72;0.00;0
40;fuel_silo;2413.33;11.00;1128.09;0.00;0
40;radar_station;2416.17;11.00;1095.98;0.00;0
40;nuclear_reactor_spawn;2460.78;11.00;1122.73;0.00;0
40;rocket_site_spawn;2423.25;11.00;1081.10;0.00;0
40;synthetic_refinery;2411.98;11.00;1114.24;0.00;0
40;supply_node;2434.06;11.00;1110.60;0.00;0
40;dockyard;2477.00;11.00;1122.33;0.00;0
40;coastal_bunker;2443.26;11.00;1150.18;0.00;0
41;arms_factory;2310.49;11.00;1540.03;0.00;0
41;industrial_complex;2278.43;11.00;1529.42;0.00;0
41;air_base;2310.54;11.00;1569.29;0.00;0
41;anti_air_building;2318.04;11.00;1562.99;0.00;0
41;bunker;2273.27;11.00;1583.49;0.00;0
41;fuel_silo;2296.52;11.00;1543.55;0.00;0
41;radar_station;2298.10;11.00;1570.13;0.00;0
41;nuclear_reactor_spawn;2282.07;11.00;1538.65;0.00;0
41;rocket_site_spawn;2292.12;11.00;1532.48;0.00;0
41;synthetic_refinery;2276.60;11.00;1570.86;0.00;0
41;supply_node;2308.62;11.00;1552.94;0.00;0
42;arms_factory;2947.71;11.00;1088.59;0.00;0
42;industrial_complex;2992.25;11.00;1079.34;0.00;0
42;air_base;2978.83;11.00;1085.19;0.00;0
42;anti_air_building;2964.86;11.00;1063.09;0.00;0
42;bunker;2960.95;11.00;1113.39;0.00;0
42;fuel_silo;2948.70;11.00;1071.35;0.00;0
42;radar_station;2954.05;11.00;1101.51;0.00;0
42;nuclear_reactor_spawn;2981.47;11.00;1067.93;0.00;0
42;rocket_site_spawn;2967.86;11.00;1096.61;0.00;0
42;synthetic_refinery;2964.34;11.00;1078.81;0.00;0
42;supply_node;2947.71;11.00;1088.59;0.00;0
43;arms_factory;2731.48;11.00;1498.01;0.00;0
43;industrial_complex;2738.26;11.00;1467.74;0.00;0
43;air_base;2681.56;11.00;1492.20;0.00;0
43;anti_air_building;2728.89;11.00;1460.60;0.00;0
43;bunker;2712.13;11.00;1520.78;0.00;0
43;fuel_silo;2718.24;11.00;1471.97;0.00;0
43;radar_station;2693.05;11.00;1485.45;0.00;0
43;nuclear_reactor_spawn;2715.85;11.00;1486.28;0.00;0
43;rocket_site_spawn;2691.63;11.00;1499.54;0.00;0
43;synthetic_refinery;2728.34;11.00;1484.49;0.00;0
43;supply_node;2705.07;11.00;1483.25;0.00;0
44;arms_factory;2744.42;11.00;1820.32;0.00;0
44;industrial_complex;2753.98;11.00;1814.30;0.00;0
44;air_base;2766.64;11.00;1820.16;0.00;0
44;anti_air_building;2780.00;11.00;1772.87;0.00;0
44;bunker;2766.33;11.00;1770.99;0.00;0
44;fuel_silo;2791.42;11.00;1777.19;0.00;0
44;radar_station;2761.62;11.00;1832.61;0.00;0
44;nuclear_reactor_spawn;2762.70;11.00;1794.41;0.00;0
44;rocket_site_spawn;2731.79;11.00;1797.86;0.00;0
44;synthetic_refinery;2779.51;11.00;1797.10;0.00;0
44;supply_node;2773.88;11.00;1807.41;0.00;0
45;arms_factory;2860.78;11.00;972.34;0.00;0
45;industrial_complex;2853.22;11.00;949.56;0.00;0
45;air_base;2875.47;11.00;930.07;0.00;0
45;anti_air_building;2833.12;11.00;968.68;0.00;0
45;bunker;2862.72;11.00;940.99;0.00;0
45;fuel_silo;2846.24;11.00;935.80;0.00;0
45;radar_station;2855.70;11.00;930.40;0.00;0
45;nuclear_reactor_spawn;2842.11;11.00;925.21;0.00;0
45;rocket_site_spawn;2875.10;11.00;947.40;0.00;0
45;synthetic_refinery;2831.16;11.00;954.84;0.00;0
45;supply_node;2863.52;11.00;962.95;0.00;0
45;dockyard;2840.95;11.00;948.02;0.00;0
45;coastal_bunker;2833.23;11.00;936.74;0.00;0
46;arms_factory;2515.06;11.00;1190.31;0.00;0
46;industrial_complex;2513.68;11.00;1228.23;0.00;0
46;air_base;2548.22;11.00;1224.17;0.00;0
46;anti_air_building;2531.09;11.00;1216.32;0.00;0
46;bunker;2547.17;11.00;1172.21;0.00;0
46;fuel_silo;2525.96;11.00;1230.86;0.00;0
46;radar_station;2517.15;11.00;1175.21;0.00;0
46;nuclear_reactor_spawn;2539.40;11.00;1220.12;0.00;0
46;rocket_site_spawn;2573.27;11.00;1196.72;0.00;0
46;synthetic_refinery;2539.21;11.00;1235.61;0.00;0
46;supply_node;2565.62;11.00;1186.12;0.00;0
47;arms_factory;3106.86;11.00;1468.96;0.00;0
47;industrial_complex;3165.26;11.00;1479.85;0.00;0
47;air_base;3139.23;11.00;1462.39;0.00;0
47;anti_air_building;3115.56;11.00;1499.97;0.00;0
47;bunker;3112.35;11.00;1460.82;0.00;0
47;fuel_silo;3157.28;11.00;1471.77;0.00;0
47;radar_station;3126.01;11.00;1510.93;0.00;0
47;nuclear_reactor_spawn;3130.06;11.00;1489.65;0.00;0
47;rocket_site_spawn;3113.80;11.00;1450.39;0.00;0
47;synthetic_refinery;3141.24;11.00;1484.33;0.00;0
47;supply_node;3144.88;11.00;1496.41;0.00;0
48;arms_factory;2404.96;11.00;1675.94;0.00;0
48;industrial_complex;2376.85;11.00;1683.44;0.00;0
48;air_base;2401.52;11.00;1631.86;0.00;0
48;anti_air_building;2405.55;11.00;1644.71;0.00;0
48;bunker;2414.61;11.00;1654.53;0.00;0
48;fuel_silo;2384.07;11.00;1658.63;0.00;0
48;radar_station;2393.42;11.00;1687.49;0.00;0
48;nuclear_reactor_spawn;2403.48;11.00;1657.82;0.00;0
48;rocket_site_spawn;2372.52;11.00;1652.97;0.00;0
48;synthetic_refinery;2368.56;11.00;1665.13;0.00;0
48;supply_node;2374.52;11.00;1696.73;0.00;0
49;arms_factory;3089.26;11.00;1595.56;0.00;0
49;industrial_complex;3103.82;11.00;1620.88;0.00;0
49;air_base;3113.83;11.00;1614.54;0.00;0
49;anti_air_building;3113.47;11.00;1630.16;0.00;0
49;bunker;3161.79;11.00;1617.09;0.00;0
49;fuel_silo;3147.69;11.00;1596.03;0.00;0
49;radar_station;3150.58;11.00;1608.08;0.00;0
49;nuclear_reactor_spawn;3150.91;11.00;1621.07;0.00;0
49;rocket_site_spawn;3160.98;11.00;1604.18;0.00;0
49;synthetic_refinery;3136.45;11.00;1624.29;0.00;0
49;supply_node;3101.77;11.00;1634.62;0.00;0
50;arms_factory;2923.31;11.00;1941.98;0.00;0
50;industrial_complex;2896.25;11.00;1918.55;0.00;0
50;air_base;2941.21;11.00;1934.96;0.00;0
50;anti_air_building;2905.33;11.00;1945.60;0.00;0
50;bunker;2912.75;11.00;1939.96;0.00;0
50;fuel_silo;2887.03;11.00;1945.17;0.00;0
50;radar_station;2932.10;11.00;1937.80;0.00;0
50;nuclear_reactor_spawn;2919.14;11.00;1930.21;0.00;0
50;rocket_site_spawn;2880.31;11.00;1931.14;0.00;0
50;synthetic_refinery;2909.86;11.00;1913.99;0.00;0
50;supply_node;2921.40;11.00;1916.70;0.00;0
50;dockyard;2895.77;11.00;1942.02;0.00;0
50;coastal_bunker;2874.79;11.00;1944.36;0.00;0
51;arms_factory;2341.13;11.00;1676.79;0.00;0
51;industrial_complex;2327.60;11.00;1648.11;0.00;0
51;air_base;2328.99;11.00;1664.32;0.00;0
51;anti_air_building;2320.48;11.00;1714.34;0.00;0
51;bunker;2357.05;11.00;1666.97;0.00;0
51;fuel_silo;2295.91;11.00;1700.32;0.00;0
51;radar_station;2302.24;11.00;1682.60;0.00;0
51;nuclear_reactor_spawn;2334.08;11.00;1712.17;0.00;0
51;rocket_site_spawn;2322.06;11.00;1697.99;0.00;0
51;synthetic_refinery;2360.91;11.00;1689.68;0.00;0
51;supply_node;2344.36;11.00;1690.42;0.00;0
52;arms_factory;3042.03;11.00;1024.73;0.00;0
52;industrial_complex;3046.95;11.00;963.68;0.00;0
52;air_base;3022.71;11.00;965.50;0.00;0
52;anti_air_building;3030.58;11.00;971.26;0.00;0
52;bunker;3032.74;11.00;1016.26;0.00;0
52;fuel_silo;3048.21;11.00;991.94;0.00;0
52;radar_station;3039.21;11.00;967.88;0.00;0
52;nuclear_reactor_spawn;3028.51;11.00;1005.75;0.00;0
52;rocket_site_spawn;3014.13;11.00;978.02;0.00;0
52;synthetic_refinery;3054.48;11.00;1014.12;0.00;0
52;supply_node;3039.65;11.00;981.55;0.00;0
53;arms_factory;2901.40;11.00;1281.32;0.00;0
53;industrial_complex;2898.10;11.00;1308.70;0.00;0
53;air_base;2898.99;11.00;1294.06;0.00;0
53;anti_air_building;2856.27;11.00;1298.23;0.00;0
53;bunker;2898.15;11.00;1321.47;0.00;0
53;fuel_silo;2887.12;11.00;1324.35;0.00;0
53;radar_station;2869.38;11.00;1296.32;0.00;0
53;nuclear_reactor_spawn;2888.99;11.00;1298.58;0.00;0
53;rocket_site_spawn;2875.05;11.00;1309.87;0.00;0
53;synthetic_refinery;2879.90;11.00;1329.89;0.00;0
53;supply_node;2872.78;11.00;1321.81;0.00;0
53;dockyard;2893.94;11.00;1335.93;0.00;0
53;coastal_bunker;2910.76;11.00;1306.39;0.00;0
54;arms_factory;3008.75;11.00;1467.71;0.00;0
54;industrial_complex;3031.44;11.00;1510.10;0.00;0
54;air_base;3029.34;11.00;1476.69;0.00;0
54;anti_air_building;3037.79;11.00;1495.23;0.00;0
54;bunker;3002.30;11.00;1519.39;0.00;0
54;fuel_silo;3004.42;11.00;1499.55;0.00;0
54;radar_station;3023.34;11.00;1499.61;0.00;0
54;nuclear_reactor_spawn;2992.61;11.00;1503.25;0.00;0
54;rocket_site_spawn;3002.40;11.00;1477.51;0.00;0
54;synthetic_refinery;3008.86;11.00;1490.33;0.00;0
54;supply_node;2990.83;11.00;1490.09;0.00;0
54;dockyard;2993.83;11.00;1477.45;0.00;0
54;coastal_bunker;2985.17;11.00;1483.63;0.00;0
55;arms_factory;2846.19;11.00;1926.86;0.00;0
55;industrial_complex;2857.49;11.00;1927.65;0.00;0
55;air_base;2802.59;11.00;1961.90;0.00;0
55;anti_air_building;2820.35;11.00;1934.86;0.00;0
55;bunker;2824.96;11.00;1903.31;0.00;0
55;fuel_silo;2813.01;11.00;1956.52;0.00;0
55;radar_station;2850.52;11.00;1915.71;0.00;0
55;nuclear_reactor_spawn;2846.49;11.00;1946.40;0.00;0
55;rocket_site_spawn;2838.70;11.00;1918.29;0.00;0
55;synthetic_refinery;2824.49;11.00;1950.15;0.00;0
55;supply_node;2814.13;11.00;1908.65;0.00;0
55;dockyard;2832.97;11.00;1944.15;0.00;0
55;coastal_bunker;2842.70;11.00;1935.81;0.00;0
56;arms_factory;2533.61;11.00;1987.44;0.00;0
56;industrial_complex;2520.13;11.00;1991.64;0.00;0
56;air_base;2511.69;11.00;2005.31;0.00;0
56;anti_air_building;2500.00;11.00;1981.91;0.00;0
56;bunker;2550.89;11.00;1955.83;0.00;0
56;fuel_silo;2522.66;11.00;2002.81;0.00;0
56;radar_station;2529.52;11.00;1964.69;0.00;0
56;nuclear_reactor_spawn;2546.32;11.00;1967.22;0.00;0
56;rocket_site_spawn;2511.02;11.00;1997.00;0.00;0
56;synthetic_refinery;2537.61;11.00;1963.90;0.00;0
56;supply_node;2486.42;11.00;1967.58;0.00;0
56;dockyard;2520.03;11.00;1982.62;0.00;0
56;coastal_bunker;2527.56;11.00;1975.32;0.00;0
57;arms_factory;2652.44;11.00;1781.72;0.00;0
57;industrial_complex;2634.46;11.00;1728.55;0.00;0
57;air_base;2633.42;11.00;1750.94;0.00;0
57;anti_air_building;2648.80;11.00;1736.11;0.00;0
57;bunker;2658.45;11.00;1748.17;0.00;0
57;fuel_silo;2643.95;11.00;1765.04;0.00;0
57;radar_station;2648.88;11.00;1753.82;0.00;0
57;nuclear_reactor_spawn;2665.13;11.00;1739.65;0.00;0
57;rocket_site_spawn;2632.89;11.00;1739.50;0.00;0
57;synthetic_refinery;2679.72;11.00;1745.44;0.00;0
57;supply_node;2640.44;11.00;1777.24;0.00;0
58;arms_factory;3093.44;11.00;1233.15;0.00;0
58;industrial_complex;3065.15;11.00;1223.71;0.00;0
58;air_base;3069.59;11.00;1245.67;0.00;0
58;anti_air_building;3059.86;11.00;1212.02;0.00;0
58;bunker;3074.64;11.00;1211.54;0.00;0
58;fuel_silo;3087.51;11.00;1211.37;0.00;0
58;radar_station;3100.10;11.00;1208.12;0.00;0
58;nuclear_reactor_spawn;3086.85;11.00;1200.60;0.00;0
58;rocket_site_spawn;3082.64;11.00;1248.70;0.00;0
58;synthetic_refinery;3093.42;11.00;1220.52;0.00;0
58;supply_node;3106.41;11.00;1220.99;0.00;0
59;arms_factory;2334.10;11.00;1184.33;0.00;0
59;industrial_complex;2298.36;11.00;1184.58;0.00;0
59;air_base;2304.46;11.00;1208.76;0.00;0
59;anti_air_building;2311.64;11.00;1160.93;0.00;0
59;bunker;2320.03;11.00;1209.38;0.00;0
59;fuel_silo;2306.04;11.00;1219.18;0.00;0
59;radar_station;2309.55;11.00;1183.55;0.00;0
59;nuclear_reactor_spawn;2293.40;11.00;1211.39;0.00;0
59;rocket_site_spawn;2323.78;11.00;1164.22;0.00;0
59;synthetic_refinery;2319.98;11.00;1189.46;0.00;0
59;supply_node;2311.60;11.00;1200.45;0.00;0
60;arms_factory;3062.29;11.00;1387.33;0.00;0
60;industrial_complex;3111.39;11.00;1403.53;0.00;0
60;air_base;3100.03;11.00;1412.45;0.00;0
60;anti_air_building;3066.35;11.00;1413.75;0.00;0
60;bunker;3103.61;11.00;1395.32;0.00;0
60;fuel_silo;3071.11;11.00;1392.89;0.00;0
60;radar_station;3084.06;11.00;1411.36;0.00;0
60;nuclear_reactor_spawn;3090.89;11.00;1424.54;0.00;0
60;rocket_site_spawn;3100.56;11.00;1437.46;0.00;0
60;synthetic_refinery;3087.35;11.00;1440.19;0.00;0
60;supply_node;3055.68;11.00;1419.14;0.00;0
60;dockyard;3077.88;11.00;1423.72;0.00;0
60;coastal_bunker;3073.23;11.00;1404.86;0.00;0
61;arms_factory;2258.26;11.00;1460.49;0.00;0
61;industrial_complex;2260.59;11.00;1473.80;0.00;0
61;air_base;2248.26;11.00;1476.39;0.00;0
61;anti_air_building;2274.13;11.00;1473.63;0.00;0
61;bunker;2268.35;11.00;1446.41;0.00;0
61;fuel_silo;2268.08;11.00;1487.33;0.00;0
61;radar_station;2266.52;11.00;1422.45;0.00;0
61;nuclear_reactor_spawn;2253.24;11.00;1487.71;0.00;0
61;rocket_site_spawn;2279.82;11.00;1433.66;0.00;0
61;synthetic_refinery;2287.15;11.00;1442.12;0.00;0
61;supply_node;2280.38;11.00;1450.64;0.00;0
62;arms_factory;3027.37;11.00;1615.99;0.00;0
62;industrial_complex;3053.79;11.00;1590.65;0.00;0
62;air_base;3066.97;11.00;1580.04;0.00;0
62;anti_air_building;3034.46;11.00;1571.96;0.00;0
62;bunker;3025.66;11.00;1591.99;0.00;0
62;fuel_silo;3038.13;11.00;1593.35;0.00;0
62;radar_station;3046.70;11.00;1581.51;0.00;0
62;nuclear_reactor_spawn;3014.33;11.00;1580.04;0.00;0
62;rocket_site_spawn;3069.89;11.00;1597.00;0.00;0
62;synthetic_refinery;3058.77;11.00;1601.09;0.00;0
62;supply_node;3013.74;11.00;1608.42;0.00;0
63;arms_factory;2225.04;11.00;1806.39;0.00;0
63;industrial_complex;2239.23;11.00;1819.81;0.00;0
63;air_base;2220.44;11.00;1791.46;0.00;0
63;anti_air_building;2218.31;11.00;1800.37;0.00;0
63;bunker;2260.31;11.00;1774.49;0.00;0
63;fuel_silo;2204.12;11.00;1773.98;0.00;0
63;radar_station;2236.30;11.00;1797.91;0.00;0
63;nuclear_reactor_spawn;2249.73;11.00;1763.32;0.00;0
63;rocket_site_spawn;2240.15;11.00;1810.13;0.00;0
63;synthetic_refinery;2251.04;11.00;1806.51;0.00;0
63;supply_node;2219.22;11.00;1777.83;0.00;0
63;dockyard;2237.56;11.00;1763.46;0.00;0
63;coastal_bunker;2211.49;11.00;1791.51;0.00;0
64;arms_factory;2953.32;11.00;1623.96;0.00;0
64;industrial_complex;3003.65;11.00;1663.50;0.00;0
64;air_base;2958.00;11.00;1657.51;0.00;0
64;anti_air_building;3000.93;11.00;1631.05;0.00;0
64;bunker;2988.11;11.00;1662.91;0.00;0
64;fuel_silo;2970.84;11.00;1662.58;0.00;0
64;radar_station;3008.54;11.00;1643.44;0.00;0
64;nuclear_reactor_spawn;2994.59;11.00;1645.97;0.00;0
64;rocket_site_spawn;2951.64;11.00;1641.97;0.00;0
64;synthetic_refinery;2978.36;11.00;1651.11;0.00;0
64;supply_node;2967.44;11.00;1627.76;0.00;0
65;arms_factory;2419.62;11.00;1208.63;0.00;0
65;industrial_complex;2395.61;11.00;1243.40;0.00;0
65;air_base;2413.71;11.00;1256.50;0.00;0
65;anti_air_building;2427.05;11.00;1255.00;0.00;0
65;bunker;2435.47;11.00;1230.76;0.00;0
65;fuel_silo;2422.64;11.00;1220.53;0.00;0
65;radar_station;2412.77;11.00;1198.95;0.00;0
65;nuclear_reactor_spawn;2403.68;11.00;1221.11;0.00;0
65;rocket_site_spawn;2388.50;11.00;1219.63;0.00;0
65;synthetic_refinery;2402.63;11.00;1254.26;0.00;0
65;supply_node;2386.94;11.00;1234.75;0.00;0
66;arms_factory;2800.48;11.00;1283.02;0.00;0
66;industrial_complex;2740.74;11.00;1270.42;0.00;0
66;air_base;2755.56;11.00;1284.81;0.00;0
66;anti_air_building;2767.00;11.00;1291.31;0.00;0
66;bunker;2778.98;11.00;1268.80;0.00;0
66;fuel_silo;2742.10;11.00;1281.13;0.00;0
66;radar_station;2788.55;11.00;1258.72;0.00;0
66;nuclear_reactor_spawn;2801.45;11.00;1258.82;0.00;0
66;rocket_site_spawn;2770.00;11.00;1245.64;0.00;0
66;synthetic_refinery;2788.10;11.00;1277.53;0.00;0
66;supply_node;2745.38;11.00;1259.85;0.00;0
67;arms_factory;2967.78;11.00;1517.79;0.00;0
67;industrial_complex;2956.91;11.00;1537.28;0.00;0
67;air_base;2945.58;11.00;1531.41;0.00;0
67;anti_air_building;2949.00;11.00;1511.18;0.00;0
67;bunker;2973.95;11.00;1495.57;0.00;0
67;fuel_silo;2964.98;11.00;1553.79;0.00;0
67;radar_station;2978.08;11.00;1555.75;0.00;0
67;nuclear_reactor_spawn;2951.21;11.00;1546.15;0.00;0
67;rocket_site_spawn;2957.04;11.00;1524.03;0.00;0
67;synthetic_refinery;2962.44;11.00;1501.74;0.00;0
67;supply_node;2944.65;11.00;1519.94;0.00;0
67;dockyard;2979.38;11.00;1524.40;0.00;0
67;coastal_bunker;2934.65;11.00;1527.34;0.00;0
68;arms_factory;2375.82;11.00;1767.66;0.00;0
68;industrial_complex;2344.07;11.00;1737.93;0.00;0
68;air_base;2330.14;11.00;1742.82;0.00;0
68;anti_air_building;2374.97;11.00;1754.41;0.00;0
68;bunker;2389.53;11.00;1728.66;0.00;0
68;fuel_silo;2369.28;11.00;1728.98;0.00;0
68;radar_station;2347.73;11.00;1761.50;0.00;0
68;nuclear_reactor_spawn;2369.63;11.00;1714.33;0.00;0
68;rocket_site_spawn;2334.21;11.00;1728.94;0.00;0
68;synthetic_refinery;2360.82;11.00;1703.24;0.00;0
68;supply_node;2382.10;11.00;1739.29;0.00;0
69;arms_factory;2245.31;11.00;1209.73;0.00;0
69;industrial_complex;2261.49;11.00;1188.61;0.00;0
69;air_base;2267.56;11.00;1207.47;0.00;0
69;anti_air_building;2246.17;11.00;1194.39;0.00;0
69;bunker;2246.64;11.00;1178.34;0.00;0
69;fuel_silo;2236.26;11.00;1153.20;0.00;0
69;radar_station;2232.17;11.00;1184.49;0.00;0
69;nuclear_reactor_spawn;2275.51;11.00;1198.23;0.00;0
69;rocket_site_spawn;2237.69;11.00;1166.54;0.00;0
69;synthetic_refinery;2257.86;11.00;1163.14;0.00;0
69;supply_node;2257.84;11.00;1174.36;0.00;0
70;arms_factory;2876.27;11.00;1764.04;0.00;0
70;industrial_complex;2909.75;11.00;1766.54;0.00;0
70;air_base;2886.53;11.00;1777.27;0.00;0
70;anti_air_building;2896.94;11.00;1769.77;0.00;0
70;bunker;2877.77;11.00;1743.40;0.00;0
70;fuel_silo;2852.22;11.00;1778.07;0.00;0
70;radar_station;2863.05;11.00;1746.36;0.00;0
70;nuclear_reactor_spawn;2868.86;11.00;1773.27;0.00;0
70;rocket_site_spawn;2893.59;11.00;1755.09;0.00;0
70;synthetic_refinery;2860.03;11.00;1761.94;0.00;0
70;supply_node;2901.75;11.00;1785.24;0.00;0
71;arms_factory;2763.97;11.00;1067.30;0.00;0
71;industrial_complex;2763.86;11.00;1102.65;0.00;0
71;air_base;2785.44;11.00;1095.90;0.00;0
71;anti_air_building;2772.61;11.00;1054.36;0.00;0
71;bunker;2823.14;11.00;1100.40;0.00;0
71;fuel_silo;2813.64;11.00;1093.27;0.00;0
71;radar_station;2767.94;11.00;1113.12;0.00;0
71;nuclear_reactor_spawn;2786.58;11.00;1068.08;0.00;0
71;rocket_site_spawn;2807.33;11.00;1108.17;0.00;0
71;synthetic_refinery;2816.98;11.00;1070.25;0.00;0
71;supply_node;2788.81;11.00;1056.24;0.00;0
72;arms_factory;3172.61;11.00;1428.84;0.00;0
72;industrial_complex;3135.37;11.00;1370.84;0.00;0
72;air_base;3155.50;11.00;1393.32;0.00;0
72;anti_air_building;3142.91;11.00;1404.19;0.00;0
72;bunker;3170.43;11.00;1385.66;0.00;0
72;fuel_silo;3134.06;11.00;1413.13;0.00;0
72;radar_station;3154.03;11.00;1427.06;0.00;0
72;nuclear_reactor_spawn;3179.89;11.00;1395.20;0.00;0
72;rocket_site_spawn;3119.44;11.00;1412.80;0.00;0
72;synthetic_refinery;3162.49;11.00;1377.28;0.00;0
72;supply_node;3163.79;11.00;1363.03;0.00;0
73;arms_factory;2585.00;11.00;1748.65;0.00;0
73;industrial_complex;2550.92;11.00;1712.65;0.00;0
73;air_base;2510.65;11.00;1722.80;0.00;0
73;anti_air_building;2534.63;11.00;1702.58;0.00;0
73;bunker;2523.55;11.00;1708.32;0.00;0
73;fuel_silo;2547.51;11.00;1692.97;0.00;0
73;radar_station;2560.95;11.00;1739.34;0.00;0
73;nuclear_reactor_spawn;2571.76;11.00;1735.84;0.00;0
73;rocket_site_spawn;2518.23;11.00;1716.69;0.00;0
73;synthetic_refinery;2546.53;11.00;1702.74;0.00;0
73;supply_node;2526.20;11.00;1737.68;0.00;0
74;arms_factory;3007.15;11.00;1701.01;0.00;0
74;industrial_complex;2989.71;11.00;1689.86;0.00;0
74;air_base;2960.42;11.00;1705.67;0.00;0
74;anti_air_building;3008.66;11.00;1685.82;0.00;0
74;bunker;2979.31;11.00;1700.72;0.00;0
74;fuel_silo;2970.40;11.00;1679.83;0.00;0
74;radar_station;2995.35;11.00;1699.93;0.00;0
74;nuclear_reactor_spawn;2977.80;11.00;1714.02;0.00;0
74;rocket_site_spawn;2991.12;11.00;1715.46;0.00;0
74;synthetic_refinery;2982.46;11.00;1678.47;0.00;0
74;supply_node;3003.20;11.00;1711.52;0.00;0
75;arms_factory;2769.05;11.00;1858.55;0.00;0
75;industrial_complex;2787.61;11.00;1880.42;0.00;0
75;air_base;2767.01;11.00;1896.68;0.00;0
75;anti_air_building;2773.26;11.00;1915.95;0.00;0
75;bunker;2802.41;11.00;1850.35;0.00;0
75;fuel_silo;2781.33;11.00;1904.00;0.00;0
75;radar_station;2786.22;11.00;1915.00;0.00;0
75;nuclear_reactor_spawn;2787.13;11.00;1842.96;0.00;0
75;rocket_site_spawn;2781.22;11.00;1893.31;0.00;0
75;synthetic_refinery;2771.64;11.00;1845.71;0.00;0
75;supply_node;2798.66;11.00;1871.59;0.00;0
76;arms_factory;2620.53;11.00;957.56;0.00;0
76;industrial_complex;2623.05;11.00;969.08;0.00;0
76;air_base;2663.57;11.00;968.48;0.00;0
76;anti_air_building;2616.32;11.00;938.29;0.00;0
76;bunker;2643.46;11.00;923.90;0.00;0
76;fuel_silo;2647.44;11.00;968.23;0.00;0
76;radar_station;2639.26;11.00;947.28;0.00;0
76;nuclear_reactor_spawn;2622.62;11.00;924.38;0.00;0
76;rocket_site_spawn;2633.29;11.00;957.94;0.00;0
76;synthetic_refinery;2617.85;11.00;930.08;0.00;0
76;supply_node;2632.13;11.00;966.82;0.00;0
76;dockyard;2635.63;11.00;935.67;0.00;0
76;coastal_bunker;2627.31;11.00;947.84;0.00;0
77;arms_factory;2573.62;11.00;1696.70;0.00;0
77;industrial_complex;2641.58;11.00;1691.15;0.00;0
77;air_base;2619.61;11.00;1664.99;0.00;0
77;anti_air_building;2598.25;11.00;1687.66;0.00;0
77;bunker;2651.65;11.00;1685.89;0.00;0
77;fuel_silo;2597.76;11.00;1738.13;0.00;0
77;radar_station;2623.42;11.00;1651.13;0.00;0
77;nuclear_reactor_spawn;2606.27;11.00;1676.81;0.00;0
77;rocket_site_spawn;2631.81;11.00;1715.97;0.00;0
77;synthetic_refinery;2632.02;11.00;1665.46;0.00;0
77;supply_node;2592.85;11.00;1722.28;0.00;0
78;arms_factory;2742.99;11.00;1327.01;0.00;0
78;industrial_complex;2696.52;11.00;1306.76;0.00;0
78;air_base;2704.77;11.00;1332.35;0.00;0
78;anti_air_building;2707.64;11.00;1306.41;0.00;0
78;bunker;2690.38;11.00;1328.92;0.00;0
78;fuel_silo;2730.83;11.00;1297.57;0.00;0
78;radar_station;2689.14;11.00;1338.39;0.00;0
78;nuclear_reactor_spawn;2702.97;11.00;1344.41;0.00;0
78;rocket_site_spawn;2739.55;11.00;1295.20;0.00;0
78;synthetic_refinery;2717.88;11.00;1342.58;0.00;0
78;supply_node;2731.28;11.00;1330.51;0.00;0
79;arms_factory;2844.06;11.00;1066.70;0.00;0
79;industrial_complex;2863.09;11.00;1086.54;0.00;0
79;air_base;2871.38;11.00;1037.62;0.00;0
79;anti_air_building;2840.22;11.00;1049.47;0.00;0
79;bunker;2837.35;11.00;1058.77;0.00;0
79;fuel_silo;2862.66;11.00;1063.47;0.00;0
79;radar_station;2876.15;11.00;1069.37;0.00;0
79;nuclear_reactor_spawn;2859.57;11.00;1043.13;0.00;0
79;rocket_site_spawn;2858.51;11.00;1074.49;0.00;0
79;synthetic_refinery;2828.75;11.00;1056.67;0.00;0
79;supply_node;2840.05;11.00;1094.29;0.00;0
80;arms_factory;2372.25;11.00;1865.49;0.00;0
80;industrial_complex;2345.94;11.00;1850.19;0.00;0
80;air_base;2358.53;11.00;1831.63;0.00;0
80;anti_air_building;2359.19;11.00;1868.71;0.00;0
80;bunker;2355.13;11.00;1876.65;0.00;0
80;fuel_silo;2346.28;11.00;1879.41;0.00;0
80;radar_station;2377.71;11.00;1844.95;0.00;0
80;nuclear_reactor_spawn;2342.91;11.00;1868.71;0.00;0
80;rocket_site_spawn;2370.96;11.00;1875.08;0.00;0
80;synthetic_refinery;2335.66;11.00;1873.79;0.00;0
80;supply_node;2347.97;11.00;1860.94;0.00;0
80;dockyard;2384.62;11.00;1857.48;0.00;0
80;coastal_bunker;2358.92;11.00;1857.63;0.00;0
81;arms_factory;2403.02;11.00;1453.55;0.00;0
81;industrial_complex;2388.45;11.00;1485.17;0.00;0
81;air_base;2377.32;11.00;1451.27;0.00;0
81;anti_air_building;2382.78;11.00;1439.99;0.00;0
81;bunker;2377.15;11.00;1479.87;0.00;0
81;fuel_silo;2366.66;11.00;1435.66;0.00;0
81;radar_station;2391.92;11.00;1450.11;0.00;0
81;nuclear_reactor_spawn;2383.02;11.00;1466.95;0.00;0
81;rocket_site_spawn;2370.07;11.00;1465.65;0.00;0
81;synthetic_refinery;2356.32;11.00;1445.84;0.00;0
81;supply_node;2398.36;11.00;1477.36;0.00;0
81;dockyard;2364.18;11.00;1453.81;0.00;0
81;coastal_bunker;2412.88;11.00;1462.80;0.00;0
82;arms_factory;2608.36;11.00;1864.04;0.00;0
82;industrial_complex;2636.22;11.00;1844.96;0.00;0
82;air_base;2610.58;11.00;1848.38;0.00;0
82;anti_air_building;2671.46;11.00;1856.61;0.00;0
82;bunker;2636.23;11.00;1857.62;0.00;0
82;fuel_silo;2645.26;11.00;1834.74;0.00;0
82;radar_station;2657.12;11.00;1830.31;0.00;0
82;nuclear_reactor_spawn;2610.79;11.00;1833.65;0.00;0
82;rocket_site_spawn;2649.64;11.00;1865.09;0.00;0
82;synthetic_refinery;2622.91;11.00;1847.40;0.00;0
82;supply_node;2635.04;11.00;1870.66;0.00;0
83;arms_factory;2414.45;11.00;1572.17;0.00;0
83;industrial_complex;2426.56;11.00;1561.35;0.00;0
83;air_base;2390.84;11.00;1591.56;0.00;0
83;anti_air_building;2440.37;11.00;1581.92;0.00;0
83;bunker;2405.35;11.00;1592.27;0.00;0
83;fuel_silo;2417.78;11.00;1587.00;0.00;0
83;radar_station;2426.79;11.00;1596.59;0.00;0
83;nuclear_reactor_spawn;2406.19;11.00;1559.00;0.00;0
83;rocket_site_spawn;2397.88;11.00;1568.45;0.00;0
83;synthetic_refinery;2428.10;11.00;1577.13;0.00;0
83;supply_node;2394.64;11.00;1604.13;0.00;0
84;arms_factory;2991.29;11.00;1177.73;0.00;0
84;industrial_complex;2969.75;11.00;1170.55;0.00;0
84;air_base;2998.60;11.00;1163.48;0.00;0
84;anti_air_building;2957.28;11.00;1178.97;0.00;0
84;bunker;2959.64;11.00;1193.55;0.00;0
84;fuel_silo;2982.48;11.00;1187.80;0.00;0
84;radar_station;2947.73;11.00;1189.32;0.00;0
84;nuclear_reactor_spawn;2978.35;11.00;1149.02;0.00;0
84;rocket_site_spawn;2946.13;11.00;1169.27;0.00;0
84;synthetic_refinery;2971.64;11.00;1135.90;0.00;0
84;supply_node;2983.59;11.00;1164.75;0.00;0
85;arms_factory;2883.32;11.00;1573.03;0.00;0
85;industrial_complex;2862.02;11.00;1552.39;0.00;0
85;air_base;2841.51;11.00;1586.38;0.00;0
85;anti_air_building;2874.13;11.00;1552.53;0.00;0
85;bunker;2886.34;11.00;1551.04;0.00;0
85;fuel_silo;2843.37;11.00;1571.61;0.00;0
85;radar_station;2869.99;11.00;1581.42;0.00;0
85;nuclear_reactor_spawn;2882.87;11.00;1561.47;0.00;0
85;rocket_site_spawn;2853.79;11.00;1594.32;0.00;0
85;synthetic_refinery;2863.76;11.00;1590.08;0.00;0
85;supply_node;2877.53;11.00;1589.51;0.00;0
85;dockyard;2830.28;11.00;1573.87;0.00;0
85;coastal_bunker;2871.99;11.00;1571.22;0.00;0
86;arms_factory;2511.67;11.00;1675.82;0.00;0
86;industrial_complex;2476.62;11.00;1697.09;0.00;0
86;air_base;2500.18;11.00;1665.05;0.00;0
86;anti_air_building;2491.56;11.00;1689.97;0.00;0
86;bunker;2499.98;11.00;1714.00;0.00;0
86;fuel_silo;2526.76;11.00;1680.50;0.00;0
86;radar_station;2500.86;11.00;1679.70;0.00;0
86;nuclear_reactor_spawn;2486.18;11.00;1715.89;0.00;0
86;rocket_site_spawn;2515.03;11.00;1687.72;0.00;0
86;synthetic_refinery;2527.33;11.00;1692.00;0.00;0
86;supply_node;2475.61;11.00;1712.35;0.00;0
87;arms_factory;2885.19;11.00;1821.98;0.00;0
87;industrial_complex;2924.31;11.00;1830.22;0.00;0
87;air_base;2910.34;11.00;1800.64;0.00;0
87;anti_air_building;2920.56;11.00;1814.44;0.00;0
87;bunker;2909.62;11.00;1821.73;0.00;0
87;fuel_silo;2898.19;11.00;1844.33;0.00;0
87;radar_station;2900.12;11.00;1807.24;0.00;0
87;nuclear_reactor_spawn;2888.41;11.00;1848.70;0.00;0
87;rocket_site_spawn;2884.57;11.00;1808.22;0.00;0
87;synthetic_refinery;2915.22;11.00;1843.16;0.00;0
87;supply_node;2907.63;11.00;1834.10;0.00;0
88;arms_factory;2767.72;11.00;1432.19;0.00;0
88;industrial_complex;2792.85;11.00;1433.32;0.00;0
88;air_base;2780.58;11.00;1469.07;0.00;0
88;anti_air_building;2786.21;11.00;1420.36;0.00;0
88;bunker;2774.63;11.00;1440.33;0.00;0
88;fuel_silo;2737.32;11.00;1435.96;0.00;0
88;radar_station;2767.22;11.00;1473.12;0.00;0
88;nuclear_reactor_spawn;2757.27;11.00;1426.26;0.00;0
88;rocket_site_spawn;2749.71;11.00;1474.15;0.00;0
88;synthetic_refinery;2783.05;11.00;1431.73;0.00;0
88;supply_node;2741.80;11.00;1447.61;0.00;0
88;dockyard;2752.11;11.00;1413.80;0.00;0
88;coastal_bunker;2742.81;11.00;1421.23;0.00;0
89;arms_factory;2849.79;11.00;1137.06;0.00;0
89;industrial_complex;2861.98;11.00;1132.65;0.00;0
89;air_base;2852.74;11.00;1122.99;0.00;0
89;anti_air_building;2824.98;11.00;1110.53;0.00;0
89;bunker;2884.08;11.00;1115.80;0.00;0
89;fuel_silo;2826.79;11.00;1124.49;0.00;0
89;radar_station;2892.60;11.00;1110.60;0.00;0
89;nuclear_reactor_spawn;2837.72;11.00;1107.24;0.00;0
89;rocket_site_spawn;2863.59;11.00;1159.21;0.00;0
89;synthetic_refinery;2839.65;11.00;1125.38;0.00;0
89;supply_node;2873.59;11.00;1149.04;0.00;0
90;arms_factory;2573.65;11.00;1220.77;0.00;0
90;industrial_complex;2618.46;11.00;1241.11;0.00;0
90;air_base;2622.35;11.00;1213.31;0.00;0
90;anti_air_building;2584.20;11.00;1267.15;0.00;0
90;bunker;2634.29;11.00;1224.28;0.00;0
90;fuel_silo;2584.57;11.00;1218.24;0.00;0
90;radar_station;2607.94;11.00;1257.83;0.00;0
90;nuclear_reactor_spawn;2590.51;11.00;1244.88;0.00;0
90;rocket_site_spawn;2564.73;11.00;1237.43;0.00;0
90;synthetic_refinery;2607.16;11.00;1195.61;0.00;0
90;supply_node;2584.23;11.00;1232.68;0.00;0
91;arms_factory;2907.05;11.00;1253.63;0.00;0
91;industrial_complex;2930.47;11.00;1222.62;0.00;0
91;air_base;2895.09;11.00;1248.99;0.00;0
91;anti_air_building;2906.26;11.00;1240.62;0.00;0
91;bunker;2919.69;11.00;1250.95;0.00;0
91;fuel_silo;2937.59;11.00;1233.64;0.00;0
91;radar_station;2920.61;11.00;1213.16;0.00;0
91;nuclear_reactor_spawn;2908.61;11.00;1224.14;0.00;0
91;rocket_site_spawn;2883.01;11.00;1234.23;0.00;0
91;synthetic_refinery;2901.94;11.00;1264.56;0.00;0
91;supply_node;2923.24;11.00;1267.66;0.00;0
92;arms_factory;2243.97;11.00;1748.43;0.00;0
92;industrial_complex;2250.54;11.00;1701.60;0.00;0
92;air_base;2230.80;11.00;1701.74;0.00;0
92;anti_air_building;2238.78;11.00;1692.32;0.00;0
92;bunker;2187.06;11.00;1700.64;0.00;0
92;fuel_silo;2209.02;11.00;1726.41;0.00;0
92;radar_station;2212.99;11.00;1748.59;0.00;0
92;nuclear_reactor_spawn;2236.38;11.00;1739.38;0.00;0
92;rocket_site_spawn;2199.27;11.00;1696.85;0.00;0
92;synthetic_refinery;2196.97;11.00;1710.47;0.00;0
92;supply_node;2199.67;11.00;1739.69;0.00;0
92;dockyard;2210.56;11.00;1712.92;0.00;0
92;coastal_bunker;2185.21;11.00;1739.28;0.00;0
93;arms_factory;2648.69;11.00;1671.94;0.00;0
93;industrial_complex;2661.65;11.00;1666.06;0.00;0
93;air_base;2652.90;11.00;1652.66;0.00;0
93;anti_air_building;2670.34;11.00;1634.85;0.00;0
93;bunker;2703.22;11.00;1641.61;0.00;0
93;fuel_silo;2671.14;11.00;1678.60;0.00;0
93;radar_station;2643.27;11.00;1659.71;0.00;0
93;nuclear_reactor_spawn;2662.46;11.00;1685.31;0.00;0
93;rocket_site_spawn;2650.43;11.00;1633.15;0.00;0
93;synthetic_refinery;2636.95;11.00;1650.22;0.00;0
93;supply_node;2677.76;11.00;1627.31;0.00;0
94;arms_factory;2784.18;11.00;907.23;0.00;0
94;industrial_complex;2795.93;11.00;912.37;0.00;0
94;air_base;2801.21;11.00;924.13;0.00;0
94;anti_air_building;2809.42;11.00;936.09;0.00;0
94;bunker;2814.32;11.00;925.44;0.00;0
94;fuel_silo;2790.32;11.00;918.71;0.00;0
94;radar_station;2775.49;11.00;933.73;0.00;0
94;nuclear_reactor_spawn;2782.79;11.00;924.97;0.00;0
94;rocket_site_spawn;2827.22;11.00;925.65;0.00;0
94;synthetic_refinery;2821.70;11.00;939.40;0.00;0
94;supply_node;2794.76;11.00;936.19;0.00;0
94;dockyard;2784.18;11.00;907.23;0.00;0
94;coastal_bunker;2795.93;11.00;912.37;0.00;0
95;arms_factory;3006.45;11.00;1322.97;0.00;0
95;industrial_complex;2994.70;11.00;1328.76;0.00;0
95;air_base;2967.79;11.00;1318.69;0.00;0
95;anti_air_building;2981.08;11.00;1322.36;0.00;0
95;bunker;2981.25;11.00;1337.76;0.00;0
95;fuel_silo;2967.72;11.00;1331.26;0.00;0
95;radar_station;2971.45;11.00;1342.69;0.00;0
95;nuclear_reactor_spawn;2987.53;11.00;1333.22;0.00;0
95;rocket_site_spawn;2994.24;11.00;1317.70;0.00;0
95;synthetic_refinery;2977.48;11.00;1332.45;0.00;0
95;supply_node;2956.41;11.00;1312.36;0.00;0
95;dockyard;2981.44;11.00;1309.38;0.00;0
95;coastal_bunker;2968.23;11.00;1302.76;0.00;0
96;arms_factory;3068.21;11.00;1294.10;0.00;0
96;industrial_complex;3076.78;11.00;1284.23;0.00;0
96;air_base;3055.09;11.00;1320.18;0.00;0
96;anti_air_building;3090.26;11.00;1307.04;0.00;0
96;bunker;3064.93;11.00;1316.70;0.00;0
96;fuel_silo;3070.14;11.00;1325.93;0.00;0
96;radar_station;3102.87;11.00;1304.50;0.00;0
96;nuclear_reactor_spawn;3080.68;11.00;1298.65;0.00;0
96;rocket_site_spawn;3052.99;11.00;1303.77;0.00;0
96;synthetic_refinery;3096.58;11.00;1293.42;0.00;0
96;supply_node;3066.78;11.00;1273.47;0.00;0
96;dockyard;3083.69;11.00;1268.32;0.00;0
96;coastal_bunker;3102.18;11.00;1317.04;0.00;0
97;arms_factory;2692.89;11.00;1368.90;0.00;0
97;industrial_complex;2741.71;11.00;1360.68;0.00;0
97;air_base;2704.97;11.00;1375.75;0.00;0
97;anti_air_building;2678.80;11.00;1362.46;0.00;0
97;bunker;2703.99;11.00;1360.03;0.00;0
97;fuel_silo;2740.68;11.00;1397.05;0.00;0
97;radar_station;2682.49;11.00;1377.31;0.00;0
97;nuclear_reactor_spawn;2717.02;11.00;1365.49;0.00;0
97;rocket_site_spawn;2728.83;11.00;1386.80;0.00;0
97;synthetic_refinery;2743.71;11.00;1381.39;0.00;0
97;supply_node;2718.63;11.00;1376.32;0.00;0
98;arms_factory;2333.91;11.00;1860.39;0.00;0
98;industrial_complex;2311.18;11.00;1829.74;0.00;0
98;air_base;2311.86;11.00;1844.11;0.00;0
98;anti_air_building;2323.51;11.00;1865.16;0.00;0
98;bunker;2323.10;11.00;1844.55;0.00;0
98;fuel_silo;2327.68;11.00;1833.67;0.00;0
98;radar_station;2335.42;11.00;1844.84;0.00;0
98;nuclear_reactor_spawn;2311.86;11.00;1858.59;0.00;0
98;rocket_site_spawn;2310.41;11.00;1817.45;0.00;0
98;synthetic_refinery;2301.32;11.00;1854.07;0.00;0
98;supply_node;2294.09;11.00;1842.57;0.00;0
98;dockyard;2290.08;11.00;1853.42;0.00;0
98;coastal_bunker;2302.29;11.00;1836.92;0.00;0
99;arms_factory;2821.71;11.00;1340.48;0.00;0
99;industrial_complex;2823.02;11.00;1291.48;0.00;0
99;air_base;2839.47;11.00;1317.25;0.00;0
99;anti_air_building;2844.10;11.00;1330.02;0.00;0
99;bunker;2840.05;11.00;1358.13;0.00;0
99;fuel_silo;2807.49;11.00;1352.42;0.00;0
99;radar_station;2840.87;11.00;1350.54;0.00;0
99;nuclear_reactor_spawn;2834.66;11.00;1292.68;0.00;0
99;rocket_site_spawn;2834.52;11.00;1340.34;0.00;0
99;synthetic_refinery;2827.96;11.00;1330.25;0.00;0
99;supply_node;2834.45;11.00;1363.84;0.00;0
99;dockyard;2799.78;11.00;1319.51;0.00;0
99;coastal_bunker;2845.48;11.00;1342.18;0.00;0
100;arms_factory;2836.14;11.00;982.56;0.00;0
100;industrial_complex;2826.94;11.00;992.96;0.00;0
100;air_base;2818.70;11.00;1009.62;0.00;0
100;anti_air_building;2811.03;11.00;1013.77;0.00;0
100;bunker;2814.36;11.00;1002.43;0.00;0
100;fuel_silo;2803.48;11.00;992.62;0.00;0
100;radar_station;2814.85;11.00;993.73;0.00;0
100;nuclear_reactor_spawn;2859.07;11.00;990.67;0.00;0
100;rocket_site_spawn;2812.78;11.00;984.15;0.00;0
100;synthetic_refinery;2836.31;11.00;1000.36;0.00;0
100;supply_node;2806.64;11.00;1006.01;0.00;0
101;arms_factory;3231.84;11.00;1391.49;0.00;0
101;industrial_complex;3208.78;11.00;1389.32;0.00;0
101;air_base;3234.53;11.00;1367.40;0.00;0
101;anti_air_building;3193.74;11.00;1372.62;0.00;0
101;bunker;3206.75;11.00;1366.94;0.00;0
101;fuel_silo;3196.05;11.00;1394.69;0.00;0
101;radar_station;3220.96;11.00;1376.23;0.00;0
101;nuclear_reactor_spawn;3217.74;11.00;1363.19;0.00;0
101;rocket_site_spawn;3191.11;11.00;1360.63;0.00;0
101;synthetic_refinery;3210.59;11.00;1402.78;0.00;0
101;supply_node;3186.98;11.00;1383.14;0.00;0
101;dockyard;3219.23;11.00;1391.07;0.00;0
101;coastal_bunker;3246.28;11.00;1376.96;0.00;0
102;arms_factory;2725.90;11.00;1093.42;0.00;0
102;industrial_complex;2749.05;11.00;1065.31;0.00;0
102;air_base;2739.07;11.00;1098.29;0.00;0
102;anti_air_building;2756.89;11.00;1090.75;0.00;0
102;bunker;2705.90;11.00;1069.58;0.00;0
102;fuel_silo;2715.99;11.00;1075.20;0.00;0
102;radar_station;2754.33;11.00;1113.67;0.00;0
102;nuclear_reactor_spawn;2695.77;11.00;1068.51;0.00;0
102;rocket_site_spawn;2740.16;11.00;1086.92;0.00;0
102;synthetic_refinery;2750.90;11.00;1101.72;0.00;0
102;supply_node;2730.27;11.00;1074.34;0.00;0
103;arms_factory;2539.17;11.00;1685.44;0.00;0
103;industrial_complex;2524.23;11.00;1668.01;0.00;0
103;air_base;2562.98;11.00;1648.94;0.00;0
103;anti_air_building;2550.10;11.00;1616.46;0.00;0
103;bunker;2571.83;11.00;1619.68;0.00;0
103;fuel_silo;2574.48;11.00;1646.92;0.00;0
103;radar_station;2556.32;11.00;1686.47;0.00;0
103;nuclear_reactor_spawn;2530.16;11.00;1652.64;0.00;0
103;rocket_site_spawn;2580.53;11.00;1634.18;0.00;0
103;synthetic_refinery;2563.92;11.00;1634.21;0.00;0
103;supply_node;2537.06;11.00;1670.78;0.00;0
104;arms_factory;2453.11;11.00;1859.59;0.00;0
104;industrial_complex;2450.30;11.00;1900.71;0.00;0
104;air_base;2474.56;11.00;1861.69;0.00;0
104;anti_air_building;2490.30;11.00;1890.43;0.00;0
104;bunker;2465.13;11.00;1913.25;0.00;0
104;fuel_silo;2486.30;11.00;1860.83;0.00;0
104;radar_station;2450.70;11.00;1872.49;0.00;0
104;nuclear_reactor_spawn;2489.65;11.00;1873.68;0.00;0
104;rocket_site_spawn;2444.42;11.00;1890.25;0.00;0
104;synthetic_refinery;2439.09;11.00;1881.41;0.00;0
104;supply_node;2474.85;11.00;1902.98;0.00;0
105;arms_factory;2693.75;11.00;1726.69;0.00;0
105;industrial_complex;2680.04;11.00;1701.61;0.00;0
105;air_base;2665.21;11.00;1700.72;0.00;0
105;anti_air_building;2694.96;11.00;1736.03;0.00;0
105;bunker;2712.51;11.00;1713.10;0.00;0
105;fuel_silo;2698.14;11.00;1689.31;0.00;0
105;radar_station;2681.12;11.00;1688.71;0.00;0
105;nuclear_reactor_spawn;2682.14;11.00;1726.04;0.00;0
105;rocket_site_spawn;2696.03;11.00;1676.29;0.00;0
105;synthetic_refinery;2714.35;11.00;1692.77;0.00;0
105;supply_node;2690.69;11.00;1704.05;0.00;0
106;arms_factory;3205.19;11.00;1458.03;0.00;0
106;industrial_complex;3214.39;11.00;1489.11;0.00;0
106;air_base;3213.37;11.00;1473.72;0.00;0
106;anti_air_building;3242.78;11.00;1462.57;0.00;0
106;bunker;3177.71;11.00;1500.82;0.00;0
106;fuel_silo;3187.42;11.00;1508.89;0.00;0
106;radar_station;3185.67;11.00;1449.84;0.00;0
106;nuclear_reactor_spawn;3230.65;11.00;1468.05;0.00;0
106;rocket_site_spawn;3250.11;11.00;1508.06;0.00;0
106;synthetic_refinery;3219.78;11.00;1460.00;0.00;0
106;supply_node;3207.30;11.00;1442.40;0.00;0
106;dockyard;3221.68;11.00;1447.44;0.00;0
106;coastal_bunker;3234.23;11.00;1510.38;0.00;0
107;arms_factory;2506.43;11.00;1355.11;0.00;0
107;industrial_complex;2523.91;11.00;1316.38;0.00;0
107;air_base;2537.26;11.00;1331.74;0.00;0
107;anti_air_building;2534.90;11.00;1355.15;0.00;0
107;bunker;2505.34;11.00;1332.10;0.00;0
107;fuel_silo;2538.74;11.00;1343.72;0.00;0
107;radar_station;2514.97;11.00;1351.71;0.00;0
107;nuclear_reactor_spawn;2519.05;11.00;1361.51;0.00;0
107;rocket_site_spawn;2528.10;11.00;1376.33;0.00;0
107;synthetic_refinery;2513.94;11.00;1316.57;0.00;0
107;supply_node;2525.76;11.00;1345.14;0.00;0
107;dockyard;2520.90;11.00;1373.59;0.00;0
107;coastal_bunker;2527.91;11.00;1366.07;0.00;0
108;arms_factory;3042.91;11.00;1194.66;0.00;0
108;industrial_complex;3042.05;11.00;1207.33;0.00;0
108;air_base;3018.81;11.00;1209.60;0.00;0
108;anti_air_building;3032.83;11.00;1186.18;0.00;0
108;bunker;3037.99;11.00;1162.52;0.00;0
108;fuel_silo;3004.51;11.00;1179.77;0.00;0
108;radar_station;3054.62;11.00;1201.64;0.00;0
108;nuclear_reactor_spawn;3026.41;11.00;1199.84;0.00;0
108;rocket_site_spawn;3005.66;11.00;1206.82;0.00;0
108;synthetic_refinery;3000.90;11.00;1194.09;0.00;0
108;supply_node;3051.28;11.00;1183.01;0.00;0
109;arms_factory;2752.67;11.00;1635.54;0.00;0
109;industrial_complex;2780.34;11.00;1643.06;0.00;0
109;air_base;2744.72;11.00;1644.42;0.00;0
109;anti_air_building;2796.64;11.00;1643.50;0.00;0
109;bunker;2778.54;11.00;1662.32;0.00;0
109;fuel_silo;2787.56;11.00;1630.11;0.00;0
109;radar_station;2797.36;11.00;1622.30;0.00;0
109;nuclear_reactor_spawn;2774.48;11.00;1626.61;0.00;0
109;rocket_site_spawn;2768.54;11.00;1654.84;0.00;0
109;synthetic_refinery;2754.62;11.00;1620.54;0.00;0
109;supply_node;2766.27;11.00;1616.59;0.00;0
110;arms_factory;2675.64;11.00;1296.82;0.00;0
110;industrial_complex;2634.66;11.00;1243.03;0.00;0
110;air_base;2654.46;11.00;1249.92;0.00;0
110;anti_air_building;2646.52;11.00;1244.39;0.00;0
110;bunker;2668.19;11.00;1285.04;0.00;0
110;fuel_silo;2650.71;11.00;1272.18;0.00;0
110;radar_station;2649.16;11.00;1231.87;0.00;0
110;nuclear_reactor_spawn;2649.65;11.00;1260.87;0.00;0
110;rocket_site_spawn;2661.50;11.00;1273.58;0.00;0
110;synthetic_refinery;2610.92;11.00;1281.75;0.00;0
110;supply_node;2633.76;11.00;1256.76;0.00;0
111;arms_factory;2998.53;11.00;1262.37;0.00;0
111;industrial_complex;3016.01;11.00;1252.98;0.00;0
111;air_base;3052.12;11.00;1266.99;0.00;0
111;anti_air_building;3004.94;11.00;1240.46;0.00;0
111;bunker;3017.69;11.00;1266.09;0.00;0
111;fuel_silo;3061.55;11.00;1250.71;0.00;0
111;radar_station;3048.57;11.00;1221.86;0.00;0
111;nuclear_reactor_spawn;3026.45;11.00;1221.50;0.00;0
111;rocket_site_spawn;3040.91;11.00;1266.95;0.00;0
111;synthetic_refinery;3031.69;11.00;1256.03;0.00;0
111;supply_node;3014.72;11.00;1223.58;0.00;0
112;arms_factory;2236.62;11.00;1220.78;0.00;0
112;industrial_complex;2183.79;11.00;1196.18;0.00;0
112;air_base;2229.97;11.00;1201.37;0.00;0
112;anti_air_building;2224.24;11.00;1238.32;0.00;0
112;bunker;2219.68;11.00;1214.37;0.00;0
112;fuel_silo;2199.10;11.00;1211.83;0.00;0
112;radar_station;2187.76;11.00;1214.69;0.00;0
112;nuclear_reactor_spawn;2187.97;11.00;1205.37;0.00;0
112;rocket_site_spawn;2209.56;11.00;1208.15;0.00;0
112;synthetic_refinery;2225.05;11.00;1225.37;0.00;0
112;supply_node;2215.18;11.00;1233.29;0.00;0
112;dockyard;2198.16;11.00;1197.46;0.00;0
112;coastal_bunker;2214.92;11.00;1193.54;0.00;0
113;arms_factory;3005.95;11.00;923.83;0.00;0
113;industrial_complex;3019.16;11.00;944.92;0.00;0
113;air_base;3016.21;11.00;957.29;0.00;0
113;anti_air_building;2973.82;11.00;952.48;0.00;0
113;bunker;3002.90;11.00;946.33;0.00;0
113;fuel_silo;2988.27;11.00;948.05;0.00;0
113;radar_station;3001.84;11.00;973.35;0.00;0
113;nuclear_reactor_spawn;2993.36;11.00;966.52;0.00;0
113;rocket_site_spawn;2988.92;11.00;957.05;0.00;0
113;synthetic_refinery;3006.08;11.00;960.95;0.00;0
113;supply_node;2980.07;11.00;923.90;0.00;0
113;dockyard;3009.57;11.00;935.17;0.00;0
113;coastal_bunker;2990.24;11.00;937.17;0.00;0
114;arms_factory;2907.93;11.00;1679.35;0.00;0
114;industrial_complex;2899.08;11.00;1664.73;0.00;0
114;air_base;2918.11;11.00;1666.72;0.00;0
114;anti_air_building;2933.01;11.00;1641.44;0.00;0
114;bunker;2921.73;11.00;1640.55;0.00;0
114;fuel_silo;2954.12;11.00;1685.48;0.00;0
114;radar_station;2920.87;11.00;1675.78;0.00;0
114;nuclear_reactor_spawn;2899.23;11.00;1688.51;0.00;0
114;rocket_site_spawn;2894.70;11.00;1675.99;0.00;0
114;synthetic_refinery;2920.87;11.00;1685.13;0.00;0
114;supply_node;2926.72;11.00;1692.27;0.00;0
115;arms_factory;2890.32;11.00;1065.83;0.00;0
115;industrial_complex;2932.52;11.00;1085.53;0.00;0
115;air_base;2899.35;11.00;1086.83;0.00;0
115;anti_air_building;2901.36;11.00;1108.06;0.00;0
115;bunker;2912.54;11.00;1052.37;0.00;0
115;fuel_silo;2921.38;11.00;1065.51;0.00;0
115;radar_station;2889.35;11.00;1094.47;0.00;0
115;nuclear_reactor_spawn;2885.05;11.00;1054.47;0.00;0
115;rocket_site_spawn;2916.77;11.00;1077.72;0.00;0
115;synthetic_refinery;2911.04;11.00;1088.99;0.00;0
115;supply_node;2905.33;11.00;1098.80;0.00;0
116;arms_factory;3005.58;11.00;1113.28;0.00;0
116;industrial_complex;3020.22;11.00;1108.99;0.00;0
116;air_base;2982.79;11.00;1136.34;0.00;0
116;anti_air_building;2995.31;11.00;1104.75;0.00;0
116;bunker;2970.96;11.00;1122.76;0.00;0
116;fuel_silo;2999.41;11.00;1122.23;0.00;0
116;radar_station;2978.51;11.00;1110.29;0.00;0
116;nuclear_reactor_spawn;3008.92;11.00;1101.53;0.00;0
116;rocket_site_spawn;3014.05;11.00;1089.16;0.00;0
116;synthetic_refinery;2985.60;11.00;1121.33;0.00;0
116;supply_node;2992.33;11.00;1133.15;0.00;0
117;arms_factory;2238.76;11.00;1095.65;0.00;0
117;industrial_complex;2205.55;11.00;1123.85;0.00;0
117;air_base;2240.01;11.00;1110.99;0.00;0
117;anti_air_building;2225.42;11.00;1139.40;0.00;0
117;bunker;2213.34;11.00;1103.64;0.00;0
117;fuel_silo;2225.93;11.00;1112.38;0.00;0
117;radar_station;2215.84;11.00;1116.24;0.00;0
117;nuclear_reactor_spawn;2196.83;11.00;1126.83;0.00;0
117;rocket_site_spawn;2213.15;11.00;1135.67;0.00;0
117;synthetic_refinery;2218.53;11.00;1127.35;0.00;0
117;supply_node;2244.65;11.00;1131.36;0.00;0
117;dockyard;2231.25;11.00;1126.33;0.00;0
117;coastal_bunker;2228.17;11.00;1099.91;0.00;0
118;arms_factory;2360.69;11.00;1285.12;0.00;0
118;industrial_complex;2363.84;11.00;1303.25;0.00;0
118;air_base;2373.62;11.00;1280.39;0.00;0
118;anti_air_building;2342.87;11.00;1258.84;0.00;0
118;bunker;2359.51;11.00;1272.93;0.00;0
118;fuel_silo;2356.30;11.00;1297.67;0.00;0
118;radar_station;2345.61;11.00;1297.73;0.00;0
118;nuclear_reactor_spawn;2344.13;11.00;1279.12;0.00;0
118;rocket_site_spawn;2371.08;11.00;1250.03;0.00;0
118;synthetic_refinery;2387.26;11.00;1265.05;0.00;0
118;supply_node;2378.97;11.00;1293.41;0.00;0
118;dockyard;2348.15;11.00;1289.19;0.00;0
118;coastal_bunker;2334.59;11.00;1291.12;0.00;0
119;arms_factory;2679.00;11.00;1539.13;0.00;0
119;industrial_complex;2693.41;11.00;1524.32;0.00;0
119;air_base;2682.34;11.00;1522.30;0.00;0
119;anti_air_building;2649.34;11.00;1524.16;0.00;0
119;bunker;2640.84;11.00;1513.13;0.00;0
119;fuel_silo;2665.52;11.00;1547.56;0.00;0
119;radar_station;2657.73;11.00;1515.00;0.00;0
119;nuclear_reactor_spawn;2671.28;11.00;1521.70;0.00;0
119;rocket_site_spawn;2671.65;11.00;1560.70;0.00;0
119;synthetic_refinery;2690.73;11.00;1546.20;0.00;0
119;supply_node;2680.59;11.00;1508.13;0.00;0
120;arms_factory;2858.22;11.00;1656.83;0.00;0
120;industrial_complex;2888.74;11.00;1613.69;0.00;0
120;air_base;2889.77;11.00;1642.79;0.00;0
120;anti_air_building;2902.67;11.00;1646.89;0.00;0
120;bunker;2885.35;11.00;1632.13;0.00;0
120;fuel_silo;2874.19;11.00;1654.31;0.00;0
120;radar_station;2873.63;11.00;1641.89;0.00;0
120;nuclear_reactor_spawn;2889.93;11.00;1653.89;0.00;0
120;rocket_site_spawn;2872.95;11.00;1664.53;0.00;0
120;synthetic_refinery;2879.01;11.00;1618.71;0.00;0
120;supply_node;2911.42;11.00;1641.23;0.00;0
121;arms_factory;2559.88;11.00;1278.66;0.00;0
121;industrial_complex;2515.15;11.00;1263.58;0.00;0
121;air_base;2532.14;11.00;1283.69;0.00;0
121;anti_air_building;2540.76;11.00;1253.35;0.00;0
121;bunker;2549.32;11.00;1264.23;0.00;0
121;fuel_silo;2536.57;11.00;1294.98;0.00;0
121;radar_station;2537.53;11.00;1267.73;0.00;0
121;nuclear_reactor_spawn;2530.80;11.00;1250.98;0.00;0
121;rocket_site_spawn;2514.12;11.00;1277.52;0.00;0
121;synthetic_refinery;2546.77;11.00;1281.73;0.00;0
121;supply_node;2517.85;11.00;1288.50;0.00;0
122;arms_factory;2911.08;11.00;969.31;0.00;0
122;industrial_complex;2879.48;11.00;987.66;0.00;0
122;air_base;2876.16;11.00;971.99;0.00;0
122;anti_air_building;2896.35;11.00;945.23;0.00;0
122;bunker;2889.88;11.00;978.85;0.00;0
122;fuel_silo;2884.34;11.00;961.57;0.00;0
122;radar_station;2918.88;11.00;981.49;0.00;0
122;nuclear_reactor_spawn;2919.33;11.00;950.94;0.00;0
122;rocket_site_spawn;2908.79;11.00;946.98;0.00;0
122;synthetic_refinery;2905.96;11.00;983.17;0.00;0
122;supply_node;2925.13;11.00;973.33;0.00;0
122;dockyard;2887.70;11.00;934.83;0.00;0
122;coastal_bunker;2900.96;11.00;957.26;0.00;0
123;arms_factory;2719.08;11.00;1845.89;0.00;0
123;industrial_complex;2747.19;11.00;1833.68;0.00;0
123;air_base;2706.50;11.00;1857.11;0.00;0
123;anti_air_building;2756.59;11.00;1845.99;0.00;0
123;bunker;2719.66;11.00;1871.83;0.00;0
123;fuel_silo;2695.61;11.00;1842.36;0.00;0
123;radar_station;2708.41;11.00;1869.96;0.00;0
123;nuclear_reactor_spawn;2733.02;11.00;1831.96;0.00;0
123;rocket_site_spawn;2721.02;11.00;1856.70;0.00;0
123;synthetic_refinery;2707.10;11.00;1845.83;0.00;0
123;supply_node;2728.66;11.00;1821.78;0.00;0
124;arms_factory;2692.77;11.00;1746.55;0.00;0
124;industrial_complex;2742.01;11.00;1739.71;0.00;0
124;air_base;2693.31;11.00;1759.82;0.00;0
124;anti_air_building;2724.78;11.00;1749.08;0.00;0
124;bunker;2729.46;11.00;1737.43;0.00;0
124;fuel_silo;2716.49;11.00;1783.31;0.00;0
124;radar_station;2714.86;11.00;1765.05;0.00;0
124;nuclear_reactor_spawn;2713.18;11.00;1734.42;0.00;0
124;rocket_site_spawn;2719.42;11.00;1774.64;0.00;0
124;synthetic_refinery;2737.93;11.00;1724.24;0.00;0
124;supply_node;2705.62;11.00;1745.42;0.00;0
125;arms_factory;3184.40;11.00;1291.52;0.00;0
125;industrial_complex;3196.93;11.00;1294.98;0.00;0
125;air_base;3178.08;11.00;1316.52;0.00;0
125;anti_air_building;3172.70;11.00;1305.65;0.00;0
125;bunker;3161.73;11.00;1316.24;0.00;0
125;fuel_silo;3173.25;11.00;1289.61;0.00;0
125;radar_station;3151.42;11.00;1294.27;0.00;0
125;nuclear_reactor_spawn;3184.05;11.00;1302.18;0.00;0
125;rocket_site_spawn;3186.17;11.00;1340.39;0.00;0
125;synthetic_refinery;3162.33;11.00;1293.36;0.00;0
125;supply_node;3175.23;11.00;1329.10;0.00;0
126;arms_factory;2956.79;11.00;1774.31;0.00;0
126;industrial_complex;2918.19;11.00;1784.46;0.00;0
126;air_base;2951.22;11.00;1815.73;0.00;0
126;anti_air_building;2934.39;11.00;1805.26;0.00;0
126;bunker;2972.00;11.00;1805.92;0.00;0
126;fuel_silo;2933.19;11.00;1780.05;0.00;0
126;radar_station;2943.67;11.00;1788.09;0.00;0
126;nuclear_reactor_spawn;2923.91;11.00;1797.56;0.00;0
126;rocket_site_spawn;2945.90;11.00;1797.30;0.00;0
126;synthetic_refinery;2945.51;11.00;1775.97;0.00;0
126;supply_node;2937.63;11.00;1820.09;0.00;0
127;arms_factory;3077.39;11.00;1169.80;0.00;0
127;industrial_complex;3051.11;11.00;1165.05;0.00;0
127;air_base;3050.71;11.00;1150.21;0.00;0
127;anti_air_building;3064.93;11.00;1149.66;0.00;0
127;bunker;3062.79;11.00;1139.07;0.00;0
127;fuel_silo;3103.45;11.00;1163.02;0.00;0
127;radar_station;3092.59;11.00;1173.30;0.00;0
127;nuclear_reactor_spawn;3066.32;11.00;1183.12;0.00;0
127;rocket_site_spawn;3088.24;11.00;1162.31;0.00;0
127;synthetic_refinery;3073.79;11.00;1145.46;0.00;0
127;supply_node;3063.32;11.00;1161.28;0.00;0
127;dockyard;3077.04;11.00;1136.54;0.00;0
127;coastal_bunker;3062.82;11.00;1173.05;0.00;0
128;arms_factory;3032.65;11.00;1747.78;0.00;0
128;industrial_complex;3027.89;11.00;1710.06;0.00;0
128;air_base;2986.14;11.00;1733.83;0.00;0
128;anti_air_building;3004.34;11.00;1734.11;0.00;0
128;bunker;3006.64;11.00;1748.52;0.00;0
128;fuel_silo;3043.27;11.00;1736.51;0.00;0
128;radar_station;3018.75;11.00;1724.07;0.00;0
128;nuclear_reactor_spawn;2995.49;11.00;1743.68;0.00;0
128;rocket_site_spawn;3017.62;11.00;1738.07;0.00;0
128;synthetic_refinery;3041.72;11.00;1714.40;0.00;0
128;supply_node;3034.11;11.00;1723.25;0.00;0
129;arms_factory;2202.62;11.00;1328.75;0.00;0
129;industrial_complex;2204.46;11.00;1352.30;0.00;0
129;air_base;2190.75;11.00;1330.27;0.00;0
129;anti_air_building;2192.82;11.00;1354.79;0.00;0
129;bunker;2160.63;11.00;1355.18;0.00;0
129;fuel_silo;2182.89;11.00;1364.90;0.00;0
129;radar_station;2160.54;11.00;1343.24;0.00;0
129;nuclear_reactor_spawn;2167.89;11.00;1364.60;0.00;0
129;rocket_site_spawn;2168.81;11.00;1332.98;0.00;0
129;synthetic_refinery;2183.59;11.00;1317.38;0.00;0
129;supply_node;2214.88;11.00;1315.52;0.00;0
129;dockyard;2200.39;11.00;1367.24;0.00;0
129;coastal_bunker;2190.39;11.00;1342.46;0.00;0
130;arms_factory;2680.33;11.00;1882.18;0.00;0
130;industrial_complex;2664.91;11.00;1870.73;0.00;0
130;air_base;2654.84;11.00;1885.44;0.00;0
130;anti_air_building;2680.64;11.00;1868.47;0.00;0
130;bunker;2690.11;11.00;1879.14;0.00;0
130;fuel_silo;2658.08;11.00;1898.47;0.00;0
130;radar_station;2689.93;11.00;1927.27;0.00;0
130;nuclear_reactor_spawn;2700.40;11.00;1881.99;0.00;0
130;rocket_site_spawn;2668.93;11.00;1890.06;0.00;0
130;synthetic_refinery;2693.25;11.00;1909.29;0.00;0
130;supply_node;2670.12;11.00;1902.78;0.00;0
131;arms_factory;3124.74;11.00;1349.96;0.00;0
131;industrial_complex;3136.42;11.00;1342.26;0.00;0
131;air_base;3121.50;11.00;1304.37;0.00;0
131;anti_air_building;3113.55;11.00;1312.91;0.00;0
131;bunker;3160.19;11.00;1327.49;0.00;0
131;fuel_silo;3151.33;11.00;1307.48;0.00;0
131;radar_station;3167.57;11.00;1340.63;0.00;0
131;nuclear_reactor_spawn;3161.63;11.00;1351.00;0.00;0
131;rocket_site_spawn;3132.78;11.00;1299.01;0.00;0
131;synthetic_refinery;3148.50;11.00;1357.52;0.00;0
131;supply_node;3145.95;11.00;1315.86;0.00;0
132;arms_factory;2575.05;11.00;1570.27;0.00;0
132;industrial_complex;2561.08;11.00;1596.12;0.00;0
132;air_base;2554.35;11.00;1556.89;0.00;0
132;anti_air_building;2520.48;11.00;1568.87;0.00;0
132;bunker;2569.41;11.00;1558.72;0.00;0
132;fuel_silo;2523.96;11.00;1593.38;0.00;0
132;radar_station;2559.49;11.00;1582.85;0.00;0
132;nuclear_reactor_spawn;2571.50;11.00;1579.86;0.00;0
132;rocket_site_spawn;2549.01;11.00;1590.73;0.00;0
132;synthetic_refinery;2537.02;11.00;1560.19;0.00;0
132;supply_node;2584.00;11.00;1560.27;0.00;0
133;arms_factory;3113.93;11.00;1385.16;0.00;0
133;industrial_complex;3087.46;11.00;1375.19;0.00;0
133;air_base;3089.60;11.00;1386.28;0.00;0
133;anti_air_building;3074.52;11.00;1358.53;0.00;0
133;bunker;3086.31;11.00;1343.89;0.00;0
133;fuel_silo;3062.24;11.00;1378.05;0.00;0
133;radar_station;3112.79;11.00;1342.89;0.00;0
133;nuclear_reactor_spawn;3080.33;11.00;1331.46;0.00;0
133;rocket_site_spawn;3102.19;11.00;1380.89;0.00;0
133;synthetic_refinery;3122.31;11.00;1366.99;0.00;0
133;supply_node;3110.23;11.00;1365.98;0.00;0
133;dockyard;3090.34;11.00;1363.37;0.00;0
133;coastal_bunker;3100.16;11.00;1354.04;0.00;0
134;arms_factory;2836.47;11.00;1140.89;0.00;0
134;industrial_complex;2836.19;11.00;1163.54;0.00;0
134;air_base;2802.30;11.00;1179.55;0.00;0
134;anti_air_building;2820.91;11.00;1137.32;0.00;0
134;bunker;2822.96;11.00;1167.75;0.00;0
134;fuel_silo;2827.27;11.00;1152.20;0.00;0
134;radar_station;2808.55;11.00;1124.20;0.00;0
134;nuclear_reactor_spawn;2799.43;11.00;1128.30;0.00;0
134;rocket_site_spawn;2827.57;11.00;1195.64;0.00;0
134;synthetic_refinery;2813.15;11.00;1148.06;0.00;0
134;supply_node;2797.47;11.00;1145.51;0.00;0
135;arms_factory;2234.37;11.00;1327.73;0.00;0
135;industrial_complex;2225.46;11.00;1356.01;0.00;0
135;air_base;2249.11;11.00;1341.68;0.00;0
135;anti_air_building;2218.55;11.00;1347.58;0.00;0
135;bunker;2259.26;11.00;1363.61;0.00;0
135;fuel_silo;2257.36;11.00;1346.23;0.00;0
135;radar_station;2223.18;11.00;1372.77;0.00;0
135;nuclear_reactor_spawn;2235.19;11.00;1360.89;0.00;0
135;rocket_site_spawn;2213.16;11.00;1362.49;0.00;0
135;synthetic_refinery;2239.39;11.00;1374.75;0.00;0
135;supply_node;2269.58;11.00;1342.15;0.00;0
135;dockyard;2247.14;11.00;1358.41;0.00;0
135;coastal_bunker;2235.73;11.00;1342.86;0.00;0
136;arms_factory;2261.21;11.00;1148.57;0.00;0
136;industrial_complex;2295.10;11.00;1160.07;0.00;0
136;air_base;2298.13;11.00;1134.14;0.00;0
136;anti_air_building;2282.75;11.00;1165.87;0.00;0
136;bunker;2297.69;11.00;1147.86;0.00;0
136;fuel_silo;2258.40;11.00;1130.25;0.00;0
136;radar_station;2271.89;11.00;1126.27;0.00;0
136;nuclear_reactor_spawn;2249.54;11.00;1142.10;0.00;0
136;rocket_site_spawn;2270.84;11.00;1159.76;0.00;0
136;synthetic_refinery;2272.09;11.00;1140.81;0.00;0
136;supply_node;2287.21;11.00;1141.66;0.00;0
137;arms_factory;2616.00;11.00;1446.82;0.00;0
137;industrial_complex;2588.54;11.00;1488.17;0.00;0
137;air_base;2576.35;11.00;1471.25;0.00;0
137;anti_air_building;2567.76;11.00;1483.62;0.00;0
137;bunker;2603.60;11.00;1468.45;0.00;0
137;fuel_silo;2611.62;11.00;1476.53;0.00;0
137;radar_station;2569.08;11.00;1452.81;0.00;0
137;nuclear_reactor_spawn;2572.70;11.00;1444.53;0.00;0
137;rocket_site_spawn;2604.75;11.00;1445.70;0.00;0
137;synthetic_refinery;2587.37;11.00;1448.65;0.00;0
137;supply_node;2595.75;11.00;1499.11;0.00;0
137;dockyard;2600.72;11.00;1457.44;0.00;0
137;coastal_bunker;2594.94;11.00;1478.17;0.00;0
138;arms_factory;3139.30;11.00;1736.73;0.00;0
138;industrial_complex;3169.11;11.00;1692.80;0.00;0
138;air_base;3155.13;11.00;1712.83;0.00;0
138;anti_air_building;3178.90;11.00;1703.46;0.00;0
138;bunker;3136.59;11.00;1751.91;0.00;0
138;fuel_silo;3187.82;11.00;1698.59;0.00;0
138;radar_station;3130.75;11.00;1711.19;0.00;0
138;nuclear_reactor_spawn;3142.97;11.00;1703.92;0.00;0
138;rocket_site_spawn;3146.65;11.00;1724.51;0.00;0
138;synthetic_refinery;3134.87;11.00;1722.00;0.00;0
138;supply_node;3168.27;11.00;1708.70;0.00;0
138;dockyard;3127.33;11.00;1745.25;0.00;0
138;coastal_bunker;3126.32;11.00;1735.32;0.00;0
139;arms_factory;2260.75;11.00;1114.95;0.00;0
139;industrial_complex;2298.83;11.00;1102.70;0.00;0
139;air_base;2299.08;11.00;1113.00;0.00;0
139;anti_air_building;2286.70;11.00;1099.43;0.00;0
139;bunker;2282.42;11.00;1105.40;0.00;0
139;fuel_silo;2284.12;11.00;1115.52;0.00;0
139;radar_station;2296.45;11.00;1094.56;0.00;0
139;nuclear_reactor_spawn;2286.34;11.00;1090.63;0.00;0
139;rocket_site_spawn;2295.55;11.00;1122.88;0.00;0
139;synthetic_refinery;2262.48;11.00;1097.50;0.00;0
139;supply_node;2274.52;11.00;1093.95;0.00;0
139;dockyard;2309.36;11.00;1102.98;0.00;0
139;coastal_bunker;2272.29;11.00;1109.42;0.00;0
140;arms_factory;2574.04;11.00;1841.46;0.00;0
140;industrial_complex;2560.00;11.00;1845.74;0.00;0
140;air_base;2589.08;11.00;1822.18;0.00;0
140;anti_air_building;2559.47;11.00;1823.86;0.00;0
140;bunker;2574.13;11.00;1852.02;0.00;0
140;fuel_silo;2575.37;11.00;1864.56;0.00;0
140;radar_station;2569.35;11.00;1830.97;0.00;0
140;nuclear_reactor_spawn;2575.66;11.00;1821.01;0.00;0
140;rocket_site_spawn;2586.23;11.00;1851.35;0.00;0
140;synthetic_refinery;2596.65;11.00;1863.31;0.00;0
140;supply_node;2560.06;11.00;1866.92;0.00;0
141;arms_factory;2793.12;11.00;1657.01;0.00;0
141;industrial_complex;2812.79;11.00;1696.99;0.00;0
141;air_base;2805.04;11.00;1705.41;0.00;0
141;anti_air_building;2834.71;11.00;1674.59;0.00;0
141;bunker;2823.01;11.00;1662.68;0.00;0
141;fuel_silo;2810.58;11.00;1651.72;0.00;0
141;radar_station;2795.91;11.00;1689.97;0.00;0
141;nuclear_reactor_spawn;2811.35;11.00;1686.91;0.00;0
141;rocket_site_spawn;2804.73;11.00;1665.50;0.00;0
141;synthetic_refinery;2823.80;11.00;1702.28;0.00;0
141;supply_node;2779.90;11.00;1689.92;0.00;0
142;arms_factory;2296.53;11.00;1484.78;0.00;0
142;industrial_complex;2283.70;11.00;1509.98;0.00;0
142;air_base;2312.67;11.00;1485.68;0.00;0
142;anti_air_building;2314.35;11.00;1509.50;0.00;0
142;bunker;2324.67;11.00;1534.82;0.00;0
142;fuel_silo;2321.61;11.00;1500.07;0.00;0
142;radar_station;2305.98;11.00;1495.75;0.00;0
142;nuclear_reactor_spawn;2327.67;11.00;1515.41;0.00;0
142;rocket_site_spawn;2324.87;11.00;1488.15;0.00;0
142;synthetic_refinery;2293.23;11.00;1500.73;0.00;0
142;supply_node;2310.29;11.00;1473.52;0.00;0
143;arms_factory;2417.15;11.00;1762.03;0.00;0
143;industrial_complex;2389.07;11.00;1776.18;0.00;0
143;air_base;2401.82;11.00;1772.68;0.00;0
143;anti_air_building;2404.48;11.00;1759.86;0.00;0
143;bunker;2430.06;11.00;1771.47;0.00;0
143;fuel_silo;2445.19;11.00;1773.19;0.00;0
143;radar_station;2414.92;11.00;1772.56;0.00;0
143;nuclear_reactor_spawn;2431.15;11.00;1754.61;0.00;0
143;rocket_site_spawn;2392.73;11.00;1762.43;0.00;0
143;synthetic_refinery;2417.29;11.00;1751.27;0.00;0
143;supply_node;2442.61;11.00;1759.85;0.00;0
144;arms_factory;3031.67;11.00;1320.21;0.00;0
144;industrial_complex;3004.02;11.00;1276.45;0.00;0
144;air_base;3019.29;11.00;1319.89;0.00;0
144;anti_air_building;3045.97;11.00;1280.43;0.00;0
144;bunker;3002.19;11.00;1303.66;0.00;0
144;fuel_silo;3015.34;11.00;1297.84;0.00;0
144;radar_station;2994.31;11.00;1289.08;0.00;0
144;nuclear_reactor_spawn;3011.02;11.00;1311.58;0.00;0
144;rocket_site_spawn;3025.79;11.00;1312.06;0.00;0
144;synthetic_refinery;3041.80;11.00;1295.53;0.00;0
144;supply_node;3030.47;11.00;1288.69;0.00;0
144;dockyard;3043.45;11.00;1318.87;0.00;0
144;coastal_bunker;3026.36;11.00;1301.96;0.00;0
145;arms_factory;2477.43;11.00;1519.34;0.00;0
145;industrial_complex;2483.56;11.00;1529.55;0.00;0
145;air_base;2487.76;11.00;1514.37;0.00;0
145;anti_air_building;2454.88;11.00;1511.62;0.00;0
145;bunker;2463.47;11.00;1506.58;0.00;0
145;fuel_silo;2466.19;11.00;1525.37;0.00;0
145;radar_station;2473.56;11.00;1509.30;0.00;0
145;nuclear_reactor_spawn;2464.28;11.00;1495.96;0.00;0
145;rocket_site_spawn;2489.71;11.00;1541.91;0.00;0
145;synthetic_refinery;2500.19;11.00;1526.95;0.00;0
145;supply_node;2474.02;11.00;1497.80;0.00;0
145;dockyard;2500.54;11.00;1542.59;0.00;0
145;coastal_bunker;2481.62;11.00;1503.67;0.00;0
146;arms_factory;2868.62;11.00;1227.22;0.00;0
146;industrial_complex;2826.93;11.00;1247.57;0.00;0
146;air_base;2834.06;11.00;1242.11;0.00;0
146;anti_air_building;2812.71;11.00;1266.96;0.00;0
146;bunker;2860.13;11.00;1260.10;0.00;0
146;fuel_silo;2834.32;11.00;1268.11;0.00;0
146;radar_station;2855.11;11.00;1223.64;0.00;0
146;nuclear_reactor_spawn;2850.86;11.00;1238.31;0.00;0
146;rocket_site_spawn;2815.94;11.00;1256.83;0.00;0
146;synthetic_refinery;2837.89;11.00;1208.02;0.00;0
146;supply_node;2825.76;11.00;1231.04;0.00;0
147;arms_factory;2717.30;11.00;1424.81;0.00;0
147;industrial_complex;2715.87;11.00;1455.65;0.00;0
147;air_base;2707.77;11.00;1461.05;0.00;0
147;anti_air_building;2678.78;11.00;1437.24;0.00;0
147;bunker;2720.04;11.00;1412.31;0.00;0
147;fuel_silo;2666.87;11.00;1437.29;0.00;0
147;radar_station;2717.09;11.00;1440.42;0.00;0
147;nuclear_reactor_spawn;2728.92;11.00;1428.88;0.00;0
147;rocket_site_spawn;2670.45;11.00;1416.57;0.00;0
147;synthetic_refinery;2664.92;11.00;1425.62;0.00;0
147;supply_node;2679.67;11.00;1426.57;0.00;0
148;arms_factory;3087.38;11.00;1754.93;0.00;0
148;industrial_complex;3090.64;11.00;1694.82;0.00;0
148;air_base;3068.41;11.00;1740.04;0.00;0
148;anti_air_building;3080.84;11.00;1700.74;0.00;0
148;bunker;3098.95;11.00;1728.86;0.00;0
148;fuel_silo;3090.47;11.00;1740.05;0.00;0
148;radar_station;3063.14;11.00;1715.42;0.00;0
148;nuclear_reactor_spawn;3115.28;11.00;1712.17;0.00;0
148;rocket_site_spawn;3081.83;11.00;1726.13;0.00;0
148;synthetic_refinery;3056.49;11.00;1737.95;0.00;0
148;supply_node;3072.15;11.00;1751.50;0.00;0
149;arms_factory;3053.02;11.00;1830.67;0.00;0
149;industrial_complex;3076.99;11.00;1828.39;0.00;0
149;air_base;3085.84;11.00;1852.25;0.00;0
149;anti_air_building;3056.37;11.00;1809.56;0.00;0
149;bunker;3107.43;11.00;1833.13;0.00;0
149;fuel_silo;3097.60;11.00;1830.74;0.00;0
149;radar_station;3101.54;11.00;1818.67;0.00;0
149;nuclear_reactor_spawn;3086.41;11.00;1835.42;0.00;0
149;rocket_site_spawn;3089.82;11.00;1808.54;0.00;0
149;synthetic_refinery;3111.36;11.00;1823.70;0.00;0
149;supply_node;3077.21;11.00;1813.77;0.00;0
149;dockyard;3066.33;11.00;1821.37;0.00;0
149;coastal_bunker;3053.19;11.00;1819.79;0.00;0
150;arms_factory;3090.40;11.00;921.09;0.00;0
150;industrial_complex;3102.43;11.00;933.05;0.00;0
150;air_base;3105.60;11.00;948.90;0.00;0
150;anti_air_building;3082.12;11.00;934.10;0.00;0
150;bunker;3080.17;11.00;912.47;0.00;0
150;fuel_silo;3111.22;11.00;923.88;0.00;0
150;radar_station;3114.94;11.00;945.83;0.00;0
150;nuclear_reactor_spawn;3099.76;11.00;914.67;0.00;0
150;rocket_site_spawn;3078.41;11.00;922.39;0.00;0
150;synthetic_refinery;3092.10;11.00;941.28;0.00;0
150;supply_node;3074.97;11.00;948.82;0.00;0
150;dockyard;3090.40;11.00;921.09;0.00;0
150;coastal_bunker;3102.43;11.00;933.05;0.00;0
151;arms_factory;2725.80;11.00;1530.98;0.00;0
151;industrial_complex;2703.11;11.00;1552.64;0.00;0
151;air_base;2715.42;11.00;1534.13;0.00;0
151;anti_air_building;2718.05;11.00;1583.47;0.00;0
151;bunker;2706.49;11.00;1567.68;0.00;0
151;fuel_silo;2695.46;11.00;1570.39;0.00;0
151;radar_station;2717.57;11.00;1545.97;0.00;0
151;nuclear_reactor_spawn;2727.87;11.00;1556.72;0.00;0
151;rocket_site_spawn;2720.25;11.00;1571.57;0.00;0
151;synthetic_refinery;2704.77;11.00;1580.77;0.00;0
151;supply_node;2733.07;11.00;1541.91;0.00;0
152;arms_factory;2874.05;11.00;1884.51;0.00;0
152;industrial_complex;2888.99;11.00;1890.38;0.00;0
152;air_base;2836.09;11.00;1875.45;0.00;0
152;anti_air_building;2867.36;11.00;1920.17;0.00;0
152;bunker;2856.97;11.00;1906.82;0.00;0
152;fuel_silo;2885.72;11.00;1878.92;0.00;0
152;radar_station;2874.17;11.00;1869.95;0.00;0
152;nuclear_reactor_spawn;2861.08;11.00;1893.26;0.00;0
152;rocket_site_spawn;2862.10;11.00;1881.52;0.00;0
152;synthetic_refinery;2859.25;11.00;1872.63;0.00;0
152;supply_node;2832.60;11.00;1891.51;0.00;0
153;arms_factory;2233.64;11.00;1595.39;0.00;0
153;industrial_complex;2240.02;11.00;1584.18;0.00;0
153;air_base;2249.02;11.00;1572.16;0.00;0
153;anti_air_building;2238.67;11.00;1616.45;0.00;0
153;bunker;2213.67;11.00;1578.75;0.00;0
153;fuel_silo;2214.61;11.00;1627.24;0.00;0
153;radar_station;2224.30;11.00;1602.98;0.00;0
153;nuclear_reactor_spawn;2184.57;11.00;1606.51;0.00;0
153;rocket_site_spawn;2235.62;11.00;1572.91;0.00;0
153;synthetic_refinery;2185.55;11.00;1616.27;0.00;0
153;supply_node;2227.88;11.00;1616.96;0.00;0
153;dockyard;2202.76;11.00;1597.77;0.00;0
153;coastal_bunker;2259.99;11.00;1604.44;0.00;0
154;arms_factory;3125.49;11.00;1180.90;0.00;0
154;industrial_complex;3135.78;11.00;1175.76;0.00;0
154;air_base;3127.23;11.00;1214.66;0.00;0
154;anti_air_building;3099.51;11.00;1186.90;0.00;0
154;bunker;3120.03;11.00;1199.43;0.00;0
154;fuel_silo;3148.14;11.00;1177.64;0.00;0
154;radar_station;3125.97;11.00;1168.49;0.00;0
154;nuclear_reactor_spawn;3142.36;11.00;1215.15;0.00;0
154;rocket_site_spawn;3117.30;11.00;1187.93;0.00;0
154;synthetic_refinery;3121.47;11.00;1227.19;0.00;0
154;supply_node;3105.16;11.00;1178.17;0.00;0
154;dockyard;3114.13;11.00;1171.59;0.00;0
154;coastal_bunker;3145.33;11.00;1190.04;0.00;0
155;arms_factory;3064.91;11.00;1641.93;0.00;0
155;industrial_complex;3042.14;11.00;1629.18;0.00;0
155;air_base;3087.86;11.00;1623.62;0.00;0
155;anti_air_building;3067.15;11.00;1654.78;0.00;0
155;bunker;3068.91;11.00;1625.52;0.00;0
155;fuel_silo;3077.03;11.00;1644.28;0.00;0
155;radar_station;3016.65;11.00;1626.55;0.00;0
155;nuclear_reactor_spawn;3044.17;11.00;1641.61;0.00;0
155;rocket_site_spawn;3032.43;11.00;1640.03;0.00;0
155;synthetic_refinery;3054.87;11.00;1621.16;0.00;0
155;supply_node;3042.68;11.00;1616.46;0.00;0
156;arms_factory;2923.18;11.00;1144.02;0.00;0
156;industrial_complex;2935.05;11.00;1102.32;0.00;0
156;air_base;2955.10;11.00;1124.84;0.00;0
156;anti_air_building;2894.33;11.00;1149.16;0.00;0
156;bunker;2926.21;11.00;1113.21;0.00;0
156;fuel_silo;2933.24;11.00;1123.32;0.00;0
156;radar_station;2932.15;11.00;1156.89;0.00;0
156;nuclear_reactor_spawn;2924.65;11.00;1171.60;0.00;0
156;rocket_site_spawn;2944.54;11.00;1151.91;0.00;0
156;synthetic_refinery;2944.64;11.00;1128.85;0.00;0
156;supply_node;2935.40;11.00;1138.33;0.00;0
157;arms_factory;3174.39;11.00;1246.39;0.00;0
157;industrial_complex;3162.60;11.00;1255.52;0.00;0
157;air_base;3147.72;11.00;1252.85;0.00;0
157;anti_air_building;3183.25;11.00;1269.93;0.00;0
157;bunker;3161.07;11.00;1268.23;0.00;0
157;fuel_silo;3173.44;11.00;1260.85;0.00;0
157;radar_station;3162.46;11.00;1281.85;0.00;0
157;nuclear_reactor_spawn;3149.38;11.00;1267.82;0.00;0
157;rocket_site_spawn;3149.59;11.00;1280.94;0.00;0
157;synthetic_refinery;3159.91;11.00;1242.08;0.00;0
157;supply_node;3172.26;11.00;1274.48;0.00;0
158;arms_factory;2643.63;11.00;1979.86;0.00;0
158;industrial_complex;2689.16;11.00;1964.05;0.00;0
158;air_base;2670.51;11.00;1952.97;0.00;0
158;anti_air_building;2660.14;11.00;1977.93;0.00;0
158;bunker;2683.29;11.00;1941.09;0.00;0
158;fuel_silo;2671.17;11.00;1990.75;0.00;0
158;radar_station;2678.58;11.00;1985.28;0.00;0
158;nuclear_reactor_spawn;2663.17;11.00;1941.26;0.00;0
158;rocket_site_spawn;2653.91;11.00;1967.89;0.00;0
158;synthetic_refinery;2718.52;11.00;1950.31;0.00;0
158;supply_node;2662.35;11.00;1986.39;0.00;0
158;dockyard;2697.67;11.00;1985.74;0.00;0
158;coastal_bunker;2708.34;11.00;1955.55;0.00;0
159;arms_factory;3054.71;11.00;1453.77;0.00;0
159;industrial_complex;3078.49;11.00;1450.43;0.00;0
159;air_base;3052.04;11.00;1475.46;0.00;0
159;anti_air_building;3040.11;11.00;1482.88;0.00;0
159;bunker;3047.52;11.00;1427.49;0.00;0
159;fuel_silo;3029.99;11.00;1464.08;0.00;0
159;radar_station;3064.19;11.00;1442.34;0.00;0
159;nuclear_reactor_spawn;3025.40;11.00;1454.12;0.00;0
159;rocket_site_spawn;3040.21;11.00;1460.39;0.00;0
159;synthetic_refinery;3018.46;11.00;1460.68;0.00;0
159;supply_node;3042.88;11.00;1469.42;0.00;0
159;dockyard;3044.67;11.00;1449.29;0.00;0
159;coastal_bunker;3032.42;11.00;1444.01;0.00;0
160;arms_factory;2533.62;11.00;1540.32;0.00;0
160;industrial_complex;2521.85;11.00;1555.11;0.00;0
160;air_base;2562.43;11.00;1530.04;0.00;0
160;anti_air_building;2573.15;11.00;1506.51;0.00;0
160;bunker;2549.12;11.00;1531.95;0.00;0
160;fuel_silo;2575.19;11.00;1548.10;0.00;0
160;radar_station;2573.79;11.00;1536.15;0.00;0
160;nuclear_reactor_spawn;2518.20;11.00;1540.84;0.00;0
160;rocket_site_spawn;2544.75;11.00;1546.33;0.00;0
160;synthetic_refinery;2533.07;11.00;1524.23;0.00;0
160;supply_node;2553.18;11.00;1498.01;0.00;0
160;dockyard;2571.98;11.00;1521.12;0.00;0
160;coastal_bunker;2510.05;11.00;1549.03;0.00;0
161;arms_factory;2942.85;11.00;942.52;0.00;0
161;industrial_complex;2967.18;11.00;929.35;0.00;0
161;air_base;2943.90;11.00;923.68;0.00;0
161;anti_air_building;2948.85;11.00;954.21;0.00;0
161;bunker;2954.88;11.00;931.27;0.00;0
161;fuel_silo;2918.93;11.00;938.62;0.00;0
161;radar_station;2931.17;11.00;924.13;0.00;0
161;nuclear_reactor_spawn;2962.03;11.00;943.88;0.00;0
161;rocket_site_spawn;2914.91;11.00;927.42;0.00;0
161;synthetic_refinery;2933.63;11.00;951.81;0.00;0
161;supply_node;2942.91;11.00;932.40;0.00;0
161;dockyard;2929.26;11.00;934.32;0.00;0
161;coastal_bunker;2942.85;11.00;942.52;0.00;0
162;arms_factory;2416.39;11.00;1889.14;0.00;0
162;industrial_complex;2453.50;11.00;1911.63;0.00;0
162;air_base;2444.53;11.00;1909.50;0.00;0
162;anti_air_building;2419.07;11.00;1923.90;0.00;0
162;bunker;2432.66;11.00;1941.64;0.00;0
162;fuel_silo;2431.36;11.00;1899.06;0.00;0
162;radar_station;2428.62;11.00;1888.54;0.00;0
162;nuclear_reactor_spawn;2425.21;11.00;1931.47;0.00;0
162;rocket_site_spawn;2420.69;11.00;1899.04;0.00;0
162;synthetic_refinery;2438.45;11.00;1903.68;0.00;0
162;supply_node;2405.88;11.00;1916.37;0.00;0
162;dockyard;2411.69;11.00;1919.23;0.00;0
162;coastal_bunker;2416.39;11.00;1889.14;0.00;0
163;arms_factory;2803.68;11.00;1230.23;0.00;0
163;industrial_complex;2803.84;11.00;1212.14;0.00;0
163;air_base;2792.19;11.00;1198.64;0.00;0
163;anti_air_building;2788.36;11.00;1213.29;0.00;0
163;bunker;2804.77;11.00;1189.33;0.00;0
163;fuel_silo;2766.68;11.00;1230.98;0.00;0
163;radar_station;2775.79;11.00;1216.96;0.00;0
163;nuclear_reactor_spawn;2813.42;11.00;1220.83;0.00;0
163;rocket_site_spawn;2793.75;11.00;1222.83;0.00;0
163;synthetic_refinery;2775.18;11.00;1224.89;0.00;0
163;supply_node;2789.46;11.00;1245.37;0.00;0
164;arms_factory;2693.56;11.00;1786.62;0.00;0
164;industrial_complex;2701.33;11.00;1806.98;0.00;0
164;air_base;2715.40;11.00;1794.99;0.00;0
164;anti_air_building;2662.97;11.00;1812.00;0.00;0
164;bunker;2681.50;11.00;1835.00;0.00;0
164;fuel_silo;2671.08;11.00;1797.81;0.00;0
164;radar_station;2704.80;11.00;1788.02;0.00;0
164;nuclear_reactor_spawn;2705.55;11.00;1818.99;0.00;0
164;rocket_site_spawn;2693.89;11.00;1799.08;0.00;0
164;synthetic_refinery;2683.58;11.00;1785.18;0.00;0
164;supply_node;2684.00;11.00;1772.77;0.00;0
165;arms_factory;3020.80;11.00;1803.40;0.00;0
165;industrial_complex;2994.54;11.00;1828.70;0.00;0
165;air_base;3042.50;11.00;1810.28;0.00;0
165;anti_air_building;3007.58;11.00;1799.10;0.00;0
165;bunker;3012.42;11.00;1844.05;0.00;0
165;fuel_silo;3041.34;11.00;1823.20;0.00;0
165;radar_station;2989.79;11.00;1814.57;0.00;0
165;nuclear_reactor_spawn;2997.90;11.00;1845.32;0.00;0
165;rocket_site_spawn;3006.41;11.00;1829.15;0.00;0
165;synthetic_refinery;2999.11;11.00;1810.26;0.00;0
165;supply_node;3018.18;11.00;1822.22;0.00;0
166;arms_factory;2491.73;11.00;1099.10;0.00;0
166;industrial_complex;2522.76;11.00;1150.41;0.00;0
166;air_base;2535.53;11.00;1125.54;0.00;0
166;anti_air_building;2515.52;11.00;1116.96;0.00;0
166;bunker;2548.44;11.00;1121.20;0.00;0
166;fuel_silo;2515.88;11.00;1075.99;0.00;0
166;radar_station;2531.87;11.00;1113.86;0.00;0
166;nuclear_reactor_spawn;2497.66;11.00;1112.83;0.00;0
166;rocket_site_spawn;2486.38;11.00;1116.75;0.00;0
166;synthetic_refinery;2508.84;11.00;1150.19;0.00;0
166;supply_node;2533.01;11.00;1146.70;0.00;0
167;arms_factory;2494.43;11.00;1817.33;0.00;0
167;industrial_complex;2509.45;11.00;1821.69;0.00;0
167;air_base;2466.44;11.00;1848.69;0.00;0
167;anti_air_building;2469.14;11.00;1818.64;0.00;0
167;bunker;2473.77;11.00;1831.22;0.00;0
167;fuel_silo;2490.09;11.00;1808.24;0.00;0
167;radar_station;2514.83;11.00;1834.07;0.00;0
167;nuclear_reactor_spawn;2495.26;11.00;1796.81;0.00;0
167;rocket_site_spawn;2502.55;11.00;1832.08;0.00;0
167;synthetic_refinery;2504.57;11.00;1808.09;0.00;0
167;supply_node;2478.91;11.00;1807.99;0.00;0
168;arms_factory;2931.69;11.00;1759.84;0.00;0
168;industrial_complex;2967.53;11.00;1740.04;0.00;0
168;air_base;2915.40;11.00;1709.48;0.00;0
168;anti_air_building;2929.85;11.00;1710.43;0.00;0
168;bunker;2922.38;11.00;1746.86;0.00;0
168;fuel_silo;2909.51;11.00;1748.64;0.00;0
168;radar_station;2929.36;11.00;1735.32;0.00;0
168;nuclear_reactor_spawn;2937.06;11.00;1745.34;0.00;0
168;rocket_site_spawn;2922.17;11.00;1768.75;0.00;0
168;synthetic_refinery;2944.80;11.00;1763.41;0.00;0
168;supply_node;2914.29;11.00;1728.52;0.00;0
169;arms_factory;2682.52;11.00;904.60;0.00;0
169;industrial_complex;2689.73;11.00;937.97;0.00;0
169;air_base;2681.87;11.00;918.22;0.00;0
169;anti_air_building;2680.13;11.00;930.30;0.00;0
169;bunker;2680.37;11.00;969.91;0.00;0
169;fuel_silo;2681.87;11.00;951.50;0.00;0
169;radar_station;2671.63;11.00;956.94;0.00;0
169;nuclear_reactor_spawn;2696.39;11.00;968.41;0.00;0
169;rocket_site_spawn;2718.60;11.00;957.22;0.00;0
169;synthetic_refinery;2668.33;11.00;941.15;0.00;0
169;supply_node;2720.30;11.00;945.99;0.00;0
169;dockyard;2704.46;11.00;943.20;0.00;0
169;coastal_bunker;2693.86;11.00;954.10;0.00;0
170;arms_factory;2915.39;11.00;1870.16;0.00;0
170;industrial_complex;2933.55;11.00;1869.29;0.00;0
170;air_base;2915.48;11.00;1898.76;0.00;0
170;anti_air_building;2942.87;11.00;1881.77;0.00;0
170;bunker;2929.12;11.00;1880.60;0.00;0
170;fuel_silo;2891.21;11.00;1869.93;0.00;0
170;radar_station;2925.85;11.00;1901.58;0.00;0
170;nuclear_reactor_spawn;2919.59;11.00;1884.35;0.00;0
170;rocket_site_spawn;2909.79;11.00;1885.73;0.00;0
170;synthetic_refinery;2902.66;11.00;1894.77;0.00;0
170;supply_node;2924.65;11.00;1860.38;0.00;0
171;arms_factory;3096.23;11.00;1059.36;0.00;0
171;industrial_complex;3098.25;11.00;1010.96;0.00;0
171;air_base;3097.94;11.00;1021.67;0.00;0
171;anti_air_building;3082.25;11.00;1056.12;0.00;0
171;bunker;3086.79;11.00;1014.31;0.00;0
171;fuel_silo;3087.56;11.00;1046.52;0.00;0
171;radar_station;3077.42;11.00;1028.40;0.00;0
171;nuclear_reactor_spawn;3064.54;11.00;1018.10;0.00;0
171;rocket_site_spawn;3075.31;11.00;1014.30;0.00;0
171;synthetic_refinery;3051.68;11.00;1031.05;0.00;0
171;supply_node;3109.47;11.00;1007.21;0.00;0
171;dockyard;3118.49;11.00;1033.53;0.00;0
171;coastal_bunker;3109.83;11.00;1029.55;0.00;0
172;arms_factory;3136.06;11.00;1079.45;0.00;0
172;industrial_complex;3125.41;11.00;1054.52;0.00;0
172;air_base;3129.18;11.00;1088.63;0.00;0
172;anti_air_building;3149.18;11.00;1083.09;0.00;0
172;bunker;3120.87;11.00;1078.41;0.00;0
172;fuel_silo;3110.73;11.00;1086.59;0.00;0
172;radar_station;3125.36;11.00;1097.83;0.00;0
172;nuclear_reactor_spawn;3113.36;11.00;1061.46;0.00;0
172;rocket_site_spawn;3153.69;11.00;1088.20;0.00;0
172;synthetic_refinery;3133.62;11.00;1107.36;0.00;0
172;supply_node;3102.83;11.00;1072.65;0.00;0
172;dockyard;3140.76;11.00;1088.85;0.00;0
172;coastal_bunker;3128.07;11.00;1067.79;0.00;0
173;arms_factory;2982.51;11.00;1005.45;0.00;0
173;industrial_complex;2990.82;11.00;986.09;0.00;0
173;air_base;2998.81;11.00;997.48;0.00;0
173;anti_air_building;3019.18;11.00;1008.77;0.00;0
173;bunker;3005.77;11.00;1030.52;0.00;0
173;fuel_silo;2990.50;11.00;999.99;0.00;0
173;radar_station;3004.99;11.00;1019.40;0.00;0
173;nuclear_reactor_spawn;3010.05;11.00;997.05;0.00;0
173;rocket_site_spawn;2980.72;11.00;1015.58;0.00;0
173;synthetic_refinery;3011.53;11.00;1012.43;0.00;0
173;supply_node;2999.32;11.00;1008.97;0.00;0
174;arms_factory;3116.51;11.00;1662.80;0.00;0
174;industrial_complex;3111.46;11.00;1700.59;0.00;0
174;air_base;3118.33;11.00;1676.64;0.00;0
174;anti_air_building;3140.00;11.00;1645.36;0.00;0
174;bunker;3140.51;11.00;1679.11;0.00;0
174;fuel_silo;3132.46;11.00;1688.47;0.00;0
174;radar_station;3087.55;11.00;1678.54;0.00;0
174;nuclear_reactor_spawn;3102.85;11.00;1670.61;0.00;0
174;rocket_site_spawn;3113.65;11.00;1643.34;0.00;0
174;synthetic_refinery;3165.30;11.00;1671.97;0.00;0
174;supply_node;3125.51;11.00;1651.87;0.00;0
175;arms_factory;3267.98;11.00;1392.59;0.00;0
175;industrial_complex;3224.97;11.00;1414.79;0.00;0
175;air_base;3256.22;11.00;1378.58;0.00;0
175;anti_air_building;3258.63;11.00;1401.68;0.00;0
175;bunker;3266.35;11.00;1412.35;0.00;0
175;fuel_silo;3260.26;11.00;1456.02;0.00;0
175;radar_station;3255.62;11.00;1466.38;0.00;0
175;nuclear_reactor_spawn;3265.09;11.00;1445.96;0.00;0
175;rocket_site_spawn;3242.30;11.00;1432.14;0.00;0
175;synthetic_refinery;3268.62;11.00;1424.03;0.00;0
175;supply_node;3215.19;11.00;1427.02;0.00;0
175;dockyard;3250.41;11.00;1389.37;0.00;0
175;coastal_bunker;3241.87;11.00;1407.71;0.00;0
176;arms_factory;2329.88;11.00;1220.86;0.00;0
176;industrial_complex;2377.87;11.00;1197.55;0.00;0
176;air_base;2360.86;11.00;1223.87;0.00;0
176;anti_air_building;2344.79;11.00;1207.53;0.00;0
176;bunker;2386.83;11.00;1207.36;0.00;0
176;fuel_silo;2344.28;11.00;1198.07;0.00;0
176;radar_station;2340.89;11.00;1231.31;0.00;0
176;nuclear_reactor_spawn;2347.42;11.00;1244.89;0.00;0
176;rocket_site_spawn;2366.41;11.00;1201.14;0.00;0
176;synthetic_refinery;2359.97;11.00;1181.08;0.00;0
176;supply_node;2348.52;11.00;1188.39;0.00;0
177;arms_factory;2343.10;11.00;1616.39;0.00;0
177;industrial_complex;2380.67;11.00;1606.48;0.00;0
177;air_base;2348.36;11.00;1604.42;0.00;0
177;anti_air_building;2356.95;11.00;1653.84;0.00;0
177;bunker;2369.60;11.00;1604.25;0.00;0
177;fuel_silo;2350.15;11.00;1589.16;0.00;0
177;radar_station;2356.79;11.00;1616.57;0.00;0
177;nuclear_reactor_spawn;2395.38;11.00;1621.53;0.00;0
177;rocket_site_spawn;2387.09;11.00;1615.34;0.00;0
177;synthetic_refinery;2330.68;11.00;1635.44;0.00;0
177;supply_node;2365.42;11.00;1589.79;0.00;0
178;arms_factory;2573.63;11.00;1286.88;0.00;0
178;industrial_complex;2572.83;11.00;1272.28;0.00;0
178;air_base;2584.21;11.00;1318.31;0.00;0
178;anti_air_building;2598.64;11.00;1339.29;0.00;0
178;bunker;2561.93;11.00;1325.49;0.00;0
178;fuel_silo;2607.88;11.00;1297.76;0.00;0
178;radar_station;2584.11;11.00;1334.02;0.00;0
178;nuclear_reactor_spawn;2551.00;11.00;1318.09;0.00;0
178;rocket_site_spawn;2591.22;11.00;1292.47;0.00;0
178;synthetic_refinery;2592.89;11.00;1306.23;0.00;0
178;supply_node;2573.42;11.00;1326.47;0.00;0
179;arms_factory;2317.65;11.00;1383.39;0.00;0
179;industrial_complex;2289.98;11.00;1354.70;0.00;0
179;air_base;2285.76;11.00;1385.02;0.00;0
179;anti_air_building;2296.17;11.00;1389.73;0.00;0
179;bunker;2287.10;11.00;1420.02;0.00;0
179;fuel_silo;2285.48;11.00;1370.35;0.00;0
179;radar_station;2288.52;11.00;1403.23;0.00;0
179;nuclear_reactor_spawn;2309.33;11.00;1390.75;0.00;0
179;rocket_site_spawn;2307.59;11.00;1369.27;0.00;0
179;synthetic_refinery;2274.65;11.00;1376.22;0.00;0
179;supply_node;2302.13;11.00;1378.38;0.00;0
179;dockyard;2271.79;11.00;1364.53;0.00;0
179;coastal_bunker;2263.79;11.00;1377.49;0.00;0
180;arms_factory;2493.54;11.00;1764.61;0.00;0
180;industrial_complex;2501.91;11.00;1728.29;0.00;0
180;air_base;2498.02;11.00;1739.27;0.00;0
180;anti_air_building;2475.64;11.00;1779.61;0.00;0
180;bunker;2484.81;11.00;1735.02;0.00;0
180;fuel_silo;2487.80;11.00;1726.22;0.00;0
180;radar_station;2465.31;11.00;1746.68;0.00;0
180;nuclear_reactor_spawn;2511.86;11.00;1758.48;0.00;0
180;rocket_site_spawn;2470.53;11.00;1762.24;0.00;0
180;synthetic_refinery;2480.48;11.00;1752.91;0.00;0
180;supply_node;2451.39;11.00;1750.49;0.00;0
181;arms_factory;3067.89;11.00;914.63;0.00;0
181;industrial_complex;3041.12;11.00;944.35;0.00;0
181;air_base;3064.07;11.00;956.86;0.00;0
181;anti_air_building;3049.14;11.00;954.43;0.00;0
181;bunker;3057.32;11.00;945.06;0.00;0
181;fuel_silo;3044.17;11.00;927.35;0.00;0
181;radar_station;3055.52;11.00;933.07;0.00;0
181;nuclear_reactor_spawn;3027.41;11.00;935.01;0.00;0
181;rocket_site_spawn;3030.99;11.00;922.05;0.00;0
181;synthetic_refinery;3050.13;11.00;920.14;0.00;0
181;supply_node;3065.94;11.00;924.18;0.00;0
181;dockyard;3039.87;11.00;934.42;0.00;0
181;coastal_bunker;3031.42;11.00;953.13;0.00;0
182;arms_factory;2521.56;11.00;1616.05;0.00;0
182;industrial_complex;2475.95;11.00;1603.87;0.00;0
182;air_base;2520.27;11.00;1626.22;0.00;0
182;anti_air_building;2485.96;11.00;1651.07;0.00;0
182;bunker;2507.63;11.00;1593.79;0.00;0
182;fuel_silo;2527.00;11.00;1607.21;0.00;0
182;radar_station;2507.57;11.00;1616.21;0.00;0
182;nuclear_reactor_spawn;2493.14;11.00;1617.03;0.00;0
182;rocket_site_spawn;2513.45;11.00;1604.21;0.00;0
182;synthetic_refinery;2480.21;11.00;1615.97;0.00;0
182;supply_node;2499.78;11.00;1605.76;0.00;0
183;arms_factory;2820.51;11.00;1583.88;0.00;0
183;industrial_complex;2779.38;11.00;1570.85;0.00;0
183;air_base;2795.99;11.00;1609.70;0.00;0
183;anti_air_building;2759.42;11.00;1578.31;0.00;0
183;bunker;2759.18;11.00;1593.63;0.00;0
183;fuel_silo;2792.88;11.00;1597.08;0.00;0
183;radar_station;2771.82;11.00;1548.18;0.00;0
183;nuclear_reactor_spawn;2810.68;11.00;1592.42;0.00;0
183;rocket_site_spawn;2779.45;11.00;1606.64;0.00;0
183;synthetic_refinery;2772.64;11.00;1582.63;0.00;0
183;supply_node;2788.57;11.00;1582.58;0.00;0
183;dockyard;2813.05;11.00;1571.02;0.00;0
183;coastal_bunker;2766.52;11.00;1604.20;0.00;0
184;arms_factory;2538.00;11.00;1808.62;0.00;0
184;industrial_complex;2523.01;11.00;1793.98;0.00;0
184;air_base;2539.44;11.00;1837.58;0.00;0
184;anti_air_building;2522.87;11.00;1822.09;0.00;0
184;bunker;2548.48;11.00;1801.25;0.00;0
184;fuel_silo;2548.26;11.00;1771.84;0.00;0
184;radar_station;2508.15;11.00;1787.15;0.00;0
184;nuclear_reactor_spawn;2517.49;11.00;1812.42;0.00;0
184;rocket_site_spawn;2570.33;11.00;1799.62;0.00;0
184;synthetic_refinery;2522.83;11.00;1783.30;0.00;0
184;supply_node;2513.40;11.00;1799.85;0.00;0
185;arms_factory;2588.38;11.00;1787.97;0.00;0
185;industrial_complex;2639.81;11.00;1805.67;0.00;0
185;air_base;2615.67;11.00;1775.88;0.00;0
185;anti_air_building;2612.19;11.00;1819.58;0.00;0
185;bunker;2627.50;11.00;1775.48;0.00;0
185;fuel_silo;2609.42;11.00;1764.05;0.00;0
185;radar_station;2595.44;11.00;1781.11;0.00;0
185;nuclear_reactor_spawn;2630.95;11.00;1791.54;0.00;0
185;rocket_site_spawn;2643.93;11.00;1792.10;0.00;0
185;synthetic_refinery;2589.75;11.00;1810.57;0.00;0
185;supply_node;2591.79;11.00;1765.88;0.00;0
186;arms_factory;3029.75;11.00;1678.72;0.00;0
186;industrial_complex;3049.17;11.00;1707.41;0.00;0
186;air_base;3028.52;11.00;1653.40;0.00;0
186;anti_air_building;3035.12;11.00;1666.53;0.00;0
186;bunker;3035.61;11.00;1699.95;0.00;0
186;fuel_silo;3017.53;11.00;1673.20;0.00;0
186;radar_station;3076.55;11.00;1685.01;0.00;0
186;nuclear_reactor_spawn;3052.84;11.00;1696.88;0.00;0
186;rocket_site_spawn;3026.57;11.00;1690.43;0.00;0
186;synthetic_refinery;3072.30;11.00;1667.85;0.00;0
186;supply_node;3062.40;11.00;1675.94;0.00;0
187;arms_factory;2959.24;11.00;990.44;0.00;0
187;industrial_complex;2984.27;11.00;978.80;0.00;0
187;air_base;2931.55;11.00;986.91;0.00;0
187;anti_air_building;2971.80;11.00;964.97;0.00;0
187;bunker;2979.27;11.00;993.10;0.00;0
187;fuel_silo;2960.66;11.00;969.64;0.00;0
187;radar_station;2955.77;11.00;978.10;0.00;0
187;nuclear_reactor_spawn;2944.05;11.00;981.05;0.00;0
187;rocket_site_spawn;2981.12;11.00;968.53;0.00;0
187;synthetic_refinery;2946.36;11.00;993.95;0.00;0
187;supply_node;2948.76;11.00;1003.97;0.00;0
188;arms_factory;2909.73;11.00;1170.97;0.00;0
188;industrial_complex;2882.02;11.00;1174.13;0.00;0
188;air_base;2883.06;11.00;1222.40;0.00;0
188;anti_air_building;2924.39;11.00;1183.46;0.00;0
188;bunker;2875.73;11.00;1164.81;0.00;0
188;fuel_silo;2896.08;11.00;1196.71;0.00;0
188;radar_station;2923.80;11.00;1196.87;0.00;0
188;nuclear_reactor_spawn;2894.24;11.00;1166.37;0.00;0
188;rocket_site_spawn;2898.00;11.00;1214.14;0.00;0
188;synthetic_refinery;2910.09;11.00;1193.79;0.00;0
188;supply_node;2862.94;11.00;1185.53;0.00;0
189;arms_factory;2296.65;11.00;1824.61;0.00;0
189;industrial_complex;2276.45;11.00;1850.31;0.00;0
189;air_base;2283.99;11.00;1800.29;0.00;0
189;anti_air_building;2299.92;11.00;1808.99;0.00;0
189;bunker;2251.99;11.00;1819.23;0.00;0
189;fuel_silo;2287.99;11.00;1815.10;0.00;0
189;radar_station;2288.12;11.00;1786.64;0.00;0
189;nuclear_reactor_spawn;2297.26;11.00;1794.82;0.00;0
189;rocket_site_spawn;2313.84;11.00;1803.94;0.00;0
189;synthetic_refinery;2262.97;11.00;1811.68;0.00;0
189;supply_node;2265.08;11.00;1840.90;0.00;0
189;dockyard;2261.40;11.00;1830.85;0.00;0
189;coastal_bunker;2256.01;11.00;1837.96;0.00;0
190;arms_factory;2718.95;11.00;995.26;0.00;0
190;industrial_complex;2718.82;11.00;980.65;0.00;0
190;air_base;2714.25;11.00;1006.98;0.00;0
190;anti_air_building;2757.20;11.00;989.64;0.00;0
190;bunker;2743.96;11.00;968.87;0.00;0
190;fuel_silo;2729.80;11.00;969.37;0.00;0
190;radar_station;2751.35;11.00;979.88;0.00;0
190;nuclear_reactor_spawn;2699.23;11.00;1003.99;0.00;0
190;rocket_site_spawn;2715.21;11.00;969.01;0.00;0
190;synthetic_refinery;2733.84;11.00;956.23;0.00;0
190;supply_node;2705.21;11.00;978.95;0.00;0
191;arms_factory;2667.21;11.00;1068.44;0.00;0
191;industrial_complex;2690.41;11.00;1102.43;0.00;0
191;air_base;2695.69;11.00;1093.65;0.00;0
191;anti_air_building;2656.62;11.00;1077.66;0.00;0
191;bunker;2682.92;11.00;1137.04;0.00;0
191;fuel_silo;2646.86;11.00;1086.73;0.00;0
191;radar_station;2683.40;11.00;1066.76;0.00;0
191;nuclear_reactor_spawn;2686.91;11.00;1080.96;0.00;0
191;rocket_site_spawn;2676.68;11.00;1102.20;0.00;0
191;synthetic_refinery;2653.78;11.00;1112.96;0.00;0
191;supply_node;2681.10;11.00;1091.69;0.00;0
192;arms_factory;3220.75;11.00;1308.88;0.00;0
192;industrial_complex;3221.23;11.00;1268.45;0.00;0
192;air_base;3198.70;11.00;1281.13;0.00;0
192;anti_air_building;3231.42;11.00;1284.51;0.00;0
192;bunker;3226.08;11.00;1277.62;0.00;0
192;fuel_silo;3219.09;11.00;1282.26;0.00;0
192;radar_station;3220.72;11.00;1292.69;0.00;0
192;nuclear_reactor_spawn;3231.92;11.00;1293.93;0.00;0
192;rocket_site_spawn;3227.62;11.00;1301.21;0.00;0
192;synthetic_refinery;3208.87;11.00;1290.64;0.00;0
192;supply_node;3209.49;11.00;1276.93;0.00;0
192;dockyard;3238.39;11.00;1287.53;0.00;0
192;coastal_bunker;3237.70;11.00;1305.54;0.00;0
193;arms_factory;2873.12;11.00;1704.01;0.00;0
193;industrial_complex;2886.02;11.00;1692.56;0.00;0
193;air_base;2871.16;11.00;1717.02;0.00;0
193;anti_air_building;2864.87;11.00;1731.10;0.00;0
193;bunker;2862.24;11.00;1681.74;0.00;0
193;fuel_silo;2884.63;11.00;1680.54;0.00;0
193;radar_station;2838.79;11.00;1688.74;0.00;0
193;nuclear_reactor_spawn;2872.20;11.00;1688.63;0.00;0
193;rocket_site_spawn;2842.77;11.00;1700.42;0.00;0
193;synthetic_refinery;2859.12;11.00;1699.58;0.00;0
193;supply_node;2833.59;11.00;1711.07;0.00;0
194;arms_factory;2756.95;11.00;1498.01;0.00;0
194;industrial_complex;2775.29;11.00;1537.24;0.00;0
194;air_base;2776.50;11.00;1480.70;0.00;0
194;anti_air_building;2747.93;11.00;1532.76;0.00;0
194;bunker;2743.34;11.00;1499.48;0.00;0
194;fuel_silo;2759.09;11.00;1477.24;0.00;0
194;radar_station;2762.81;11.00;1535.24;0.00;0
194;nuclear_reactor_spawn;2753.68;11.00;1509.71;0.00;0
194;rocket_site_spawn;2765.56;11.00;1522.39;0.00;0
194;synthetic_refinery;2770.15;11.00;1505.56;0.00;0
194;supply_node;2743.59;11.00;1520.21;0.00;0
194;dockyard;2753.52;11.00;1544.29;0.00;0
194;coastal_bunker;2767.94;11.00;1489.70;0.00;0
195;arms_factory;2986.13;11.00;1847.01;0.00;0
195;industrial_complex;2971.19;11.00;1841.54;0.00;0
195;air_base;2945.51;11.00;1869.11;0.00;0
195;anti_air_building;2984.38;11.00;1835.43;0.00;0
195;bunker;2959.07;11.00;1848.03;0.00;0
195;fuel_silo;2953.82;11.00;1827.60;0.00;0
195;radar_station;2957.36;11.00;1871.03;0.00;0
195;nuclear_reactor_spawn;2940.01;11.00;1836.56;0.00;0
195;rocket_site_spawn;2980.33;11.00;1854.88;0.00;0
195;synthetic_refinery;2959.74;11.00;1860.41;0.00;0
195;supply_node;2970.50;11.00;1828.18;0.00;0
196;arms_factory;2166.26;11.00;1389.52;0.00;0
196;industrial_complex;2178.36;11.00;1382.10;0.00;0
196;air_base;2160.53;11.00;1404.89;0.00;0
196;anti_air_building;2197.48;11.00;1391.51;0.00;0
196;bunker;2168.71;11.00;1376.87;0.00;0
196;fuel_silo;2191.24;11.00;1375.79;0.00;0
196;radar_station;2170.94;11.00;1399.28;0.00;0
196;nuclear_reactor_spawn;2164.96;11.00;1414.06;0.00;0
196;rocket_site_spawn;2179.81;11.00;1424.04;0.00;0
196;synthetic_refinery;2189.17;11.00;1387.32;0.00;0
196;supply_node;2174.48;11.00;1413.68;0.00;0
196;dockyard;2208.22;11.00;1378.00;0.00;0
196;coastal_bunker;2187.62;11.00;1411.51;0.00;0
197;arms_factory;2791.85;11.00;1825.94;0.00;0
197;industrial_complex;2825.81;11.00;1803.34;0.00;0
197;air_base;2818.84;11.00;1813.89;0.00;0
197;anti_air_building;2825.91;11.00;1831.64;0.00;0
197;bunker;2811.03;11.00;1830.19;0.00;0
197;fuel_silo;2807.80;11.00;1814.92;0.00;0
197;radar_station;2801.88;11.00;1786.84;0.00;0
197;nuclear_reactor_spawn;2792.27;11.00;1795.54;0.00;0
197;rocket_site_spawn;2821.32;11.00;1823.50;0.00;0
197;synthetic_refinery;2807.07;11.00;1799.43;0.00;0
197;supply_node;2779.94;11.00;1820.56;0.00;0
198;arms_factory;2541.49;11.00;1365.44;0.00;0
198;industrial_complex;2567.38;11.00;1339.39;0.00;0
198;air_base;2552.06;11.00;1330.47;0.00;0
198;anti_air_building;2598.80;11.00;1369.43;0.00;0
198;bunker;2554.44;11.00;1365.01;0.00;0
198;fuel_silo;2549.46;11.00;1378.90;0.00;0
198;radar_station;2563.07;11.00;1351.93;0.00;0
198;nuclear_reactor_spawn;2567.03;11.00;1371.87;0.00;0
198;rocket_site_spawn;2587.92;11.00;1345.69;0.00;0
198;synthetic_refinery;2572.75;11.00;1353.88;0.00;0
198;supply_node;2581.44;11.00;1352.84;0.00;0
198;dockyard;2572.16;11.00;1364.17;0.00;0
198;coastal_bunker;2582.36;11.00;1379.19;0.00;0
199;arms_factory;2535.00;11.00;1887.16;0.00;0
199;industrial_complex;2525.57;11.00;1856.02;0.00;0
199;air_base;2523.78;11.00;1882.90;0.00;0
199;anti_air_building;2534.63;11.00;1874.04;0.00;0
199;bunker;2537.74;11.00;1848.90;0.00;0
199;fuel_silo;2523.28;11.00;1866.63;0.00;0
199;radar_station;2540.69;11.00;1862.84;0.00;0
199;nuclear_reactor_spawn;2529.39;11.00;1900.47;0.00;0
199;rocket_site_spawn;2500.59;11.00;1893.35;0.00;0
199;synthetic_refinery;2502.82;11.00;1859.36;0.00;0
199;supply_node;2501.33;11.00;1877.12;0.00;0
200;arms_factory;2613.34;11.00;1402.33;0.00;0
200;industrial_complex;2656.51;11.00;1400.23;0.00;0
200;air_base;2667.14;11.00;1403.18;0.00;0
200;anti_air_building;2643.41;11.00;1398.53;0.00;0
200;bunker;2676.69;11.00;1402.18;0.00;0
200;fuel_silo;2615.01;11.00;1391.65;0.00;0
200;radar_station;2629.29;11.00;1368.53;0.00;0
200;nuclear_reactor_spawn;2615.59;11.00;1378.24;0.00;0
200;rocket_site_spawn;2655.55;11.00;1378.60;0.00;0
200;synthetic_refinery;2630.44;11.00;1420.74;0.00;0
200;supply_node;2653.75;11.00;1389.90;0.00;0
201;arms_factory;2585.17;11.00;1509.54;0.00;0
201;industrial_complex;2609.30;11.00;1532.91;0.00;0
201;air_base;2626.40;11.00;1515.69;0.00;0
201;anti_air_building;2630.37;11.00;1559.99;0.00;0
201;bunker;2635.44;11.00;1546.18;0.00;0
201;fuel_silo;2610.89;11.00;1520.71;0.00;0
201;radar_station;2621.70;11.00;1542.04;0.00;0
201;nuclear_reactor_spawn;2600.38;11.00;1510.04;0.00;0
201;rocket_site_spawn;2620.86;11.00;1555.62;0.00;0
201;synthetic_refinery;2588.87;11.00;1544.76;0.00;0
201;supply_node;2605.74;11.00;1544.09;0.00;0
202;arms_factory;2428.66;11.00;1291.41;0.00;0
202;industrial_complex;2437.28;11.00;1259.88;0.00;0
202;air_base;2454.21;11.00;1288.33;0.00;0
202;anti_air_building;2442.48;11.00;1268.79;0.00;0
202;bunker;2453.78;11.00;1303.04;0.00;0
202;fuel_silo;2442.24;11.00;1285.29;0.00;0
202;radar_station;2450.24;11.00;1257.32;0.00;0
202;nuclear_reactor_spawn;2474.39;11.00;1268.20;0.00;0
202;rocket_site_spawn;2466.20;11.00;1281.00;0.00;0
202;synthetic_refinery;2431.70;11.00;1274.31;0.00;0
202;supply_node;2461.48;11.00;1270.46;0.00;0
203;arms_factory;2408.97;11.00;1822.75;0.00;0
203;industrial_complex;2395.96;11.00;1866.53;0.00;0
203;air_base;2389.99;11.00;1842.95;0.00;0
203;anti_air_building;2402.62;11.00;1840.69;0.00;0
203;bunker;2428.37;11.00;1852.22;0.00;0
203;fuel_silo;2414.45;11.00;1866.61;0.00;0
203;radar_station;2399.33;11.00;1855.86;0.00;0
203;nuclear_reactor_spawn;2416.55;11.00;1878.30;0.00;0
203;rocket_site_spawn;2396.21;11.00;1827.43;0.00;0
203;synthetic_refinery;2414.74;11.00;1833.50;0.00;0
203;supply_node;2424.96;11.00;1839.61;0.00;0
204;arms_factory;2501.99;11.00;1191.55;0.00;0
204;industrial_complex;2455.40;11.00;1157.94;0.00;0
204;air_base;2462.31;11.00;1201.18;0.00;0
204;anti_air_building;2462.28;11.00;1185.23;0.00;0
204;bunker;2475.52;11.00;1177.56;0.00;0
204;fuel_silo;2463.33;11.00;1169.56;0.00;0
204;radar_station;2488.91;11.00;1183.14;0.00;0
204;nuclear_reactor_spawn;2477.92;11.00;1136.53;0.00;0
204;rocket_site_spawn;2497.68;11.00;1156.46;0.00;0
204;synthetic_refinery;2447.23;11.00;1196.28;0.00;0
204;supply_node;2490.53;11.00;1201.24;0.00;0
205;arms_factory;3073.55;11.00;1059.83;0.00;0
205;industrial_complex;3051.55;11.00;1088.93;0.00;0
205;air_base;3058.96;11.00;1056.56;0.00;0
205;anti_air_building;3062.42;11.00;1072.73;0.00;0
205;bunker;3057.33;11.00;1096.97;0.00;0
205;fuel_silo;3065.32;11.00;1104.53;0.00;0
205;radar_station;3069.15;11.00;1085.62;0.00;0
205;nuclear_reactor_spawn;3082.71;11.00;1072.37;0.00;0
205;rocket_site_spawn;3069.38;11.00;1068.53;0.00;0
205;synthetic_refinery;3054.79;11.00;1076.39;0.00;0
205;supply_node;3041.62;11.00;1101.74;0.00;0
206;arms_factory;2569.23;11.00;1979.57;0.00;0
206;industrial_complex;2559.79;11.00;2020.66;0.00;0
206;air_base;2532.33;11.00;2023.82;0.00;0
206;anti_air_building;2552.50;11.00;2012.96;0.00;0
206;bunker;2552.62;11.00;2000.22;0.00;0
206;fuel_silo;2560.99;11.00;2006.98;0.00;0
206;radar_station;2553.15;11.00;1978.53;0.00;0
206;nuclear_reactor_spawn;2582.82;11.00;1989.40;0.00;0
206;rocket_site_spawn;2546.10;11.00;1992.99;0.00;0
206;synthetic_refinery;2580.08;11.00;2001.60;0.00;0
206;supply_node;2571.75;11.00;2012.54;0.00;0
206;dockyard;2565.81;11.00;1990.87;0.00;0
206;coastal_bunker;2568.96;11.00;2002.05;0.00;0
207;arms_factory;3096.78;11.00;1762.32;0.00;0
207;industrial_complex;3116.45;11.00;1791.43;0.00;0
207;air_base;3088.84;11.00;1794.63;0.00;0
207;anti_air_building;3093.14;11.00;1778.25;0.00;0
207;bunker;3135.81;11.00;1792.59;0.00;0
207;fuel_silo;3102.15;11.00;1805.42;0.00;0
207;radar_station;3129.01;11.00;1785.05;0.00;0
207;nuclear_reactor_spawn;3119.17;11.00;1814.96;0.00;0
207;rocket_site_spawn;3141.85;11.00;1781.67;0.00;0
207;synthetic_refinery;3126.02;11.00;1757.01;0.00;0
207;supply_node;3108.12;11.00;1783.37;0.00;0
207;dockyard;3100.45;11.00;1793.59;0.00;0
207;coastal_bunker;3110.91;11.00;1753.78;0.00;0
208;arms_factory;2739.42;11.00;1135.94;0.00;0
208;industrial_complex;2707.73;11.00;1131.71;0.00;0
208;air_base;2741.78;11.00;1125.43;0.00;0
208;anti_air_building;2695.18;11.00;1148.40;0.00;0
208;bunker;2715.48;11.00;1170.07;0.00;0
208;fuel_silo;2756.46;11.00;1133.29;0.00;0
208;radar_station;2727.98;11.00;1158.64;0.00;0
208;nuclear_reactor_spawn;2763.56;11.00;1123.44;0.00;0
208;rocket_site_spawn;2729.89;11.00;1171.78;0.00;0
208;synthetic_refinery;2751.75;11.00;1124.74;0.00;0
208;supply_node;2714.23;11.00;1148.42;0.00;0
209;arms_factory;2291.52;11.00;1249.63;0.00;0
209;industrial_complex;2323.54;11.00;1288.98;0.00;0
209;air_base;2310.82;11.00;1259.09;0.00;0
209;anti_air_building;2298.73;11.00;1280.96;0.00;0
209;bunker;2320.94;11.00;1250.08;0.00;0
209;fuel_silo;2312.02;11.00;1286.80;0.00;0
209;radar_station;2326.33;11.00;1236.14;0.00;0
209;nuclear_reactor_spawn;2331.44;11.00;1276.34;0.00;0
209;rocket_site_spawn;2296.28;11.00;1237.07;0.00;0
209;synthetic_refinery;2290.30;11.00;1274.11;0.00;0
209;supply_node;2333.94;11.00;1249.82;0.00;0
209;dockyard;2298.30;11.00;1265.64;0.00;0
209;coastal_bunker;2318.55;11.00;1279.62;0.00;0
210;arms_factory;2234.68;11.00;1505.67;0.00;0
210;industrial_complex;2250.70;11.00;1559.42;0.00;0
210;air_base;2235.12;11.00;1522.16;0.00;0
210;anti_air_building;2225.73;11.00;1553.83;0.00;0
210;bunker;2253.41;11.00;1502.42;0.00;0
210;fuel_silo;2224.81;11.00;1515.43;0.00;0
210;radar_station;2260.96;11.00;1516.46;0.00;0
210;nuclear_reactor_spawn;2241.88;11.00;1494.79;0.00;0
210;rocket_site_spawn;2247.74;11.00;1532.99;0.00;0
210;synthetic_refinery;2237.10;11.00;1559.54;0.00;0
210;supply_node;2262.85;11.00;1536.78;0.00;0
211;arms_factory;2645.08;11.00;1493.26;0.00;0
211;industrial_complex;2620.73;11.00;1460.64;0.00;0
211;air_base;2670.79;11.00;1448.57;0.00;0
211;anti_air_building;2657.78;11.00;1483.60;0.00;0
211;bunker;2655.62;11.00;1431.84;0.00;0
211;fuel_silo;2638.94;11.00;1481.27;0.00;0
211;radar_station;2624.40;11.00;1473.10;0.00;0
211;nuclear_reactor_spawn;2670.12;11.00;1475.16;0.00;0
211;rocket_site_spawn;2658.92;11.00;1450.14;0.00;0
211;synthetic_refinery;2645.32;11.00;1451.93;0.00;0
211;supply_node;2636.40;11.00;1458.84;0.00;0
212;arms_factory;2618.49;11.00;1111.72;0.00;0
212;industrial_complex;2606.53;11.00;1076.67;0.00;0
212;air_base;2598.29;11.00;1088.06;0.00;0
212;anti_air_building;2588.88;11.00;1056.43;0.00;0
212;bunker;2618.34;11.00;1050.72;0.00;0
212;fuel_silo;2610.46;11.00;1090.76;0.00;0
212;radar_station;2622.96;11.00;1102.37;0.00;0
212;nuclear_reactor_spawn;2633.22;11.00;1066.69;0.00;0
212;rocket_site_spawn;2610.21;11.00;1028.32;0.00;0
212;synthetic_refinery;2622.64;11.00;1091.19;0.00;0
212;supply_node;2654.09;11.00;1066.52;0.00;0
212;dockyard;2595.40;11.00;1071.90;0.00;0
212;coastal_bunker;2636.13;11.00;1044.09;0.00;0
213;arms_factory;3086.74;11.00;1083.29;0.00;0
213;industrial_complex;3085.24;11.00;1130.18;0.00;0
213;air_base;3100.84;11.00;1122.59;0.00;0
213;anti_air_building;3099.51;11.00;1100.50;0.00;0
213;bunker;3076.92;11.00;1122.71;0.00;0
213;fuel_silo;3077.33;11.00;1096.76;0.00;0
213;radar_station;3095.88;11.00;1089.67;0.00;0
213;nuclear_reactor_spawn;3113.34;11.00;1117.45;0.00;0
213;rocket_site_spawn;3104.66;11.00;1111.45;0.00;0
213;synthetic_refinery;3090.23;11.00;1120.48;0.00;0
213;supply_node;3066.92;11.00;1115.27;0.00;0
213;dockyard;3065.70;11.00;1127.99;0.00;0
213;coastal_bunker;3079.40;11.00;1110.60;0.00;0
214;arms_factory;2636.90;11.00;1625.28;0.00;0
214;industrial_complex;2623.13;11.00;1583.62;0.00;0
214;air_base;2622.52;11.00;1605.34;0.00;0
214;anti_air_building;2609.69;11.00;1608.67;0.00;0
214;bunker;2613.01;11.00;1594.94;0.00;0
214;fuel_silo;2630.58;11.00;1638.84;0.00;0
214;radar_station;2584.15;11.00;1618.72;0.00;0
214;nuclear_reactor_spawn;2627.63;11.00;1592.72;0.00;0
214;rocket_site_spawn;2625.16;11.00;1571.56;0.00;0
214;synthetic_refinery;2620.70;11.00;1634.05;0.00;0
214;supply_node;2631.86;11.00;1614.10;0.00;0
215;arms_factory;3026.29;11.00;1532.17;0.00;0
215;industrial_complex;3032.21;11.00;1523.70;0.00;0
215;air_base;3033.08;11.00;1542.64;0.00;0
215;anti_air_building;3005.81;11.00;1569.06;0.00;0
215;bunker;3014.50;11.00;1565.71;0.00;0
215;fuel_silo;3018.34;11.00;1521.84;0.00;0
215;radar_station;3042.37;11.00;1519.24;0.00;0
215;nuclear_reactor_spawn;3056.24;11.00;1549.81;0.00;0
215;rocket_site_spawn;3017.34;11.00;1538.06;0.00;0
215;synthetic_refinery;3006.89;11.00;1555.25;0.00;0
215;supply_node;2991.97;11.00;1555.32;0.00;0
216;arms_factory;2389.63;11.00;1526.10;0.00;0
216;industrial_complex;2389.65;11.00;1558.72;0.00;0
216;air_base;2349.85;11.00;1522.02;0.00;0
216;anti_air_building;2341.12;11.00;1535.04;0.00;0
216;bunker;2377.56;11.00;1521.15;0.00;0
216;fuel_silo;2376.59;11.00;1559.12;0.00;0
216;radar_station;2357.03;11.00;1558.51;0.00;0
216;nuclear_reactor_spawn;2337.95;11.00;1561.66;0.00;0
216;rocket_site_spawn;2358.09;11.00;1572.92;0.00;0
216;synthetic_refinery;2395.51;11.00;1548.78;0.00;0
216;supply_node;2348.13;11.00;1545.93;0.00;0
217;arms_factory;2193.35;11.00;1482.82;0.00;0
217;industrial_complex;2226.83;11.00;1469.77;0.00;0
217;air_base;2215.44;11.00;1470.05;0.00;0
217;anti_air_building;2205.47;11.00;1475.26;0.00;0
217;bunker;2204.87;11.00;1499.42;0.00;0
217;fuel_silo;2198.25;11.00;1465.85;0.00;0
217;radar_station;2197.95;11.00;1511.46;0.00;0
217;nuclear_reactor_spawn;2189.12;11.00;1501.69;0.00;0
217;rocket_site_spawn;2177.55;11.00;1474.23;0.00;0
217;synthetic_refinery;2225.73;11.00;1454.59;0.00;0
217;supply_node;2180.39;11.00;1462.51;0.00;0
218;arms_factory;2201.59;11.00;1184.13;0.00;0
218;industrial_complex;2223.45;11.00;1171.78;0.00;0
218;air_base;2189.00;11.00;1187.97;0.00;0
218;anti_air_building;2183.47;11.00;1180.94;0.00;0
218;bunker;2203.56;11.00;1152.29;0.00;0
218;fuel_silo;2205.28;11.00;1167.32;0.00;0
218;radar_station;2192.48;11.00;1174.30;0.00;0
218;nuclear_reactor_spawn;2212.72;11.00;1177.32;0.00;0
218;rocket_site_spawn;2183.45;11.00;1169.81;0.00;0
218;synthetic_refinery;2193.72;11.00;1136.42;0.00;0
218;supply_node;2214.90;11.00;1146.69;0.00;0
218;dockyard;2221.06;11.00;1156.95;0.00;0
218;coastal_bunker;2189.97;11.00;1145.84;0.00;0
219;arms_factory;2146.80;11.00;1457.78;0.00;0
219;industrial_complex;2161.80;11.00;1424.76;0.00;0
219;air_base;2170.26;11.00;1455.10;0.00;0
219;anti_air_building;2175.67;11.00;1446.70;0.00;0
219;bunker;2143.86;11.00;1472.66;0.00;0
219;fuel_silo;2149.39;11.00;1429.66;0.00;0
219;radar_station;2151.87;11.00;1440.64;0.00;0
219;nuclear_reactor_spawn;2129.34;11.00;1458.33;0.00;0
219;rocket_site_spawn;2130.74;11.00;1475.87;0.00;0
219;synthetic_refinery;2156.61;11.00;1470.91;0.00;0
219;supply_node;2166.94;11.00;1467.41;0.00;0
219;dockyard;2165.51;11.00;1435.64;0.00;0
219;coastal_bunker;2135.62;11.00;1462.55;0.00;0
220;arms_factory;2946.89;11.00;1269.07;0.00;0
220;industrial_complex;2992.83;11.00;1273.62;0.00;0
220;air_base;2934.77;11.00;1272.01;0.00;0
220;anti_air_building;2937.33;11.00;1283.20;0.00;0
220;bunker;2942.67;11.00;1304.65;0.00;0
220;fuel_silo;2950.29;11.00;1281.86;0.00;0
220;radar_station;2981.97;11.00;1282.12;0.00;0
220;nuclear_reactor_spawn;2943.69;11.00;1253.93;0.00;0
220;rocket_site_spawn;2971.69;11.00;1258.35;0.00;0
220;synthetic_refinery;2978.58;11.00;1294.92;0.00;0
220;supply_node;2983.75;11.00;1268.30;0.00;0
221;arms_factory;2477.40;11.00;1102.34;0.00;0
221;industrial_complex;2483.92;11.00;1088.23;0.00;0
221;air_base;2475.25;11.00;1048.58;0.00;0
221;anti_air_building;2457.33;11.00;1055.73;0.00;0
221;bunker;2494.28;11.00;1073.16;0.00;0
221;fuel_silo;2490.75;11.00;1054.99;0.00;0
221;radar_station;2455.95;11.00;1043.85;0.00;0
221;nuclear_reactor_spawn;2498.99;11.00;1045.24;0.00;0
221;rocket_site_spawn;2468.86;11.00;1066.88;0.00;0
221;synthetic_refinery;2478.71;11.00;1058.63;0.00;0
221;supply_node;2450.73;11.00;1076.57;0.00;0
221;dockyard;2466.56;11.00;1089.66;0.00;0
221;coastal_bunker;2462.68;11.00;1077.74;0.00;0
222;arms_factory;2954.33;11.00;1349.21;0.00;0
222;industrial_complex;2950.16;11.00;1327.43;0.00;0
222;air_base;2942.27;11.00;1319.30;0.00;0
222;anti_air_building;2915.65;11.00;1337.66;0.00;0
222;bunker;2956.01;11.00;1335.49;0.00;0
222;fuel_silo;2931.66;11.00;1327.71;0.00;0
222;radar_station;2942.26;11.00;1352.34;0.00;0
222;nuclear_reactor_spawn;2943.92;11.00;1340.94;0.00;0
222;rocket_site_spawn;2930.05;11.00;1313.19;0.00;0
222;synthetic_refinery;2908.95;11.00;1350.26;0.00;0
222;supply_node;2910.02;11.00;1321.07;0.00;0
222;dockyard;2930.67;11.00;1352.38;0.00;0
222;coastal_bunker;2922.98;11.00;1305.43;0.00;0
223;arms_factory;3090.97;11.00;1458.43;0.00;0
223;industrial_complex;3089.53;11.00;1512.52;0.00;0
223;air_base;3075.03;11.00;1482.36;0.00;0
223;anti_air_building;3080.84;11.00;1491.02;0.00;0
223;bunker;3069.41;11.00;1520.08;0.00;0
223;fuel_silo;3046.74;11.00;1502.23;0.00;0
223;radar_station;3102.25;11.00;1494.52;0.00;0
223;nuclear_reactor_spawn;3076.65;11.00;1506.80;0.00;0
223;rocket_site_spawn;3063.77;11.00;1496.92;0.00;0
223;synthetic_refinery;3088.16;11.00;1473.38;0.00;0
223;supply_node;3060.80;11.00;1511.34;0.00;0
224;arms_factory;3211.36;11.00;1266.23;0.00;0
224;industrial_complex;3217.77;11.00;1255.68;0.00;0
224;air_base;3190.71;11.00;1231.44;0.00;0
224;anti_air_building;3203.99;11.00;1257.99;0.00;0
224;bunker;3203.99;11.00;1233.73;0.00;0
224;fuel_silo;3192.09;11.00;1252.93;0.00;0
224;radar_station;3196.15;11.00;1267.43;0.00;0
224;nuclear_reactor_spawn;3210.36;11.00;1246.09;0.00;0
224;rocket_site_spawn;3198.71;11.00;1245.08;0.00;0
224;synthetic_refinery;3183.94;11.00;1257.70;0.00;0
224;supply_node;3185.03;11.00;1241.17;0.00;0
224;dockyard;3211.36;11.00;1266.23;0.00;0
224;coastal_bunker;3217.77;11.00;1255.68;0.00;0
225;arms_factory;2777.48;11.00;944.16;0.00;0
225;industrial_complex;2765.25;11.00;980.94;0.00;0
225;air_base;2803.71;11.00;980.51;0.00;0
225;anti_air_building;2776.56;11.00;976.05;0.00;0
225;bunker;2813.47;11.00;967.70;0.00;0
225;fuel_silo;2774.81;11.00;963.91;0.00;0
225;radar_station;2766.21;11.00;950.51;0.00;0
225;nuclear_reactor_spawn;2758.97;11.00;960.46;0.00;0
225;rocket_site_spawn;2789.29;11.00;957.21;0.00;0
225;synthetic_refinery;2818.10;11.00;954.78;0.00;0
225;supply_node;2788.00;11.00;946.03;0.00;0
226;arms_factory;2962.33;11.00;1232.51;0.00;0
226;industrial_complex;2959.36;11.00;1245.31;0.00;0
226;air_base;2946.73;11.00;1225.78;0.00;0
226;anti_air_building;2980.23;11.00;1247.12;0.00;0
226;bunker;2992.69;11.00;1248.67;0.00;0
226;fuel_silo;2940.66;11.00;1212.47;0.00;0
226;radar_station;2969.57;11.00;1201.80;0.00;0
226;nuclear_reactor_spawn;2980.02;11.00;1235.00;0.00;0
226;rocket_site_spawn;2935.23;11.00;1200.63;0.00;0
226;synthetic_refinery;2980.95;11.00;1219.41;0.00;0
226;supply_node;2969.14;11.00;1220.14;0.00;0
227;arms_factory;2703.82;11.00;1016.78;0.00;0
227;industrial_complex;2706.74;11.00;1052.79;0.00;0
227;air_base;2703.19;11.00;1032.43;0.00;0
227;anti_air_building;2741.32;11.00;1056.60;0.00;0
227;bunker;2768.17;11.00;1036.22;0.00;0
227;fuel_silo;2748.78;11.00;1044.25;0.00;0
227;radar_station;2715.93;11.00;1021.45;0.00;0
227;nuclear_reactor_spawn;2731.51;11.00;1037.92;0.00;0
227;rocket_site_spawn;2757.29;11.00;1039.55;0.00;0
227;synthetic_refinery;2692.38;11.00;1056.78;0.00;0
227;supply_node;2693.13;11.00;1044.51;0.00;0
228;arms_factory;2982.64;11.00;1768.39;0.00;0
228;industrial_complex;2984.93;11.00;1799.19;0.00;0
228;air_base;3009.92;11.00;1760.45;0.00;0
228;anti_air_building;2972.95;11.00;1753.82;0.00;0
228;bunker;3021.91;11.00;1762.69;0.00;0
228;fuel_silo;3005.35;11.00;1772.33;0.00;0
228;radar_station;2986.06;11.00;1752.16;0.00;0
228;nuclear_reactor_spawn;2997.33;11.00;1794.33;0.00;0
228;rocket_site_spawn;2997.15;11.00;1759.55;0.00;0
228;synthetic_refinery;2992.35;11.00;1783.05;0.00;0
228;supply_node;3018.59;11.00;1775.17;0.00;0
229;arms_factory;2966.50;11.00;1568.49;0.00;0
229;industrial_complex;2972.77;11.00;1603.43;0.00;0
229;air_base;2981.81;11.00;1567.41;0.00;0
229;anti_air_building;2966.68;11.00;1579.85;0.00;0
229;bunker;2993.24;11.00;1620.88;0.00;0
229;fuel_silo;2982.14;11.00;1580.14;0.00;0
229;radar_station;2959.72;11.00;1592.18;0.00;0
229;nuclear_reactor_spawn;2985.92;11.00;1602.96;0.00;0
229;rocket_site_spawn;2981.64;11.00;1589.73;0.00;0
229;synthetic_refinery;2999.13;11.00;1606.61;0.00;0
229;supply_node;3003.45;11.00;1585.51;0.00;0
230;arms_factory;2730.15;11.00;1699.68;0.00;0
230;industrial_complex;2756.95;11.00;1678.92;0.00;0
230;air_base;2729.31;11.00;1686.40;0.00;0
230;anti_air_building;2741.22;11.00;1685.67;0.00;0
230;bunker;2715.47;11.00;1665.24;0.00;0
230;fuel_silo;2741.82;11.00;1698.26;0.00;0
230;radar_station;2745.80;11.00;1676.55;0.00;0
230;nuclear_reactor_spawn;2767.67;11.00;1674.64;0.00;0
230;rocket_site_spawn;2741.53;11.00;1657.28;0.00;0
230;synthetic_refinery;2762.42;11.00;1665.93;0.00;0
230;supply_node;2753.40;11.00;1703.66;0.00;0
231;arms_factory;2935.25;11.00;1002.28;0.00;0
231;industrial_complex;2919.57;11.00;1018.97;0.00;0
231;air_base;2895.74;11.00;992.15;0.00;0
231;anti_air_building;2914.90;11.00;1040.33;0.00;0
231;bunker;2873.02;11.00;996.39;0.00;0
231;fuel_silo;2908.03;11.00;1015.39;0.00;0
231;radar_station;2898.84;11.00;1022.45;0.00;0
231;nuclear_reactor_spawn;2884.05;11.00;1022.82;0.00;0
231;rocket_site_spawn;2916.05;11.00;1006.69;0.00;0
231;synthetic_refinery;2912.48;11.00;993.67;0.00;0
231;supply_node;2885.74;11.00;1034.77;0.00;0
232;arms_factory;2222.78;11.00;1424.28;0.00;0
232;industrial_complex;2197.62;11.00;1427.66;0.00;0
232;air_base;2186.70;11.00;1433.87;0.00;0
232;anti_air_building;2212.61;11.00;1412.09;0.00;0
232;bunker;2213.40;11.00;1433.16;0.00;0
232;fuel_silo;2236.71;11.00;1431.31;0.00;0
232;radar_station;2244.43;11.00;1414.00;0.00;0
232;nuclear_reactor_spawn;2239.30;11.00;1401.03;0.00;0
232;rocket_site_spawn;2226.79;11.00;1386.17;0.00;0
232;synthetic_refinery;2210.53;11.00;1390.55;0.00;0
232;supply_node;2241.41;11.00;1388.63;0.00;0
233;arms_factory;2742.19;11.00;1900.98;0.00;0
233;industrial_complex;2728.86;11.00;1888.83;0.00;0
233;air_base;2753.96;11.00;1889.71;0.00;0
233;anti_air_building;2731.93;11.00;1915.38;0.00;0
233;bunker;2716.25;11.00;1910.97;0.00;0
233;fuel_silo;2762.70;11.00;1908.41;0.00;0
233;radar_station;2732.07;11.00;1875.85;0.00;0
233;nuclear_reactor_spawn;2717.10;11.00;1893.76;0.00;0
233;rocket_site_spawn;2741.91;11.00;1886.82;0.00;0
233;synthetic_refinery;2754.21;11.00;1920.74;0.00;0
233;supply_node;2751.98;11.00;1906.29;0.00;0
234;arms_factory;3136.41;11.00;913.28;0.00;0
234;industrial_complex;3142.48;11.00;923.85;0.00;0
234;air_base;3125.24;11.00;923.81;0.00;0
234;anti_air_building;3136.31;11.00;928.92;0.00;0
234;bunker;3143.85;11.00;914.48;0.00;0
234;fuel_silo;3114.50;11.00;911.48;0.00;0
234;radar_station;3125.64;11.00;944.09;0.00;0
234;nuclear_reactor_spawn;3132.37;11.00;937.42;0.00;0
234;rocket_site_spawn;3117.82;11.00;934.63;0.00;0
234;synthetic_refinery;3127.41;11.00;910.08;0.00;0
234;supply_node;3136.41;11.00;913.28;0.00;0
234;dockyard;3142.48;11.00;923.85;0.00;0
234;coastal_bunker;3125.24;11.00;923.81;0.00;0
235;arms_factory;2455.07;11.00;1796.22;0.00;0
235;industrial_complex;2457.62;11.00;1821.07;0.00;0
235;air_base;2417.90;11.00;1810.35;0.00;0
235;anti_air_building;2465.09;11.00;1788.66;0.00;0
235;bunker;2451.96;11.00;1845.06;0.00;0
235;fuel_silo;2469.91;11.00;1800.77;0.00;0
235;radar_station;2437.05;11.00;1834.12;0.00;0
235;nuclear_reactor_spawn;2432.42;11.00;1797.69;0.00;0
235;rocket_site_spawn;2451.21;11.00;1806.92;0.00;0
235;synthetic_refinery;2437.32;11.00;1785.86;0.00;0
235;supply_node;2444.27;11.00;1818.38;0.00;0
236;arms_factory;2742.69;11.00;898.56;0.00;0
236;industrial_complex;2765.45;11.00;931.27;0.00;0
236;air_base;2721.18;11.00;920.91;0.00;0
236;anti_air_building;2728.45;11.00;905.36;0.00;0
236;bunker;2769.23;11.00;917.55;0.00;0
236;fuel_silo;2743.57;11.00;932.84;0.00;0
236;radar_station;2739.32;11.00;918.10;0.00;0
236;nuclear_reactor_spawn;2763.33;11.00;898.78;0.00;0
236;rocket_site_spawn;2715.08;11.00;902.45;0.00;0
236;synthetic_refinery;2753.83;11.00;909.37;0.00;0
236;supply_node;2755.25;11.00;923.26;0.00;0
236;dockyard;2742.45;11.00;948.47;0.00;0
236;coastal_bunker;2774.91;11.00;904.03;0.00;0
237;arms_factory;2414.59;11.00;1323.59;0.00;0
237;industrial_complex;2405.08;11.00;1310.14;0.00;0
237;air_base;2418.99;11.00;1280.10;0.00;0
237;anti_air_building;2412.66;11.00;1292.83;0.00;0
237;bunker;2394.23;11.00;1280.41;0.00;0
237;fuel_silo;2416.97;11.00;1302.53;0.00;0
237;radar_station;2429.31;11.00;1304.07;0.00;0
237;nuclear_reactor_spawn;2427.79;11.00;1314.89;0.00;0
237;rocket_site_spawn;2385.97;11.00;1315.41;0.00;0
237;synthetic_refinery;2406.04;11.00;1283.68;0.00;0
237;supply_node;2395.43;11.00;1308.67;0.00;0
237;dockyard;2402.86;11.00;1269.60;0.00;0
237;coastal_bunker;2436.19;11.00;1317.37;0.00;0
238;arms_factory;3136.19;11.00;1272.17;0.00;0
238;industrial_complex;3129.90;11.00;1254.24;0.00;0
238;air_base;3122.57;11.00;1243.40;0.00;0
238;anti_air_building;3099.05;11.00;1271.94;0.00;0
238;bunker;3111.23;11.00;1267.15;0.00;0
238;fuel_silo;3117.56;11.00;1256.56;0.00;0
238;radar_station;3123.82;11.00;1269.30;0.00;0
238;nuclear_reactor_spawn;3134.42;11.00;1236.10;0.00;0
238;rocket_site_spawn;3108.44;11.00;1250.92;0.00;0
238;synthetic_refinery;3126.68;11.00;1280.80;0.00;0
238;supply_node;3102.65;11.00;1282.36;0.00;0
239;arms_factory;2296.54;11.00;1436.20;0.00;0
239;industrial_complex;2322.97;11.00;1438.95;0.00;0
239;air_base;2358.27;11.00;1422.07;0.00;0
239;anti_air_building;2306.20;11.00;1462.28;0.00;0
239;bunker;2321.91;11.00;1450.04;0.00;0
239;fuel_silo;2344.83;11.00;1451.27;0.00;0
239;radar_station;2307.69;11.00;1417.50;0.00;0
239;nuclear_reactor_spawn;2333.98;11.00;1413.64;0.00;0
239;rocket_site_spawn;2347.26;11.00;1439.00;0.00;0
239;synthetic_refinery;2331.25;11.00;1400.71;0.00;0
239;supply_node;2309.73;11.00;1437.91;0.00;0
239;dockyard;2319.50;11.00;1399.48;0.00;0
239;coastal_bunker;2320.29;11.00;1414.56;0.00;0
240;arms_factory;2602.87;11.00;1174.83;0.00;0
240;industrial_complex;2611.65;11.00;1134.49;0.00;0
240;air_base;2566.54;11.00;1122.60;0.00;0
240;anti_air_building;2545.41;11.00;1150.61;0.00;0
240;bunker;2586.96;11.00;1125.97;0.00;0
240;fuel_silo;2561.45;11.00;1163.79;0.00;0
240;radar_station;2597.87;11.00;1136.20;0.00;0
240;nuclear_reactor_spawn;2568.06;11.00;1175.10;0.00;0
240;rocket_site_spawn;2608.68;11.00;1161.11;0.00;0
240;synthetic_refinery;2610.32;11.00;1182.61;0.00;0
240;supply_node;2609.87;11.00;1148.06;0.00;0
241;arms_factory;3171.62;11.00;1191.21;0.00;0
241;industrial_complex;3197.36;11.00;1210.53;0.00;0
241;air_base;3157.61;11.00;1202.97;0.00;0
241;anti_air_building;3174.83;11.00;1220.05;0.00;0
241;bunker;3184.16;11.00;1196.95;0.00;0
241;fuel_silo;3157.75;11.00;1223.15;0.00;0
241;radar_station;3171.89;11.00;1207.71;0.00;0
241;nuclear_reactor_spawn;3203.92;11.00;1221.73;0.00;0
241;rocket_site_spawn;3185.50;11.00;1207.77;0.00;0
241;synthetic_refinery;3194.59;11.00;1198.17;0.00;0
241;supply_node;3180.60;11.00;1187.96;0.00;0
241;dockyard;3172.69;11.00;1232.14;0.00;0
241;coastal_bunker;3203.43;11.00;1200.05;0.00;0
242;arms_factory;2645.93;11.00;1604.48;0.00;0
242;industrial_complex;2689.91;11.00;1581.48;0.00;0
242;air_base;2681.69;11.00;1591.97;0.00;0
242;anti_air_building;2671.47;11.00;1604.85;0.00;0
242;bunker;2641.44;11.00;1561.32;0.00;0
242;fuel_silo;2642.78;11.00;1583.65;0.00;0
242;radar_station;2653.99;11.00;1592.17;0.00;0
242;nuclear_reactor_spawn;2678.57;11.00;1616.71;0.00;0
242;rocket_site_spawn;2648.99;11.00;1616.64;0.00;0
242;synthetic_refinery;2679.61;11.00;1574.07;0.00;0
242;supply_node;2667.40;11.00;1578.41;0.00;0
243;arms_factory;2614.31;11.00;1364.25;0.00;0
243;industrial_complex;2624.10;11.00;1348.67;0.00;0
243;air_base;2613.18;11.00;1341.75;0.00;0
243;anti_air_building;2643.62;11.00;1361.83;0.00;0
243;bunker;2658.70;11.00;1315.99;0.00;0
243;fuel_silo;2661.52;11.00;1341.23;0.00;0
243;radar_station;2668.48;11.00;1305.90;0.00;0
243;nuclear_reactor_spawn;2620.24;11.00;1315.04;0.00;0
243;rocket_site_spawn;2651.39;11.00;1305.03;0.00;0
243;synthetic_refinery;2639.73;11.00;1344.77;0.00;0
243;supply_node;2662.21;11.00;1365.18;0.00;0
244;arms_factory;2383.12;11.00;1873.62;0.00;0
244;industrial_complex;2374.86;11.00;1900.78;0.00;0
244;air_base;2397.12;11.00;1876.81;0.00;0
244;anti_air_building;2368.58;11.00;1894.63;0.00;0
244;bunker;2360.29;11.00;1893.07;0.00;0
244;fuel_silo;2385.18;11.00;1905.51;0.00;0
244;radar_station;2401.60;11.00;1912.14;0.00;0
244;nuclear_reactor_spawn;2405.80;11.00;1886.28;0.00;0
244;rocket_site_spawn;2394.24;11.00;1909.82;0.00;0
244;synthetic_refinery;2379.86;11.00;1898.96;0.00;0
244;supply_node;2391.46;11.00;1882.24;0.00;0
244;dockyard;2383.12;11.00;1873.62;0.00;0
244;coastal_bunker;2374.86;11.00;1900.78;0.00;0
245;arms_factory;3016.57;11.00;1121.23;0.00;0
245;industrial_complex;3005.98;11.00;1151.41;0.00;0
245;air_base;3024.67;11.00;1160.23;0.00;0
245;anti_air_building;3039.41;11.00;1117.12;0.00;0
245;bunker;3013.01;11.00;1133.16;0.00;0
245;fuel_silo;3033.73;11.00;1149.16;0.00;0
245;radar_station;3028.87;11.00;1119.73;0.00;0
245;nuclear_reactor_spawn;3027.00;11.00;1134.31;0.00;0
245;rocket_site_spawn;3031.15;11.00;1105.35;0.00;0
245;synthetic_refinery;3017.74;11.00;1148.52;0.00;0
245;supply_node;3043.35;11.00;1127.33;0.00;0
246;arms_factory;3014.29;11.00;1056.54;0.00;0
246;industrial_complex;3031.09;11.00;1032.78;0.00;0
246;air_base;2994.73;11.00;1053.93;0.00;0
246;anti_air_building;3007.55;11.00;1042.97;0.00;0
246;bunker;3028.21;11.00;1055.86;0.00;0
246;fuel_silo;3008.57;11.00;1078.52;0.00;0
246;radar_station;3040.69;11.00;1048.50;0.00;0
246;nuclear_reactor_spawn;3004.77;11.00;1062.84;0.00;0
246;rocket_site_spawn;2997.07;11.00;1069.08;0.00;0
246;synthetic_refinery;3041.95;11.00;1065.76;0.00;0
246;supply_node;3019.53;11.00;1071.53;0.00;0
247;arms_factory;2918.25;11.00;1626.85;0.00;0
247;industrial_complex;2912.39;11.00;1593.33;0.00;0
247;air_base;2949.77;11.00;1583.02;0.00;0
247;anti_air_building;2905.14;11.00;1617.82;0.00;0
247;bunker;2946.71;11.00;1610.81;0.00;0
247;fuel_silo;2909.52;11.00;1604.94;0.00;0
247;radar_station;2943.85;11.00;1595.29;0.00;0
247;nuclear_reactor_spawn;2922.88;11.00;1612.64;0.00;0
247;rocket_site_spawn;2904.58;11.00;1584.09;0.00;0
247;synthetic_refinery;2937.12;11.00;1626.75;0.00;0
247;supply_node;2895.11;11.00;1591.11;0.00;0
248;arms_factory;2167.43;11.00;1510.72;0.00;0
248;industrial_complex;2166.11;11.00;1522.38;0.00;0
248;air_base;2136.08;11.00;1489.10;0.00;0
248;anti_air_building;2169.49;11.00;1481.75;0.00;0
248;bunker;2178.10;11.00;1509.70;0.00;0
248;fuel_silo;2146.56;11.00;1500.91;0.00;0
248;radar_station;2152.97;11.00;1521.45;0.00;0
248;nuclear_reactor_spawn;2184.23;11.00;1521.88;0.00;0
248;rocket_site_spawn;2169.66;11.00;1531.23;0.00;0
248;synthetic_refinery;2152.41;11.00;1485.89;0.00;0
248;supply_node;2144.35;11.00;1514.59;0.00;0
248;dockyard;2157.97;11.00;1500.51;0.00;0
248;coastal_bunker;2174.30;11.00;1497.47;0.00;0
249;arms_factory;2955.50;11.00;1010.33;0.00;0
249;industrial_complex;2966.53;11.00;1015.30;0.00;0
249;air_base;2932.08;11.00;1030.56;0.00;0
249;anti_air_building;2966.88;11.00;1033.78;0.00;0
249;bunker;2957.01;11.00;1025.20;0.00;0
249;fuel_silo;2958.65;11.00;1047.51;0.00;0
249;radar_station;2946.94;11.00;1054.89;0.00;0
249;nuclear_reactor_spawn;2943.83;11.00;1018.62;0.00;0
249;rocket_site_spawn;2941.82;11.00;1040.95;0.00;0
249;synthetic_refinery;2950.12;11.00;1033.99;0.00;0
249;supply_node;2978.34;11.00;1029.40;0.00;0
250;arms_factory;2449.96;11.00;1596.72;0.00;0
250;industrial_complex;2457.11;11.00;1551.29;0.00;0
250;air_base;2502.14;11.00;1570.82;0.00;0
250;anti_air_building;2462.25;11.00;1594.83;0.00;0
250;bunker;2478.51;11.00;1554.05;0.00;0
250;fuel_silo;2480.13;11.00;1594.02;0.00;0
250;radar_station;2467.93;11.00;1585.87;0.00;0
250;nuclear_reactor_spawn;2482.27;11.00;1571.26;0.00;0
250;rocket_site_spawn;2451.45;11.00;1566.66;0.00;0
250;synthetic_refinery;2500.95;11.00;1581.69;0.00;0
250;supply_node;2503.66;11.00;1558.90;0.00;0
251;arms_factory;3018.85;11.00;1888.11;0.00;0
251;industrial_complex;3005.67;11.00;1857.43;0.00;0
251;air_base;3029.49;11.00;1879.51;0.00;0
251;anti_air_building;3019.00;11.00;1857.66;0.00;0
251;bunker;2994.50;11.00;1888.96;0.00;0
251;fuel_silo;3020.71;11.00;1872.13;0.00;0
251;radar_station;3008.39;11.00;1871.40;0.00;0
251;nuclear_reactor_spawn;2992.47;11.00;1861.93;0.00;0
251;rocket_site_spawn;2995.81;11.00;1875.76;0.00;0
251;synthetic_refinery;2982.17;11.00;1882.39;0.00;0
251;supply_node;3030.37;11.00;1891.71;0.00;0
251;dockyard;2995.44;11.00;1899.36;0.00;0
251;coastal_bunker;2982.19;11.00;1870.76;0.00;0
252;arms_factory;2334.81;11.00;1113.03;0.00;0
252;industrial_complex;2334.44;11.00;1157.12;0.00;0
252;air_base;2310.59;11.00;1126.40;0.00;0
252;anti_air_building;2347.29;11.00;1116.95;0.00;0
252;bunker;2349.25;11.00;1130.56;0.00;0
252;fuel_silo;2319.17;11.00;1106.32;0.00;0
252;radar_station;2362.86;11.00;1126.41;0.00;0
252;nuclear_reactor_spawn;2325.18;11.00;1112.66;0.00;0
252;rocket_site_spawn;2322.31;11.00;1150.80;0.00;0
252;synthetic_refinery;2309.15;11.00;1139.31;0.00;0
252;supply_node;2360.18;11.00;1140.46;0.00;0
252;dockyard;2321.73;11.00;1139.49;0.00;0
252;coastal_bunker;2336.45;11.00;1126.80;0.00;0
253;arms_factory;3369.45;11.00;1698.38;0.00;0
253;industrial_complex;3381.93;11.00;1670.58;0.00;0
253;air_base;3360.29;11.00;1688.96;0.00;0
253;anti_air_building;3378.41;11.00;1662.26;0.00;0
253;bunker;3341.28;11.00;1665.51;0.00;0
253;fuel_silo;3367.37;11.00;1664.21;0.00;0
253;radar_station;3379.25;11.00;1686.33;0.00;0
253;nuclear_reactor_spawn;3346.57;11.00;1714.65;0.00;0
253;rocket_site_spawn;3355.06;11.00;1661.83;0.00;0
253;synthetic_refinery;3373.47;11.00;1716.06;0.00;0
253;supply_node;3379.73;11.00;1702.35;0.00;0
253;dockyard;3340.64;11.00;1695.40;0.00;0
253;coastal_bunker;3362.30;11.00;1712.37;0.00;0
254;arms_factory;3331.74;11.00;1482.88;0.00;0
254;industrial_complex;3286.38;11.00;1491.90;0.00;0
254;air_base;3306.12;11.00;1476.92;0.00;0
254;anti_air_building;3285.36;11.00;1461.20;0.00;0
254;bunker;3318.67;11.00;1459.12;0.00;0
254;fuel_silo;3364.47;11.00;1499.71;0.00;0
254;radar_station;3296.24;11.00;1467.64;0.00;0
254;nuclear_reactor_spawn;3332.93;11.00;1507.79;0.00;0
254;rocket_site_spawn;3358.39;11.00;1472.38;0.00;0
254;synthetic_refinery;3344.90;11.00;1478.99;0.00;0
254;supply_node;3349.65;11.00;1463.95;0.00;0
254;dockyard;3308.72;11.00;1441.89;0.00;0
254;coastal_bunker;3325.49;11.00;1496.52;0.00;0
255;arms_factory;3367.35;11.00;1741.98;0.00;0
255;industrial_complex;3361.32;11.00;1791.40;0.00;0
255;air_base;3333.59;11.00;1745.74;0.00;0
255;anti_air_building;3368.85;11.00;1772.31;0.00;0
255;bunker;3378.03;11.00;1734.20;0.00;0
255;fuel_silo;3360.88;11.00;1727.74;0.00;0
255;radar_station;3360.06;11.00;1777.44;0.00;0
255;nuclear_reactor_spawn;3371.35;11.00;1758.52;0.00;0
255;rocket_site_spawn;3344.08;11.00;1757.81;0.00;0
255;synthetic_refinery;3331.16;11.00;1759.42;0.00;0
255;supply_node;3350.34;11.00;1786.41;0.00;0
255;dockyard;3344.81;11.00;1730.74;0.00;0
255;coastal_bunker;3355.13;11.00;1763.38;0.00;0
256;arms_factory;3317.34;11.00;1571.98;0.00;0
256;industrial_complex;3291.38;11.00;1542.44;0.00;0
256;air_base;3304.15;11.00;1528.89;0.00;0
256;anti_air_building;3316.69;11.00;1545.17;0.00;0
256;bunker;3336.54;11.00;1525.62;0.00;0
256;fuel_silo;3330.88;11.00;1566.25;0.00;0
256;radar_station;3328.30;11.00;1579.67;0.00;0
256;nuclear_reactor_spawn;3319.94;11.00;1559.10;0.00;0
256;rocket_site_spawn;3309.72;11.00;1516.89;0.00;0
256;synthetic_refinery;3298.21;11.00;1515.47;0.00;0
256;supply_node;3298.24;11.00;1567.42;0.00;0
256;dockyard;3300.41;11.00;1582.45;0.00;0
256;coastal_bunker;3332.50;11.00;1540.23;0.00;0
257;arms_factory;3428.05;11.00;1614.53;0.00;0
257;industrial_complex;3441.43;11.00;1587.11;0.00;0
257;air_base;3446.75;11.00;1600.60;0.00;0
257;anti_air_building;3457.44;11.00;1576.65;0.00;0
257;bunker;3449.61;11.00;1573.91;0.00;0
257;fuel_silo;3459.01;11.00;1625.42;0.00;0
257;radar_station;3449.18;11.00;1633.86;0.00;0
257;nuclear_reactor_spawn;3453.38;11.00;1614.23;0.00;0
257;rocket_site_spawn;3441.56;11.00;1633.36;0.00;0
257;synthetic_refinery;3423.82;11.00;1626.39;0.00;0
257;supply_node;3469.68;11.00;1611.13;0.00;0
257;dockyard;3429.02;11.00;1587.50;0.00;0
257;coastal_bunker;3436.48;11.00;1625.05;0.00;0
258;arms_factory;3275.83;11.00;1820.73;0.00;0
258;industrial_complex;3265.04;11.00;1792.90;0.00;0
258;air_base;3229.47;11.00;1799.99;0.00;0
258;anti_air_building;3236.64;11.00;1804.37;0.00;0
258;bunker;3251.51;11.00;1821.22;0.00;0
258;fuel_silo;3279.63;11.00;1793.04;0.00;0
258;radar_station;3240.07;11.00;1792.90;0.00;0
258;nuclear_reactor_spawn;3252.53;11.00;1798.40;0.00;0
258;rocket_site_spawn;3266.68;11.00;1780.39;0.00;0
258;synthetic_refinery;3269.61;11.00;1804.10;0.00;0
258;supply_node;3234.36;11.00;1821.68;0.00;0
258;dockyard;3254.25;11.00;1831.56;0.00;0
258;coastal_bunker;3253.90;11.00;1812.97;0.00;0
259;arms_factory;3316.98;11.00;1638.02;0.00;0
259;industrial_complex;3342.98;11.00;1596.62;0.00;0
259;air_base;3303.49;11.00;1630.03;0.00;0
259;anti_air_building;3302.10;11.00;1607.60;0.00;0
259;bunker;3317.65;11.00;1587.82;0.00;0
259;fuel_silo;3340.86;11.00;1650.85;0.00;0
259;radar_station;3329.55;11.00;1593.46;0.00;0
259;nuclear_reactor_spawn;3332.36;11.00;1623.47;0.00;0
259;rocket_site_spawn;3333.54;11.00;1604.35;0.00;0
259;synthetic_refinery;3309.54;11.00;1596.66;0.00;0
259;supply_node;3316.63;11.00;1622.41;0.00;0
259;dockyard;3327.43;11.00;1613.33;0.00;0
259;coastal_bunker;3304.77;11.00;1617.75;0.00;0
260;arms_factory;3412.75;11.00;1726.41;0.00;0
260;industrial_complex;3399.79;11.00;1716.29;0.00;0
260;air_base;3403.19;11.00;1704.24;0.00;0
260;anti_air_building;3381.86;11.00;1721.68;0.00;0
260;bunker;3404.83;11.00;1726.32;0.00;0
260;fuel_silo;3427.62;11.00;1695.42;0.00;0
260;radar_station;3415.02;11.00;1710.58;0.00;0
260;nuclear_reactor_spawn;3421.24;11.00;1723.46;0.00;0
260;rocket_site_spawn;3433.67;11.00;1703.06;0.00;0
260;synthetic_refinery;3426.58;11.00;1714.24;0.00;0
260;supply_node;3395.85;11.00;1723.89;0.00;0
260;dockyard;3422.22;11.00;1683.74;0.00;0
260;coastal_bunker;3410.48;11.00;1692.70;0.00;0
261;arms_factory;3337.57;11.00;1836.69;0.00;0
261;industrial_complex;3315.44;11.00;1834.18;0.00;0
261;air_base;3321.60;11.00;1816.10;0.00;0
261;anti_air_building;3331.33;11.00;1795.95;0.00;0
261;bunker;3341.66;11.00;1828.60;0.00;0
261;fuel_silo;3305.98;11.00;1807.56;0.00;0
261;radar_station;3320.69;11.00;1802.43;0.00;0
261;nuclear_reactor_spawn;3292.48;11.00;1815.72;0.00;0
261;rocket_site_spawn;3338.53;11.00;1804.11;0.00;0
261;synthetic_refinery;3330.21;11.00;1825.34;0.00;0
261;supply_node;3305.47;11.00;1824.53;0.00;0
261;dockyard;3344.00;11.00;1821.75;0.00;0
261;coastal_bunker;3340.36;11.00;1813.67;0.00;0
262;arms_factory;3225.02;11.00;1849.51;0.00;0
262;industrial_complex;3243.64;11.00;1879.07;0.00;0
262;air_base;3225.43;11.00;1831.55;0.00;0
262;anti_air_building;3203.12;11.00;1877.12;0.00;0
262;bunker;3201.05;11.00;1860.86;0.00;0
262;fuel_silo;3216.46;11.00;1826.52;0.00;0
262;radar_station;3232.80;11.00;1868.90;0.00;0
262;nuclear_reactor_spawn;3232.03;11.00;1857.73;0.00;0
262;rocket_site_spawn;3234.34;11.00;1841.89;0.00;0
262;synthetic_refinery;3247.22;11.00;1865.91;0.00;0
262;supply_node;3212.40;11.00;1852.66;0.00;0
262;dockyard;3213.03;11.00;1887.08;0.00;0
262;coastal_bunker;3219.45;11.00;1841.28;0.00;0
263;arms_factory;3428.65;11.00;1672.01;0.00;0
263;industrial_complex;3411.24;11.00;1673.36;0.00;0
263;air_base;3423.10;11.00;1648.58;0.00;0
263;anti_air_building;3388.63;11.00;1651.61;0.00;0
263;bunker;3397.45;11.00;1664.66;0.00;0
263;fuel_silo;3403.41;11.00;1651.43;0.00;0
263;radar_station;3426.04;11.00;1660.42;0.00;0
263;nuclear_reactor_spawn;3414.19;11.00;1639.08;0.00;0
263;rocket_site_spawn;3414.19;11.00;1657.75;0.00;0
263;synthetic_refinery;3413.19;11.00;1625.46;0.00;0
263;supply_node;3428.94;11.00;1637.41;0.00;0
263;dockyard;3399.41;11.00;1637.00;0.00;0
263;coastal_bunker;3392.53;11.00;1675.98;0.00;0
264;arms_factory;3257.57;11.00;1842.38;0.00;0
264;industrial_complex;3291.09;11.00;1829.04;0.00;0
264;air_base;3276.89;11.00;1877.24;0.00;0
264;anti_air_building;3256.15;11.00;1878.04;0.00;0
264;bunker;3262.76;11.00;1887.93;0.00;0
264;fuel_silo;3287.28;11.00;1856.87;0.00;0
264;radar_station;3274.03;11.00;1853.16;0.00;0
264;nuclear_reactor_spawn;3267.21;11.00;1845.40;0.00;0
264;rocket_site_spawn;3307.87;11.00;1853.84;0.00;0
264;synthetic_refinery;3298.93;11.00;1842.73;0.00;0
264;supply_node;3251.41;11.00;1854.18;0.00;0
264;dockyard;3264.32;11.00;1867.55;0.00;0
264;coastal_bunker;3271.89;11.00;1884.62;0.00;0
265;arms_factory;3384.42;11.00;1633.78;0.00;0
265;industrial_complex;3399.37;11.00;1590.97;0.00;0
265;air_base;3367.24;11.00;1634.93;0.00;0
265;anti_air_building;3390.14;11.00;1614.37;0.00;0
265;bunker;3364.26;11.00;1591.90;0.00;0
265;fuel_silo;3377.22;11.00;1641.87;0.00;0
265;radar_station;3375.80;11.00;1617.65;0.00;0
265;nuclear_reactor_spawn;3364.05;11.00;1650.30;0.00;0
265;rocket_site_spawn;3396.61;11.00;1602.56;0.00;0
265;synthetic_refinery;3365.80;11.00;1621.34;0.00;0
265;supply_node;3404.22;11.00;1618.68;0.00;0
266;arms_factory;3311.00;11.00;1753.65;0.00;0
266;industrial_complex;3277.57;11.00;1773.32;0.00;0
266;air_base;3337.95;11.00;1786.00;0.00;0
266;anti_air_building;3331.10;11.00;1772.54;0.00;0
266;bunker;3292.90;11.00;1782.66;0.00;0
266;fuel_silo;3303.31;11.00;1771.81;0.00;0
266;radar_station;3301.30;11.00;1758.85;0.00;0
266;nuclear_reactor_spawn;3290.92;11.00;1767.03;0.00;0
266;rocket_site_spawn;3322.36;11.00;1750.31;0.00;0
266;synthetic_refinery;3293.74;11.00;1797.02;0.00;0
266;supply_node;3321.69;11.00;1787.08;0.00;0
266;dockyard;3304.44;11.00;1783.61;0.00;0
266;coastal_bunker;3317.13;11.00;1762.81;0.00;0
267;arms_factory;3365.12;11.00;1576.86;0.00;0
267;industrial_complex;3376.85;11.00;1542.58;0.00;0
267;air_base;3344.01;11.00;1551.45;0.00;0
267;anti_air_building;3376.61;11.00;1517.19;0.00;0
267;bunker;3342.51;11.00;1566.59;0.00;0
267;fuel_silo;3378.36;11.00;1586.57;0.00;0
267;radar_station;3385.06;11.00;1553.37;0.00;0
267;nuclear_reactor_spawn;3363.89;11.00;1522.52;0.00;0
267;rocket_site_spawn;3374.59;11.00;1530.66;0.00;0
267;synthetic_refinery;3353.01;11.00;1589.03;0.00;0
267;supply_node;3356.81;11.00;1556.63;0.00;0
267;dockyard;3368.94;11.00;1556.33;0.00;0
267;coastal_bunker;3350.57;11.00;1535.34;0.00;0
268;arms_factory;3318.50;11.00;1685.24;0.00;0
268;industrial_complex;3331.39;11.00;1707.40;0.00;0
268;air_base;3315.99;11.00;1704.81;0.00;0
268;anti_air_building;3331.58;11.00;1684.47;0.00;0
268;bunker;3318.40;11.00;1660.76;0.00;0
268;fuel_silo;3296.37;11.00;1682.08;0.00;0
268;radar_station;3304.37;11.00;1713.80;0.00;0
268;nuclear_reactor_spawn;3307.46;11.00;1659.97;0.00;0
268;rocket_site_spawn;3296.45;11.00;1706.35;0.00;0
268;synthetic_refinery;3307.24;11.00;1697.29;0.00;0
268;supply_node;3323.78;11.00;1714.47;0.00;0
268;dockyard;3299.39;11.00;1668.72;0.00;0
268;coastal_bunker;3310.28;11.00;1676.64;0.00;0
269;arms_factory;2067.36;11.00;1747.48;0.00;0
269;industrial_complex;2084.37;11.00;1726.12;0.00;0
269;air_base;2061.07;11.00;1730.23;0.00;0
269;anti_air_building;2078.98;11.00;1759.10;0.00;0
269;bunker;2071.48;11.00;1755.48;0.00;0
269;fuel_silo;2078.11;11.00;1745.19;0.00;0
269;radar_station;2089.78;11.00;1761.99;0.00;0
269;nuclear_reactor_spawn;2085.81;11.00;1736.86;0.00;0
269;rocket_site_spawn;2068.81;11.00;1737.83;0.00;0
269;synthetic_refinery;2098.76;11.00;1723.79;0.00;0
269;supply_node;2072.72;11.00;1723.66;0.00;0
269;dockyard;2057.87;11.00;1719.71;0.00;0
269;coastal_bunker;2101.50;11.00;1753.79;0.00;0
270;arms_factory;2090.12;11.00;1712.79;0.00;0
270;industrial_complex;2082.28;11.00;1676.87;0.00;0
270;air_base;2072.11;11.00;1669.65;0.00;0
270;anti_air_building;2054.16;11.00;1708.23;0.00;0
270;bunker;2056.72;11.00;1695.00;0.00;0
270;fuel_silo;2060.11;11.00;1674.11;0.00;0
270;radar_station;2073.06;11.00;1695.62;0.00;0
270;nuclear_reactor_spawn;2086.09;11.00;1688.87;0.00;0
270;rocket_site_spawn;2086.97;11.00;1700.77;0.00;0
270;synthetic_refinery;2071.78;11.00;1709.05;0.00;0
270;supply_node;2072.27;11.00;1684.07;0.00;0
270;dockyard;2050.17;11.00;1683.16;0.00;0
270;coastal_bunker;2090.12;11.00;1712.79;0.00;0
271;arms_factory;2097.43;11.00;1654.96;0.00;0
271;industrial_complex;2108.38;11.00;1661.39;0.00;0
271;air_base;2120.45;11.00;1660.20;0.00;0
271;anti_air_building;2134.01;11.00;1655.12;0.00;0
271;bunker;2092.54;11.00;1645.70;0.00;0
271;fuel_silo;2105.95;11.00;1651.74;0.00;0
271;radar_station;2115.66;11.00;1647.83;0.00;0
271;nuclear_reactor_spawn;2127.68;11.00;1647.24;0.00;0
271;rocket_site_spawn;2093.55;11.00;1636.00;0.00;0
271;synthetic_refinery;2105.87;11.00;1639.73;0.00;0
271;supply_node;2121.40;11.00;1634.81;0.00;0
271;dockyard;2139.45;11.00;1637.67;0.00;0
271;coastal_bunker;2100.22;11.00;1617.00;0.00;0
272;arms_factory;2043.57;11.00;1348.30;0.00;0
272;industrial_complex;2055.18;11.00;1346.59;0.00;0
272;air_base;2055.41;11.00;1334.80;0.00;0
272;anti_air_building;2067.89;11.00;1332.36;0.00;0
272;bunker;2044.21;11.00;1335.56;0.00;0
272;fuel_silo;2047.50;11.00;1312.85;0.00;0
272;radar_station;2057.54;11.00;1322.41;0.00;0
272;nuclear_reactor_spawn;2067.42;11.00;1344.31;0.00;0
272;rocket_site_spawn;2079.31;11.00;1321.28;0.00;0
272;synthetic_refinery;2054.51;11.00;1360.29;0.00;0
272;supply_node;2034.21;11.00;1351.12;0.00;0
272;dockyard;2037.67;11.00;1361.98;0.00;0
272;coastal_bunker;2068.37;11.00;1320.86;0.00;0
273;arms_factory;2093.41;11.00;1377.26;0.00;0
273;industrial_complex;2090.57;11.00;1350.98;0.00;0
273;air_base;2086.97;11.00;1341.06;0.00;0
273;anti_air_building;2080.60;11.00;1375.49;0.00;0
273;bunker;2090.81;11.00;1364.71;0.00;0
273;fuel_silo;2070.94;11.00;1354.85;0.00;0
273;radar_station;2109.42;11.00;1334.22;0.00;0
273;nuclear_reactor_spawn;2097.26;11.00;1335.68;0.00;0
273;rocket_site_spawn;2079.67;11.00;1361.80;0.00;0
273;synthetic_refinery;2102.68;11.00;1357.92;0.00;0
273;supply_node;2102.10;11.00;1368.85;0.00;0
273;dockyard;2079.07;11.00;1336.81;0.00;0
273;coastal_bunker;2105.88;11.00;1346.73;0.00;0
274;arms_factory;2111.12;11.00;1278.90;0.00;0
274;industrial_complex;2131.37;11.00;1268.31;0.00;0
274;air_base;2113.27;11.00;1318.46;0.00;0
274;anti_air_building;2096.12;11.00;1294.86;0.00;0
274;bunker;2083.85;11.00;1294.72;0.00;0
274;fuel_silo;2091.07;11.00;1321.58;0.00;0
274;radar_station;2094.10;11.00;1282.27;0.00;0
274;nuclear_reactor_spawn;2084.93;11.00;1275.95;0.00;0
274;rocket_site_spawn;2079.01;11.00;1287.29;0.00;0
274;synthetic_refinery;2131.30;11.00;1281.72;0.00;0
274;supply_node;2103.42;11.00;1323.82;0.00;0
274;dockyard;2109.78;11.00;1292.61;0.00;0
274;coastal_bunker;2114.68;11.00;1304.10;0.00;0
275;arms_factory;2054.99;11.00;1401.18;0.00;0
275;industrial_complex;2079.64;11.00;1398.04;0.00;0
275;air_base;2046.08;11.00;1411.33;0.00;0
275;anti_air_building;2061.05;11.00;1385.12;0.00;0
275;bunker;2090.69;11.00;1402.47;0.00;0
275;fuel_silo;2075.98;11.00;1386.22;0.00;0
275;radar_station;2031.85;11.00;1383.91;0.00;0
275;nuclear_reactor_spawn;2047.20;11.00;1387.71;0.00;0
275;rocket_site_spawn;2030.65;11.00;1395.67;0.00;0
275;synthetic_refinery;2070.75;11.00;1412.57;0.00;0
275;supply_node;2057.81;11.00;1413.63;0.00;0
275;dockyard;2067.12;11.00;1400.15;0.00;0
275;coastal_bunker;2046.11;11.00;1374.51;0.00;0
276;arms_factory;3373.21;11.00;1387.26;0.00;0
276;industrial_complex;3383.61;11.00;1390.11;0.00;0
276;air_base;3397.86;11.00;1389.15;0.00;0
276;anti_air_building;3369.57;11.00;1374.42;0.00;0
276;bunker;3382.89;11.00;1379.09;0.00;0
276;fuel_silo;3399.10;11.00;1379.45;0.00;0
276;radar_station;3373.71;11.00;1361.61;0.00;0
276;nuclear_reactor_spawn;3384.39;11.00;1366.78;0.00;0
276;rocket_site_spawn;3402.94;11.00;1368.21;0.00;0
276;synthetic_refinery;3366.04;11.00;1357.76;0.00;0
276;supply_node;3386.67;11.00;1349.62;0.00;0
276;dockyard;3399.82;11.00;1355.99;0.00;0
276;coastal_bunker;3370.95;11.00;1339.40;0.00;0
277;arms_factory;3251.72;11.00;1252.72;0.00;0
277;industrial_complex;3261.57;11.00;1257.11;0.00;0
277;air_base;3274.19;11.00;1254.24;0.00;0
277;anti_air_building;3245.67;11.00;1244.51;0.00;0
277;bunker;3263.72;11.00;1242.02;0.00;0
277;fuel_silo;3280.09;11.00;1240.52;0.00;0
277;radar_station;3244.82;11.00;1230.69;0.00;0
277;nuclear_reactor_spawn;3253.07;11.00;1237.49;0.00;0
277;rocket_site_spawn;3271.61;11.00;1228.88;0.00;0
277;synthetic_refinery;3244.09;11.00;1217.36;0.00;0
277;supply_node;3257.09;11.00;1224.10;0.00;0
277;dockyard;3281.28;11.00;1219.10;0.00;0
277;coastal_bunker;3244.61;11.00;1205.46;0.00;0
278;arms_factory;2565.33;11.00;953.35;0.00;0
278;industrial_complex;2587.94;11.00;963.87;0.00;0
278;air_base;2593.96;11.00;951.76;0.00;0
278;anti_air_building;2577.65;11.00;954.06;0.00;0
278;bunker;2599.23;11.00;959.95;0.00;0
278;fuel_silo;2583.23;11.00;973.48;0.00;0
278;radar_station;2569.40;11.00;937.41;0.00;0
278;nuclear_reactor_spawn;2573.06;11.00;967.74;0.00;0
278;rocket_site_spawn;2552.62;11.00;939.73;0.00;0
278;synthetic_refinery;2545.54;11.00;952.13;0.00;0
278;supply_node;2558.66;11.00;967.00;0.00;0
278;dockyard;2564.72;11.00;974.92;0.00;0
278;coastal_bunker;2552.54;11.00;959.07;0.00;0
279;arms_factory;2575.93;11.00;994.28;0.00;0
279;industrial_complex;2601.30;11.00;970.59;0.00;0
279;air_base;2605.89;11.00;983.38;0.00;0
279;anti_air_building;2611.05;11.00;995.90;0.00;0
279;bunker;2572.49;11.00;1012.25;0.00;0
279;fuel_silo;2575.51;11.00;983.60;0.00;0
279;radar_station;2590.28;11.00;1014.34;0.00;0
279;nuclear_reactor_spawn;2564.45;11.00;999.18;0.00;0
279;rocket_site_spawn;2605.80;11.00;1009.99;0.00;0
279;synthetic_refinery;2597.89;11.00;1000.32;0.00;0
279;supply_node;2587.35;11.00;997.51;0.00;0
279;dockyard;2591.68;11.00;982.93;0.00;0
279;coastal_bunker;2578.72;11.00;1007.36;0.00;0
280;arms_factory;2441.60;11.00;935.45;0.00;0
280;industrial_complex;2422.77;11.00;953.55;0.00;0
280;air_base;2447.82;11.00;948.91;0.00;0
280;anti_air_building;2434.16;11.00;914.36;0.00;0
280;bunker;2434.34;11.00;968.47;0.00;0
280;fuel_silo;2431.68;11.00;958.49;0.00;0
280;radar_station;2423.85;11.00;943.42;0.00;0
280;nuclear_reactor_spawn;2446.27;11.00;915.07;0.00;0
280;rocket_site_spawn;2446.46;11.00;960.93;0.00;0
280;synthetic_refinery;2418.61;11.00;934.36;0.00;0
280;supply_node;2453.63;11.00;931.06;0.00;0
280;dockyard;2422.45;11.00;921.18;0.00;0
280;coastal_bunker;2431.57;11.00;929.84;0.00;0
281;arms_factory;2454.44;11.00;995.78;0.00;0
281;industrial_complex;2447.19;11.00;973.47;0.00;0
281;air_base;2470.11;11.00;972.83;0.00;0
281;anti_air_building;2490.48;11.00;990.63;0.00;0
281;bunker;2438.92;11.00;978.89;0.00;0
281;fuel_silo;2458.40;11.00;974.05;0.00;0
281;radar_station;2444.67;11.00;988.04;0.00;0
281;nuclear_reactor_spawn;2485.82;11.00;978.42;0.00;0
281;rocket_site_spawn;2498.15;11.00;982.31;0.00;0
281;synthetic_refinery;2459.68;11.00;962.10;0.00;0
281;supply_node;2481.84;11.00;967.66;0.00;0
281;dockyard;2471.70;11.00;984.88;0.00;0
281;coastal_bunker;2456.17;11.00;984.51;0.00;0
282;arms_factory;2482.95;11.00;953.74;0.00;0
282;industrial_complex;2474.17;11.00;930.86;0.00;0
282;air_base;2488.23;11.00;930.43;0.00;0
282;anti_air_building;2497.66;11.00;946.94;0.00;0
282;bunker;2483.96;11.00;917.62;0.00;0
282;fuel_silo;2459.47;11.00;918.30;0.00;0
282;radar_station;2498.97;11.00;958.43;0.00;0
282;nuclear_reactor_spawn;2487.95;11.00;941.19;0.00;0
282;rocket_site_spawn;2468.88;11.00;941.34;0.00;0
282;synthetic_refinery;2458.19;11.00;945.61;0.00;0
282;supply_node;2470.17;11.00;910.82;0.00;0
282;dockyard;2482.95;11.00;953.74;0.00;0
282;coastal_bunker;2474.17;11.00;930.86;0.00;0
283;arms_factory;3639.87;11.00;170.92;0.00;0
283;industrial_complex;3626.47;11.00;192.97;0.00;0
283;air_base;3656.02;11.00;177.51;0.00;0
283;anti_air_building;3633.57;11.00;212.80;0.00;0
283;bunker;3638.67;11.00;181.53;0.00;0
283;fuel_silo;3654.62;11.00;216.36;0.00;0
283;radar_station;3665.45;11.00;212.40;0.00;0
283;nuclear_reactor_spawn;3638.69;11.00;190.69;0.00;0
283;rocket_site_spawn;3655.57;11.00;166.99;0.00;0
283;synthetic_refinery;3644.35;11.00;214.33;0.00;0
283;supply_node;3627.66;11.00;167.99;0.00;0
283;dockyard;3622.55;11.00;181.71;0.00;0
283;coastal_bunker;3616.12;11.00;204.04;0.00;0
284;arms_factory;2552.34;11.00;481.46;0.00;0
284;industrial_complex;2519.53;11.00;505.89;0.00;0
284;air_base;2531.88;11.00;508.20;0.00;0
284;anti_air_building;2560.02;11.00;536.42;0.00;0
284;bunker;2552.91;11.00;498.25;0.00;0
284;fuel_silo;2583.97;11.00;511.43;0.00;0
284;radar_station;2548.46;11.00;531.79;0.00;0
284;nuclear_reactor_spawn;2538.87;11.00;529.37;0.00;0
284;rocket_site_spawn;2558.29;11.00;522.68;0.00;0
284;synthetic_refinery;2565.38;11.00;509.91;0.00;0
284;supply_node;2528.09;11.00;535.97;0.00;0
285;arms_factory;2735.68;11.00;826.29;0.00;0
285;industrial_complex;2684.89;11.00;836.37;0.00;0
285;air_base;2705.39;11.00;829.31;0.00;0
285;anti_air_building;2744.21;11.00;834.91;0.00;0
285;bunker;2706.65;11.00;839.65;0.00;0
285;fuel_silo;2739.01;11.00;806.47;0.00;0
285;radar_station;2736.16;11.00;854.16;0.00;0
285;nuclear_reactor_spawn;2725.50;11.00;851.25;0.00;0
285;rocket_site_spawn;2724.17;11.00;827.56;0.00;0
285;synthetic_refinery;2742.03;11.00;817.84;0.00;0
285;supply_node;2719.12;11.00;838.17;0.00;0
285;dockyard;2695.53;11.00;837.88;0.00;0
285;coastal_bunker;2696.90;11.00;817.15;0.00;0
286;arms_factory;3447.48;11.00;379.77;0.00;0
286;industrial_complex;3481.05;11.00;360.79;0.00;0
286;air_base;3472.09;11.00;370.59;0.00;0
286;anti_air_building;3503.93;11.00;370.55;0.00;0
286;bunker;3484.59;11.00;348.63;0.00;0
286;fuel_silo;3479.95;11.00;394.71;0.00;0
286;radar_station;3497.32;11.00;356.01;0.00;0
286;nuclear_reactor_spawn;3486.35;11.00;388.72;0.00;0
286;rocket_site_spawn;3469.76;11.00;393.04;0.00;0
286;synthetic_refinery;3451.24;11.00;355.75;0.00;0
286;supply_node;3454.54;11.00;342.79;0.00;0
287;arms_factory;2959.59;11.00;698.12;0.00;0
287;industrial_complex;2951.14;11.00;660.84;0.00;0
287;air_base;2971.05;11.00;700.46;0.00;0
287;anti_air_building;2907.73;11.00;688.74;0.00;0
287;bunker;2946.54;11.00;675.23;0.00;0
287;fuel_silo;2964.57;11.00;665.74;0.00;0
287;radar_station;2922.01;11.00;698.26;0.00;0
287;nuclear_reactor_spawn;2946.99;11.00;652.21;0.00;0
287;rocket_site_spawn;2935.49;11.00;657.27;0.00;0
287;synthetic_refinery;2918.07;11.00;710.92;0.00;0
287;supply_node;2969.65;11.00;688.12;0.00;0
288;arms_factory;2819.26;11.00;431.14;0.00;0
288;industrial_complex;2849.06;11.00;446.88;0.00;0
288;air_base;2842.28;11.00;437.83;0.00;0
288;anti_air_building;2860.90;11.00;439.80;0.00;0
288;bunker;2835.26;11.00;430.38;0.00;0
288;fuel_silo;2870.97;11.00;434.86;0.00;0
288;radar_station;2835.94;11.00;447.62;0.00;0
288;nuclear_reactor_spawn;2853.13;11.00;430.20;0.00;0
288;rocket_site_spawn;2824.55;11.00;445.78;0.00;0
288;synthetic_refinery;2830.82;11.00;420.03;0.00;0
288;supply_node;2846.81;11.00;417.98;0.00;0
289;arms_factory;2813.05;11.00;866.13;0.00;0
289;industrial_complex;2820.25;11.00;838.09;0.00;0
289;air_base;2845.48;11.00;867.27;0.00;0
289;anti_air_building;2851.03;11.00;856.89;0.00;0
289;bunker;2830.28;11.00;834.77;0.00;0
289;fuel_silo;2839.13;11.00;842.54;0.00;0
289;radar_station;2823.62;11.00;879.03;0.00;0
289;nuclear_reactor_spawn;2813.98;11.00;877.89;0.00;0
289;rocket_site_spawn;2841.08;11.00;877.75;0.00;0
289;synthetic_refinery;2827.43;11.00;849.66;0.00;0
289;supply_node;2851.75;11.00;874.27;0.00;0
289;dockyard;2828.40;11.00;867.56;0.00;0
289;coastal_bunker;2818.61;11.00;856.82;0.00;0
290;arms_factory;3353.81;11.00;134.15;0.00;0
290;industrial_complex;3320.35;11.00;136.97;0.00;0
290;air_base;3346.83;11.00;144.06;0.00;0
290;anti_air_building;3331.24;11.00;136.36;0.00;0
290;bunker;3333.64;11.00;119.74;0.00;0
290;fuel_silo;3355.92;11.00;117.46;0.00;0
290;radar_station;3322.43;11.00;125.14;0.00;0
290;nuclear_reactor_spawn;3334.45;11.00;148.17;0.00;0
290;rocket_site_spawn;3345.94;11.00;155.25;0.00;0
290;synthetic_refinery;3308.06;11.00;139.17;0.00;0
290;supply_node;3306.25;11.00;126.11;0.00;0
290;dockyard;3293.84;11.00;112.63;0.00;0
290;coastal_bunker;3344.91;11.00;124.68;0.00;0
291;arms_factory;2800.00;11.00;614.60;0.00;0
291;industrial_complex;2790.08;11.00;569.63;0.00;0
291;air_base;2768.65;11.00;591.35;0.00;0
291;anti_air_building;2807.72;11.00;576.24;0.00;0
291;bunker;2792.24;11.00;606.36;0.00;0
291;fuel_silo;2820.52;11.00;590.01;0.00;0
291;radar_station;2779.64;11.00;603.19;0.00;0
291;nuclear_reactor_spawn;2812.12;11.00;606.45;0.00;0
291;rocket_site_spawn;2802.27;11.00;599.96;0.00;0
291;synthetic_refinery;2794.95;11.00;578.46;0.00;0
291;supply_node;2807.50;11.00;589.05;0.00;0
292;arms_factory;2795.21;11.00;774.03;0.00;0
292;industrial_complex;2746.75;11.00;784.08;0.00;0
292;air_base;2761.44;11.00;806.97;0.00;0
292;anti_air_building;2792.13;11.00;806.01;0.00;0
292;bunker;2783.26;11.00;817.91;0.00;0
292;fuel_silo;2782.05;11.00;772.96;0.00;0
292;radar_station;2745.62;11.00;798.07;0.00;0
292;nuclear_reactor_spawn;2800.28;11.00;789.92;0.00;0
292;rocket_site_spawn;2753.33;11.00;815.47;0.00;0
292;synthetic_refinery;2783.73;11.00;792.44;0.00;0
292;supply_node;2770.88;11.00;818.01;0.00;0
293;arms_factory;2119.17;11.00;507.59;0.00;0
293;industrial_complex;2137.19;11.00;534.64;0.00;0
293;air_base;2131.04;11.00;566.30;0.00;0
293;anti_air_building;2142.69;11.00;523.20;0.00;0
293;bunker;2153.50;11.00;512.48;0.00;0
293;fuel_silo;2140.25;11.00;511.13;0.00;0
293;radar_station;2158.58;11.00;561.48;0.00;0
293;nuclear_reactor_spawn;2105.99;11.00;523.68;0.00;0
293;rocket_site_spawn;2133.37;11.00;547.86;0.00;0
293;synthetic_refinery;2114.69;11.00;517.58;0.00;0
293;supply_node;2116.93;11.00;554.06;0.00;0
294;arms_factory;2286.25;11.00;331.68;0.00;0
294;industrial_complex;2266.51;11.00;337.80;0.00;0
294;air_base;2296.12;11.00;343.62;0.00;0
294;anti_air_building;2277.72;11.00;345.39;0.00;0
294;bunker;2261.49;11.00;368.49;0.00;0
294;fuel_silo;2257.25;11.00;351.31;0.00;0
294;radar_station;2240.78;11.00;350.56;0.00;0
294;nuclear_reactor_spawn;2250.53;11.00;362.71;0.00;0
294;rocket_site_spawn;2277.98;11.00;320.09;0.00;0
294;synthetic_refinery;2268.79;11.00;356.56;0.00;0
294;supply_node;2234.80;11.00;327.95;0.00;0
294;dockyard;2246.77;11.00;324.00;0.00;0
294;coastal_bunker;2274.75;11.00;368.70;0.00;0
295;arms_factory;3436.20;11.00;446.06;0.00;0
295;industrial_complex;3426.97;11.00;400.63;0.00;0
295;air_base;3460.14;11.00;415.21;0.00;0
295;anti_air_building;3442.47;11.00;425.16;0.00;0
295;bunker;3428.81;11.00;424.66;0.00;0
295;fuel_silo;3416.36;11.00;409.91;0.00;0
295;radar_station;3421.56;11.00;435.72;0.00;0
295;nuclear_reactor_spawn;3443.45;11.00;456.58;0.00;0
295;rocket_site_spawn;3451.40;11.00;412.24;0.00;0
295;synthetic_refinery;3411.86;11.00;443.48;0.00;0
295;supply_node;3452.28;11.00;440.21;0.00;0
296;arms_factory;2958.79;11.00;578.83;0.00;0
296;industrial_complex;2919.27;11.00;578.81;0.00;0
296;air_base;2933.41;11.00;577.34;0.00;0
296;anti_air_building;2960.48;11.00;593.55;0.00;0
296;bunker;2937.28;11.00;594.07;0.00;0
296;fuel_silo;2948.32;11.00;567.88;0.00;0
296;radar_station;2936.21;11.00;561.60;0.00;0
296;nuclear_reactor_spawn;2923.69;11.00;567.90;0.00;0
296;rocket_site_spawn;2947.83;11.00;555.57;0.00;0
296;synthetic_refinery;2905.14;11.00;577.10;0.00;0
296;supply_node;2911.49;11.00;565.43;0.00;0
297;arms_factory;3775.45;11.00;448.32;0.00;0
297;industrial_complex;3722.89;11.00;411.92;0.00;0
297;air_base;3769.58;11.00;410.06;0.00;0
297;anti_air_building;3738.89;11.00;436.19;0.00;0
297;bunker;3729.41;11.00;419.38;0.00;0
297;fuel_silo;3718.95;11.00;426.43;0.00;0
297;radar_station;3778.16;11.00;416.71;0.00;0
297;nuclear_reactor_spawn;3744.70;11.00;448.04;0.00;0
297;rocket_site_spawn;3763.87;11.00;422.15;0.00;0
297;synthetic_refinery;3756.47;11.00;447.93;0.00;0
297;supply_node;3741.77;11.00;412.82;0.00;0
297;dockyard;3763.75;11.00;404.37;0.00;0
297;coastal_bunker;3734.41;11.00;448.81;0.00;0
298;arms_factory;3202.09;11.00;782.66;0.00;0
298;industrial_complex;3166.01;11.00;784.43;0.00;0
298;air_base;3180.97;11.00;769.37;0.00;0
298;anti_air_building;3191.66;11.00;789.28;0.00;0
298;bunker;3198.39;11.00;821.19;0.00;0
298;fuel_silo;3161.87;11.00;807.40;0.00;0
298;radar_station;3162.36;11.00;795.22;0.00;0
298;nuclear_reactor_spawn;3185.12;11.00;830.15;0.00;0
298;rocket_site_spawn;3178.53;11.00;815.39;0.00;0
298;synthetic_refinery;3207.80;11.00;795.70;0.00;0
298;supply_node;3188.82;11.00;818.98;0.00;0
298;dockyard;3173.65;11.00;799.11;0.00;0
298;coastal_bunker;3224.03;11.00;833.34;0.00;0
299;arms_factory;3666.42;11.00;625.06;0.00;0
299;industrial_complex;3674.81;11.00;618.45;0.00;0
299;air_base;3686.89;11.00;638.19;0.00;0
299;anti_air_building;3683.21;11.00;623.95;0.00;0
299;bunker;3650.83;11.00;636.11;0.00;0
299;fuel_silo;3675.37;11.00;648.78;0.00;0
299;radar_station;3686.33;11.00;631.29;0.00;0
299;nuclear_reactor_spawn;3654.27;11.00;660.45;0.00;0
299;rocket_site_spawn;3661.68;11.00;641.28;0.00;0
299;synthetic_refinery;3655.98;11.00;626.61;0.00;0
299;supply_node;3663.12;11.00;651.78;0.00;0
299;dockyard;3683.25;11.00;644.38;0.00;0
299;coastal_bunker;3651.56;11.00;653.98;0.00;0
300;arms_factory;2660.80;11.00;771.64;0.00;0
300;industrial_complex;2638.68;11.00;759.95;0.00;0
300;air_base;2648.38;11.00;769.85;0.00;0
300;anti_air_building;2645.86;11.00;748.83;0.00;0
300;bunker;2653.74;11.00;782.71;0.00;0
300;fuel_silo;2612.14;11.00;768.28;0.00;0
300;radar_station;2636.17;11.00;792.67;0.00;0
300;nuclear_reactor_spawn;2648.28;11.00;737.01;0.00;0
300;rocket_site_spawn;2657.67;11.00;746.15;0.00;0
300;synthetic_refinery;2639.89;11.00;782.67;0.00;0
300;supply_node;2633.38;11.00;737.13;0.00;0
301;arms_factory;2473.45;11.00;388.57;0.00;0
301;industrial_complex;2464.08;11.00;375.33;0.00;0
301;air_base;2424.89;11.00;373.64;0.00;0
301;anti_air_building;2446.90;11.00;373.98;0.00;0
301;bunker;2455.99;11.00;361.58;0.00;0
301;fuel_silo;2439.50;11.00;361.94;0.00;0
301;radar_station;2457.30;11.00;385.93;0.00;0
301;nuclear_reactor_spawn;2443.91;11.00;389.36;0.00;0
301;rocket_site_spawn;2451.36;11.00;349.49;0.00;0
301;synthetic_refinery;2453.80;11.00;398.61;0.00;0
301;supply_node;2425.02;11.00;361.97;0.00;0
302;arms_factory;2477.82;11.00;523.17;0.00;0
302;industrial_complex;2511.71;11.00;514.89;0.00;0
302;air_base;2502.99;11.00;545.20;0.00;0
302;anti_air_building;2489.49;11.00;518.72;0.00;0
302;bunker;2469.91;11.00;530.53;0.00;0
302;fuel_silo;2501.58;11.00;519.44;0.00;0
302;radar_station;2487.52;11.00;531.65;0.00;0
302;nuclear_reactor_spawn;2480.52;11.00;509.73;0.00;0
302;rocket_site_spawn;2505.78;11.00;502.86;0.00;0
302;synthetic_refinery;2494.18;11.00;554.44;0.00;0
302;supply_node;2489.68;11.00;542.58;0.00;0
303;arms_factory;3143.43;11.00;296.66;0.00;0
303;industrial_complex;3160.52;11.00;323.51;0.00;0
303;air_base;3126.74;11.00;320.43;0.00;0
303;anti_air_building;3189.70;11.00;316.54;0.00;0
303;bunker;3173.74;11.00;332.59;0.00;0
303;fuel_silo;3120.54;11.00;313.60;0.00;0
303;radar_station;3156.85;11.00;297.59;0.00;0
303;nuclear_reactor_spawn;3122.47;11.00;301.13;0.00;0
303;rocket_site_spawn;3137.40;11.00;316.21;0.00;0
303;synthetic_refinery;3173.40;11.00;318.19;0.00;0
303;supply_node;3149.41;11.00;310.91;0.00;0
303;dockyard;3130.66;11.00;331.23;0.00;0
303;coastal_bunker;3131.98;11.00;291.33;0.00;0
304;arms_factory;2477.20;11.00;617.07;0.00;0
304;industrial_complex;2491.69;11.00;627.60;0.00;0
304;air_base;2505.77;11.00;642.10;0.00;0
304;anti_air_building;2491.28;11.00;613.32;0.00;0
304;bunker;2519.42;11.00;613.94;0.00;0
304;fuel_silo;2491.59;11.00;599.50;0.00;0
304;radar_station;2477.91;11.00;605.25;0.00;0
304;nuclear_reactor_spawn;2503.64;11.00;615.05;0.00;0
304;rocket_site_spawn;2513.25;11.00;604.84;0.00;0
304;synthetic_refinery;2516.19;11.00;626.46;0.00;0
304;supply_node;2504.63;11.00;628.46;0.00;0
305;arms_factory;2933.17;11.00;832.91;0.00;0
305;industrial_complex;2917.36;11.00;838.83;0.00;0
305;air_base;2920.69;11.00;852.17;0.00;0
305;anti_air_building;2945.42;11.00;872.14;0.00;0
305;bunker;2945.44;11.00;830.73;0.00;0
305;fuel_silo;2925.30;11.00;815.36;0.00;0
305;radar_station;2922.90;11.00;868.69;0.00;0
305;nuclear_reactor_spawn;2949.35;11.00;851.97;0.00;0
305;rocket_site_spawn;2902.40;11.00;869.66;0.00;0
305;synthetic_refinery;2937.47;11.00;806.06;0.00;0
305;supply_node;2921.94;11.00;827.10;0.00;0
305;dockyard;2909.79;11.00;854.97;0.00;0
305;coastal_bunker;2932.31;11.00;857.93;0.00;0
306;arms_factory;3487.07;11.00;256.28;0.00;0
306;industrial_complex;3489.33;11.00;242.35;0.00;0
306;air_base;3507.18;11.00;239.40;0.00;0
306;anti_air_building;3486.11;11.00;269.94;0.00;0
306;bunker;3504.55;11.00;277.52;0.00;0
306;fuel_silo;3501.53;11.00;252.85;0.00;0
306;radar_station;3517.55;11.00;281.46;0.00;0
306;nuclear_reactor_spawn;3523.77;11.00;254.43;0.00;0
306;rocket_site_spawn;3500.77;11.00;231.14;0.00;0
306;synthetic_refinery;3507.05;11.00;290.23;0.00;0
306;supply_node;3535.10;11.00;257.87;0.00;0
307;arms_factory;3079.69;11.00;375.82;0.00;0
307;industrial_complex;3055.10;11.00;369.99;0.00;0
307;air_base;3059.11;11.00;384.80;0.00;0
307;anti_air_building;3108.10;11.00;393.54;0.00;0
307;bunker;3072.44;11.00;386.22;0.00;0
307;fuel_silo;3044.94;11.00;386.05;0.00;0
307;radar_station;3067.94;11.00;359.79;0.00;0
307;nuclear_reactor_spawn;3086.92;11.00;390.51;0.00;0
307;rocket_site_spawn;3043.93;11.00;375.31;0.00;0
307;synthetic_refinery;3102.02;11.00;366.06;0.00;0
307;supply_node;3066.89;11.00;372.28;0.00;0
308;arms_factory;2167.35;11.00;831.04;0.00;0
308;industrial_complex;2178.04;11.00;795.67;0.00;0
308;air_base;2144.61;11.00;795.39;0.00;0
308;anti_air_building;2143.81;11.00;807.19;0.00;0
308;bunker;2152.19;11.00;834.40;0.00;0
308;fuel_silo;2179.96;11.00;819.83;0.00;0
308;radar_station;2159.59;11.00;798.68;0.00;0
308;nuclear_reactor_spawn;2159.05;11.00;811.64;0.00;0
308;rocket_site_spawn;2174.78;11.00;805.99;0.00;0
308;synthetic_refinery;2144.14;11.00;819.74;0.00;0
308;supply_node;2179.96;11.00;838.69;0.00;0
309;arms_factory;2562.72;11.00;432.09;0.00;0
309;industrial_complex;2616.35;11.00;429.39;0.00;0
309;air_base;2581.22;11.00;423.60;0.00;0
309;anti_air_building;2599.45;11.00;438.54;0.00;0
309;bunker;2602.44;11.00;419.16;0.00;0
309;fuel_silo;2578.63;11.00;403.72;0.00;0
309;radar_station;2585.40;11.00;413.83;0.00;0
309;nuclear_reactor_spawn;2607.01;11.00;433.39;0.00;0
309;rocket_site_spawn;2589.34;11.00;433.18;0.00;0
309;synthetic_refinery;2563.44;11.00;417.64;0.00;0
309;supply_node;2566.52;11.00;404.71;0.00;0
310;arms_factory;3047.15;11.00;760.05;0.00;0
310;industrial_complex;3035.25;11.00;796.51;0.00;0
310;air_base;3008.61;11.00;756.37;0.00;0
310;anti_air_building;3060.02;11.00;759.67;0.00;0
310;bunker;3064.91;11.00;773.88;0.00;0
310;fuel_silo;3036.48;11.00;784.14;0.00;0
310;radar_station;3037.48;11.00;772.73;0.00;0
310;nuclear_reactor_spawn;3074.39;11.00;757.01;0.00;0
310;rocket_site_spawn;3067.04;11.00;738.52;0.00;0
310;synthetic_refinery;3054.91;11.00;783.54;0.00;0
310;supply_node;3075.48;11.00;769.94;0.00;0
311;arms_factory;3584.16;11.00;280.87;0.00;0
311;industrial_complex;3569.96;11.00;321.62;0.00;0
311;air_base;3593.69;11.00;289.31;0.00;0
311;anti_air_building;3575.78;11.00;306.57;0.00;0
311;bunker;3543.62;11.00;315.29;0.00;0
311;fuel_silo;3546.51;11.00;277.27;0.00;0
311;radar_station;3584.44;11.00;314.01;0.00;0
311;nuclear_reactor_spawn;3566.99;11.00;302.20;0.00;0
311;rocket_site_spawn;3535.19;11.00;304.46;0.00;0
311;synthetic_refinery;3554.33;11.00;324.77;0.00;0
311;supply_node;3564.76;11.00;267.47;0.00;0
311;dockyard;3557.14;11.00;281.69;0.00;0
311;coastal_bunker;3566.50;11.00;290.02;0.00;0
312;arms_factory;2313.06;11.00;769.92;0.00;0
312;industrial_complex;2330.07;11.00;798.55;0.00;0
312;air_base;2322.27;11.00;807.81;0.00;0
312;anti_air_building;2331.92;11.00;749.38;0.00;0
312;bunker;2339.45;11.00;771.21;0.00;0
312;fuel_silo;2304.71;11.00;796.42;0.00;0
312;radar_station;2318.81;11.00;790.19;0.00;0
312;nuclear_reactor_spawn;2341.12;11.00;796.81;0.00;0
312;rocket_site_spawn;2324.05;11.00;773.40;0.00;0
312;synthetic_refinery;2310.02;11.00;759.59;0.00;0
312;supply_node;2331.07;11.00;759.76;0.00;0
312;dockyard;2306.16;11.00;786.29;0.00;0
312;coastal_bunker;2293.28;11.00;807.45;0.00;0
313;arms_factory;3762.49;11.00;494.90;0.00;0
313;industrial_complex;3730.66;11.00;469.01;0.00;0
313;air_base;3759.22;11.00;465.37;0.00;0
313;anti_air_building;3730.05;11.00;480.59;0.00;0
313;bunker;3751.13;11.00;480.38;0.00;0
313;fuel_silo;3734.63;11.00;460.18;0.00;0
313;radar_station;3728.11;11.00;495.58;0.00;0
313;nuclear_reactor_spawn;3716.05;11.00;482.41;0.00;0
313;rocket_site_spawn;3748.89;11.00;459.35;0.00;0
313;synthetic_refinery;3719.36;11.00;468.79;0.00;0
313;supply_node;3740.32;11.00;490.13;0.00;0
314;arms_factory;2454.18;11.00;507.30;0.00;0
314;industrial_complex;2419.00;11.00;484.87;0.00;0
314;air_base;2466.99;11.00;493.97;0.00;0
314;anti_air_building;2427.41;11.00;471.61;0.00;0
314;bunker;2450.08;11.00;484.03;0.00;0
314;fuel_silo;2479.12;11.00;484.26;0.00;0
314;radar_station;2467.33;11.00;507.02;0.00;0
314;nuclear_reactor_spawn;2433.64;11.00;485.00;0.00;0
314;rocket_site_spawn;2470.75;11.00;470.48;0.00;0
314;synthetic_refinery;2455.55;11.00;493.45;0.00;0
314;supply_node;2479.78;11.00;497.48;0.00;0
315;arms_factory;2391.20;11.00;369.87;0.00;0
315;industrial_complex;2394.42;11.00;382.80;0.00;0
315;air_base;2358.37;11.00;389.87;0.00;0
315;anti_air_building;2385.52;11.00;399.73;0.00;0
315;bunker;2404.37;11.00;385.49;0.00;0
315;fuel_silo;2371.29;11.00;351.12;0.00;0
315;radar_station;2375.76;11.00;372.45;0.00;0
315;nuclear_reactor_spawn;2352.03;11.00;377.06;0.00;0
315;rocket_site_spawn;2367.66;11.00;398.60;0.00;0
315;synthetic_refinery;2384.14;11.00;384.07;0.00;0
315;supply_node;2405.19;11.00;364.24;0.00;0
316;arms_factory;2335.54;11.00;631.14;0.00;0
316;industrial_complex;2337.95;11.00;642.02;0.00;0
316;air_base;2322.53;11.00;689.03;0.00;0
316;anti_air_building;2350.90;11.00;672.35;0.00;0
316;bunker;2334.66;11.00;652.79;0.00;0
316;fuel_silo;2357.33;11.00;659.76;0.00;0
316;radar_station;2348.58;11.00;697.37;0.00;0
316;nuclear_reactor_spawn;2338.51;11.00;664.23;0.00;0
316;rocket_site_spawn;2315.85;11.00;665.65;0.00;0
316;synthetic_refinery;2310.99;11.00;676.66;0.00;0
316;supply_node;2364.33;11.00;675.12;0.00;0
317;arms_factory;3351.96;11.00;696.01;0.00;0
317;industrial_complex;3336.30;11.00;676.70;0.00;0
317;air_base;3325.66;11.00;657.70;0.00;0
317;anti_air_building;3355.39;11.00;684.23;0.00;0
317;bunker;3368.51;11.00;647.58;0.00;0
317;fuel_silo;3339.62;11.00;649.69;0.00;0
317;radar_station;3334.91;11.00;664.81;0.00;0
317;nuclear_reactor_spawn;3349.83;11.00;673.41;0.00;0
317;rocket_site_spawn;3353.64;11.00;648.80;0.00;0
317;synthetic_refinery;3369.72;11.00;658.34;0.00;0
317;supply_node;3341.92;11.00;717.44;0.00;0
317;dockyard;3358.45;11.00;666.24;0.00;0
317;coastal_bunker;3327.06;11.00;707.50;0.00;0
318;arms_factory;2111.45;11.00;893.42;0.00;0
318;industrial_complex;2110.95;11.00;913.11;0.00;0
318;air_base;2150.08;11.00;925.20;0.00;0
318;anti_air_building;2132.86;11.00;900.56;0.00;0
318;bunker;2125.51;11.00;912.49;0.00;0
318;fuel_silo;2154.37;11.00;878.53;0.00;0
318;radar_station;2125.04;11.00;924.82;0.00;0
318;nuclear_reactor_spawn;2116.71;11.00;918.61;0.00;0
318;rocket_site_spawn;2145.14;11.00;908.34;0.00;0
318;synthetic_refinery;2146.68;11.00;867.28;0.00;0
318;supply_node;2106.35;11.00;905.61;0.00;0
318;dockyard;2118.78;11.00;879.50;0.00;0
318;coastal_bunker;2099.58;11.00;898.32;0.00;0
319;arms_factory;3821.53;11.00;494.45;0.00;0
319;industrial_complex;3788.77;11.00;448.76;0.00;0
319;air_base;3796.31;11.00;498.73;0.00;0
319;anti_air_building;3791.64;11.00;477.61;0.00;0
319;bunker;3784.66;11.00;496.88;0.00;0
319;fuel_silo;3801.80;11.00;512.79;0.00;0
319;radar_station;3771.81;11.00;460.38;0.00;0
319;nuclear_reactor_spawn;3771.84;11.00;473.70;0.00;0
319;rocket_site_spawn;3825.46;11.00;480.30;0.00;0
319;synthetic_refinery;3811.03;11.00;498.36;0.00;0
319;supply_node;3814.09;11.00;508.12;0.00;0
319;dockyard;3784.59;11.00;514.77;0.00;0
319;coastal_bunker;3830.38;11.00;488.84;0.00;0
320;arms_factory;2415.35;11.00;425.38;0.00;0
320;industrial_complex;2428.49;11.00;432.05;0.00;0
320;air_base;2409.52;11.00;438.61;0.00;0
320;anti_air_building;2401.75;11.00;431.07;0.00;0
320;bunker;2378.90;11.00;424.36;0.00;0
320;fuel_silo;2398.08;11.00;408.67;0.00;0
320;radar_station;2434.73;11.00;410.98;0.00;0
320;nuclear_reactor_spawn;2418.25;11.00;402.68;0.00;0
320;rocket_site_spawn;2419.38;11.00;450.73;0.00;0
320;synthetic_refinery;2427.26;11.00;397.86;0.00;0
320;supply_node;2407.95;11.00;413.33;0.00;0
321;arms_factory;2996.46;11.00;354.48;0.00;0
321;industrial_complex;3017.57;11.00;403.31;0.00;0
321;air_base;2980.70;11.00;385.20;0.00;0
321;anti_air_building;3016.46;11.00;367.89;0.00;0
321;bunker;3005.74;11.00;409.72;0.00;0
321;fuel_silo;2984.25;11.00;373.95;0.00;0
321;radar_station;2996.89;11.00;379.02;0.00;0
321;nuclear_reactor_spawn;2991.12;11.00;410.03;0.00;0
321;rocket_site_spawn;2993.06;11.00;393.80;0.00;0
321;synthetic_refinery;3033.19;11.00;390.59;0.00;0
321;supply_node;3019.02;11.00;389.92;0.00;0
321;dockyard;2981.21;11.00;399.72;0.00;0
321;coastal_bunker;3005.04;11.00;394.93;0.00;0
322;arms_factory;2515.02;11.00;768.04;0.00;0
322;industrial_complex;2478.60;11.00;806.43;0.00;0
322;air_base;2468.65;11.00;796.30;0.00;0
322;anti_air_building;2521.36;11.00;782.24;0.00;0
322;bunker;2493.34;11.00;795.81;0.00;0
322;fuel_silo;2493.93;11.00;763.06;0.00;0
322;radar_station;2492.54;11.00;782.06;0.00;0
322;nuclear_reactor_spawn;2480.24;11.00;790.97;0.00;0
322;rocket_site_spawn;2506.58;11.00;793.46;0.00;0
322;synthetic_refinery;2491.49;11.00;808.07;0.00;0
322;supply_node;2534.32;11.00;797.21;0.00;0
323;arms_factory;2120.30;11.00;629.55;0.00;0
323;industrial_complex;2109.36;11.00;626.96;0.00;0
323;air_base;2118.77;11.00;651.38;0.00;0
323;anti_air_building;2082.11;11.00;662.95;0.00;0
323;bunker;2098.31;11.00;617.94;0.00;0
323;fuel_silo;2079.14;11.00;651.70;0.00;0
323;radar_station;2096.04;11.00;628.49;0.00;0
323;nuclear_reactor_spawn;2107.05;11.00;663.79;0.00;0
323;rocket_site_spawn;2134.18;11.00;645.95;0.00;0
323;synthetic_refinery;2082.95;11.00;628.59;0.00;0
323;supply_node;2085.13;11.00;616.91;0.00;0
324;arms_factory;3368.86;11.00;626.65;0.00;0
324;industrial_complex;3344.31;11.00;592.16;0.00;0
324;air_base;3363.04;11.00;579.98;0.00;0
324;anti_air_building;3332.41;11.00;626.27;0.00;0
324;bunker;3353.46;11.00;585.38;0.00;0
324;fuel_silo;3344.61;11.00;624.67;0.00;0
324;radar_station;3342.02;11.00;637.42;0.00;0
324;nuclear_reactor_spawn;3341.08;11.00;603.73;0.00;0
324;rocket_site_spawn;3344.58;11.00;579.47;0.00;0
324;synthetic_refinery;3328.02;11.00;599.15;0.00;0
324;supply_node;3370.60;11.00;637.69;0.00;0
324;dockyard;3355.66;11.00;610.75;0.00;0
324;coastal_bunker;3343.61;11.00;614.58;0.00;0
325;arms_factory;2326.93;11.00;531.90;0.00;0
325;industrial_complex;2313.69;11.00;553.87;0.00;0
325;air_base;2360.86;11.00;541.65;0.00;0
325;anti_air_building;2349.79;11.00;545.98;0.00;0
325;bunker;2317.98;11.00;539.30;0.00;0
325;fuel_silo;2336.38;11.00;555.34;0.00;0
325;radar_station;2306.19;11.00;542.33;0.00;0
325;nuclear_reactor_spawn;2322.87;11.00;594.35;0.00;0
325;rocket_site_spawn;2322.06;11.00;565.38;0.00;0
325;synthetic_refinery;2354.65;11.00;561.06;0.00;0
325;supply_node;2339.11;11.00;536.68;0.00;0
325;dockyard;2321.03;11.00;586.28;0.00;0
325;coastal_bunker;2308.08;11.00;567.97;0.00;0
326;arms_factory;3176.09;11.00;590.67;0.00;0
326;industrial_complex;3166.18;11.00;614.21;0.00;0
326;air_base;3153.50;11.00;564.58;0.00;0
326;anti_air_building;3144.75;11.00;588.54;0.00;0
326;bunker;3177.67;11.00;577.55;0.00;0
326;fuel_silo;3189.92;11.00;571.91;0.00;0
326;radar_station;3142.01;11.00;554.19;0.00;0
326;nuclear_reactor_spawn;3140.74;11.00;580.01;0.00;0
326;rocket_site_spawn;3155.35;11.00;577.96;0.00;0
326;synthetic_refinery;3152.26;11.00;610.71;0.00;0
326;supply_node;3160.63;11.00;600.66;0.00;0
327;arms_factory;3488.79;11.00;608.56;0.00;0
327;industrial_complex;3478.45;11.00;616.37;0.00;0
327;air_base;3484.63;11.00;651.09;0.00;0
327;anti_air_building;3491.54;11.00;640.46;0.00;0
327;bunker;3477.48;11.00;599.75;0.00;0
327;fuel_silo;3467.65;11.00;641.10;0.00;0
327;radar_station;3448.78;11.00;630.46;0.00;0
327;nuclear_reactor_spawn;3458.52;11.00;610.57;0.00;0
327;rocket_site_spawn;3483.76;11.00;629.11;0.00;0
327;synthetic_refinery;3449.57;11.00;621.83;0.00;0
327;supply_node;3450.50;11.00;639.82;0.00;0
327;dockyard;3500.04;11.00;616.73;0.00;0
327;coastal_bunker;3467.47;11.00;617.53;0.00;0
328;arms_factory;2225.98;11.00;717.98;0.00;0
328;industrial_complex;2239.45;11.00;674.92;0.00;0
328;air_base;2233.13;11.00;707.69;0.00;0
328;anti_air_building;2231.36;11.00;690.34;0.00;0
328;bunker;2249.96;11.00;726.49;0.00;0
328;fuel_silo;2238.44;11.00;714.40;0.00;0
328;radar_station;2263.69;11.00;663.55;0.00;0
328;nuclear_reactor_spawn;2254.98;11.00;673.33;0.00;0
328;rocket_site_spawn;2274.49;11.00;696.49;0.00;0
328;synthetic_refinery;2262.48;11.00;704.47;0.00;0
328;supply_node;2245.61;11.00;664.72;0.00;0
329;arms_factory;2696.33;11.00;803.07;0.00;0
329;industrial_complex;2697.87;11.00;759.94;0.00;0
329;air_base;2705.03;11.00;774.66;0.00;0
329;anti_air_building;2727.36;11.00;770.85;0.00;0
329;bunker;2733.82;11.00;761.04;0.00;0
329;fuel_silo;2681.59;11.00;777.38;0.00;0
329;radar_station;2733.75;11.00;782.22;0.00;0
329;nuclear_reactor_spawn;2707.28;11.00;792.36;0.00;0
329;rocket_site_spawn;2692.88;11.00;770.94;0.00;0
329;synthetic_refinery;2721.13;11.00;785.08;0.00;0
329;supply_node;2745.93;11.00;770.71;0.00;0
330;arms_factory;2222.20;11.00;847.63;0.00;0
330;industrial_complex;2240.69;11.00;859.00;0.00;0
330;air_base;2234.02;11.00;869.66;0.00;0
330;anti_air_building;2254.88;11.00;849.78;0.00;0
330;bunker;2280.74;11.00;809.01;0.00;0
330;fuel_silo;2248.15;11.00;803.91;0.00;0
330;radar_station;2232.73;11.00;831.73;0.00;0
330;nuclear_reactor_spawn;2264.10;11.00;857.63;0.00;0
330;rocket_site_spawn;2243.83;11.00;820.30;0.00;0
330;synthetic_refinery;2267.78;11.00;820.51;0.00;0
330;supply_node;2275.93;11.00;818.10;0.00;0
330;dockyard;2263.95;11.00;845.66;0.00;0
330;coastal_bunker;2277.52;11.00;853.25;0.00;0
331;arms_factory;2103.06;11.00;829.46;0.00;0
331;industrial_complex;2117.06;11.00;828.96;0.00;0
331;air_base;2155.29;11.00;853.60;0.00;0
331;anti_air_building;2123.00;11.00;844.68;0.00;0
331;bunker;2131.51;11.00;857.60;0.00;0
331;fuel_silo;2133.74;11.00;831.00;0.00;0
331;radar_station;2141.63;11.00;853.27;0.00;0
331;nuclear_reactor_spawn;2140.46;11.00;842.41;0.00;0
331;rocket_site_spawn;2130.90;11.00;805.11;0.00;0
331;synthetic_refinery;2115.57;11.00;811.79;0.00;0
331;supply_node;2125.56;11.00;819.10;0.00;0
332;arms_factory;2600.98;11.00;548.73;0.00;0
332;industrial_complex;2575.02;11.00;577.02;0.00;0
332;air_base;2586.74;11.00;594.20;0.00;0
332;anti_air_building;2588.66;11.00;553.94;0.00;0
332;bunker;2554.40;11.00;545.23;0.00;0
332;fuel_silo;2589.79;11.00;565.68;0.00;0
332;radar_station;2587.70;11.00;540.36;0.00;0
332;nuclear_reactor_spawn;2577.37;11.00;552.05;0.00;0
332;rocket_site_spawn;2555.32;11.00;582.61;0.00;0
332;synthetic_refinery;2613.38;11.00;539.48;0.00;0
332;supply_node;2602.44;11.00;530.46;0.00;0
333;arms_factory;2708.84;11.00;555.26;0.00;0
333;industrial_complex;2755.81;11.00;566.67;0.00;0
333;air_base;2721.08;11.00;556.69;0.00;0
333;anti_air_building;2722.94;11.00;592.24;0.00;0
333;bunker;2729.91;11.00;544.09;0.00;0
333;fuel_silo;2716.49;11.00;543.03;0.00;0
333;radar_station;2730.14;11.00;565.82;0.00;0
333;nuclear_reactor_spawn;2706.65;11.00;568.93;0.00;0
333;rocket_site_spawn;2719.25;11.00;580.01;0.00;0
333;synthetic_refinery;2734.39;11.00;553.04;0.00;0
333;supply_node;2737.86;11.00;591.63;0.00;0
334;arms_factory;2358.08;11.00;348.85;0.00;0
334;industrial_complex;2344.96;11.00;321.09;0.00;0
334;air_base;2332.39;11.00;322.21;0.00;0
334;anti_air_building;2356.96;11.00;331.57;0.00;0
334;bunker;2325.84;11.00;333.95;0.00;0
334;fuel_silo;2347.65;11.00;351.77;0.00;0
334;radar_station;2324.38;11.00;311.32;0.00;0
334;nuclear_reactor_spawn;2337.43;11.00;310.63;0.00;0
334;rocket_site_spawn;2323.59;11.00;346.60;0.00;0
334;synthetic_refinery;2354.25;11.00;314.69;0.00;0
334;supply_node;2304.40;11.00;320.39;0.00;0
334;dockyard;2312.90;11.00;311.41;0.00;0
334;coastal_bunker;2364.16;11.00;311.69;0.00;0
335;arms_factory;3205.27;11.00;551.36;0.00;0
335;industrial_complex;3197.48;11.00;497.59;0.00;0
335;air_base;3233.54;11.00;510.01;0.00;0
335;anti_air_building;3188.54;11.00;542.91;0.00;0
335;bunker;3174.51;11.00;519.45;0.00;0
335;fuel_silo;3221.53;11.00;511.11;0.00;0
335;radar_station;3230.92;11.00;521.09;0.00;0
335;nuclear_reactor_spawn;3203.28;11.00;511.51;0.00;0
335;rocket_site_spawn;3187.90;11.00;503.74;0.00;0
335;synthetic_refinery;3184.94;11.00;527.33;0.00;0
335;supply_node;3223.74;11.00;546.22;0.00;0
335;dockyard;3197.78;11.00;524.08;0.00;0
335;coastal_bunker;3211.44;11.00;532.30;0.00;0
336;arms_factory;3633.02;11.00;551.50;0.00;0
336;industrial_complex;3631.29;11.00;569.38;0.00;0
336;air_base;3622.72;11.00;541.57;0.00;0
336;anti_air_building;3598.76;11.00;547.09;0.00;0
336;bunker;3641.87;11.00;542.03;0.00;0
336;fuel_silo;3631.27;11.00;530.27;0.00;0
336;radar_station;3620.12;11.00;527.74;0.00;0
336;nuclear_reactor_spawn;3643.73;11.00;528.26;0.00;0
336;rocket_site_spawn;3646.09;11.00;554.03;0.00;0
336;synthetic_refinery;3600.25;11.00;539.46;0.00;0
336;supply_node;3622.18;11.00;581.47;0.00;0
336;dockyard;3608.70;11.00;531.03;0.00;0
336;coastal_bunker;3623.97;11.00;513.89;0.00;0
337;arms_factory;3395.07;11.00;351.18;0.00;0
337;industrial_complex;3373.24;11.00;382.76;0.00;0
337;air_base;3381.63;11.00;385.93;0.00;0
337;anti_air_building;3433.66;11.00;362.01;0.00;0
337;bunker;3423.93;11.00;350.68;0.00;0
337;fuel_silo;3397.59;11.00;340.19;0.00;0
337;radar_station;3427.81;11.00;374.03;0.00;0
337;nuclear_reactor_spawn;3434.16;11.00;387.54;0.00;0
337;rocket_site_spawn;3420.48;11.00;387.08;0.00;0
337;synthetic_refinery;3408.89;11.00;352.05;0.00;0
337;supply_node;3405.90;11.00;389.10;0.00;0
338;arms_factory;3377.91;11.00;162.93;0.00;0
338;industrial_complex;3403.39;11.00;135.02;0.00;0
338;air_base;3416.71;11.00;124.58;0.00;0
338;anti_air_building;3405.01;11.00;122.18;0.00;0
338;bunker;3389.75;11.00;138.33;0.00;0
338;fuel_silo;3370.86;11.00;125.14;0.00;0
338;radar_station;3358.30;11.00;146.74;0.00;0
338;nuclear_reactor_spawn;3381.08;11.00;127.32;0.00;0
338;rocket_site_spawn;3388.08;11.00;159.66;0.00;0
338;synthetic_refinery;3381.42;11.00;99.29;0.00;0
338;supply_node;3393.16;11.00;126.02;0.00;0
339;arms_factory;2192.45;11.00;901.95;0.00;0
339;industrial_complex;2163.13;11.00;890.12;0.00;0
339;air_base;2172.65;11.00;855.28;0.00;0
339;anti_air_building;2180.41;11.00;870.64;0.00;0
339;bunker;2202.60;11.00;855.09;0.00;0
339;fuel_silo;2191.97;11.00;873.05;0.00;0
339;radar_station;2224.49;11.00;901.61;0.00;0
339;nuclear_reactor_spawn;2199.18;11.00;883.82;0.00;0
339;rocket_site_spawn;2216.38;11.00;862.37;0.00;0
339;synthetic_refinery;2206.27;11.00;892.98;0.00;0
339;supply_node;2178.32;11.00;905.68;0.00;0
340;arms_factory;3284.08;11.00;337.26;0.00;0
340;industrial_complex;3294.44;11.00;313.70;0.00;0
340;air_base;3304.83;11.00;303.63;0.00;0
340;anti_air_building;3294.87;11.00;297.23;0.00;0
340;bunker;3309.05;11.00;315.43;0.00;0
340;fuel_silo;3307.40;11.00;289.00;0.00;0
340;radar_station;3279.99;11.00;291.16;0.00;0
340;nuclear_reactor_spawn;3266.09;11.00;297.80;0.00;0
340;rocket_site_spawn;3319.43;11.00;295.03;0.00;0
340;synthetic_refinery;3321.29;11.00;306.87;0.00;0
340;supply_node;3321.15;11.00;318.25;0.00;0
341;arms_factory;3016.54;11.00;817.99;0.00;0
341;industrial_complex;3011.06;11.00;829.38;0.00;0
341;air_base;2974.29;11.00;848.07;0.00;0
341;anti_air_building;2959.49;11.00;828.17;0.00;0
341;bunker;2983.66;11.00;842.43;0.00;0
341;fuel_silo;3017.39;11.00;804.41;0.00;0
341;radar_station;3010.40;11.00;867.84;0.00;0
341;nuclear_reactor_spawn;3016.20;11.00;852.48;0.00;0
341;rocket_site_spawn;2969.90;11.00;836.07;0.00;0
341;synthetic_refinery;3005.93;11.00;804.81;0.00;0
341;supply_node;2958.84;11.00;815.58;0.00;0
341;dockyard;2965.73;11.00;852.17;0.00;0
341;coastal_bunker;2965.72;11.00;861.54;0.00;0
342;arms_factory;2214.50;11.00;927.81;0.00;0
342;industrial_complex;2192.10;11.00;927.54;0.00;0
342;air_base;2207.76;11.00;954.43;0.00;0
342;anti_air_building;2195.83;11.00;962.10;0.00;0
342;bunker;2159.46;11.00;950.34;0.00;0
342;fuel_silo;2165.54;11.00;925.94;0.00;0
342;radar_station;2214.53;11.00;939.60;0.00;0
342;nuclear_reactor_spawn;2159.03;11.00;937.02;0.00;0
342;rocket_site_spawn;2200.33;11.00;938.46;0.00;0
342;synthetic_refinery;2148.32;11.00;941.60;0.00;0
342;supply_node;2169.44;11.00;913.83;0.00;0
342;dockyard;2204.58;11.00;925.89;0.00;0
342;coastal_bunker;2202.48;11.00;913.59;0.00;0
343;arms_factory;3367.44;11.00;470.04;0.00;0
343;industrial_complex;3342.43;11.00;449.69;0.00;0
343;air_base;3330.92;11.00;472.36;0.00;0
343;anti_air_building;3388.74;11.00;515.00;0.00;0
343;bunker;3368.61;11.00;510.18;0.00;0
343;fuel_silo;3365.75;11.00;481.97;0.00;0
343;radar_station;3339.64;11.00;465.54;0.00;0
343;nuclear_reactor_spawn;3324.44;11.00;492.21;0.00;0
343;rocket_site_spawn;3350.86;11.00;462.29;0.00;0
343;synthetic_refinery;3341.30;11.00;493.04;0.00;0
343;supply_node;3333.50;11.00;504.23;0.00;0
343;dockyard;3355.67;11.00;492.38;0.00;0
343;coastal_bunker;3342.93;11.00;481.28;0.00;0
344;arms_factory;3378.27;11.00;243.35;0.00;0
344;industrial_complex;3405.14;11.00;247.46;0.00;0
344;air_base;3405.19;11.00;267.78;0.00;0
344;anti_air_building;3406.40;11.00;282.66;0.00;0
344;bunker;3391.42;11.00;302.59;0.00;0
344;fuel_silo;3391.67;11.00;274.72;0.00;0
344;radar_station;3352.85;11.00;269.65;0.00;0
344;nuclear_reactor_spawn;3358.81;11.00;256.77;0.00;0
344;rocket_site_spawn;3379.58;11.00;281.43;0.00;0
344;synthetic_refinery;3382.19;11.00;295.16;0.00;0
344;supply_node;3376.78;11.00;256.41;0.00;0
345;arms_factory;3694.82;11.00;185.71;0.00;0
345;industrial_complex;3693.38;11.00;203.15;0.00;0
345;air_base;3668.24;11.00;170.13;0.00;0
345;anti_air_building;3691.27;11.00;150.54;0.00;0
345;bunker;3670.19;11.00;180.30;0.00;0
345;fuel_silo;3682.97;11.00;180.77;0.00;0
345;radar_station;3679.56;11.00;170.84;0.00;0
345;nuclear_reactor_spawn;3692.88;11.00;161.29;0.00;0
345;rocket_site_spawn;3677.17;11.00;159.12;0.00;0
345;synthetic_refinery;3703.49;11.00;202.19;0.00;0
345;supply_node;3693.05;11.00;196.24;0.00;0
345;dockyard;3707.23;11.00;191.83;0.00;0
345;coastal_bunker;3683.77;11.00;190.09;0.00;0
346;arms_factory;3245.23;11.00;569.47;0.00;0
346;industrial_complex;3255.14;11.00;565.11;0.00;0
346;air_base;3268.34;11.00;522.25;0.00;0
346;anti_air_building;3280.25;11.00;563.38;0.00;0
346;bunker;3287.99;11.00;553.74;0.00;0
346;fuel_silo;3270.75;11.00;585.51;0.00;0
346;radar_station;3261.52;11.00;546.01;0.00;0
346;nuclear_reactor_spawn;3260.58;11.00;533.85;0.00;0
346;rocket_site_spawn;3245.59;11.00;515.28;0.00;0
346;synthetic_refinery;3281.51;11.00;531.44;0.00;0
346;supply_node;3257.25;11.00;518.39;0.00;0
346;dockyard;3272.01;11.00;538.05;0.00;0
346;coastal_bunker;3258.31;11.00;579.05;0.00;0
347;arms_factory;3679.89;11.00;129.37;0.00;0
347;industrial_complex;3644.29;11.00;144.11;0.00;0
347;air_base;3647.67;11.00;157.67;0.00;0
347;anti_air_building;3700.49;11.00;122.51;0.00;0
347;bunker;3684.54;11.00;118.64;0.00;0
347;fuel_silo;3687.58;11.00;140.18;0.00;0
347;radar_station;3637.71;11.00;133.45;0.00;0
347;nuclear_reactor_spawn;3662.71;11.00;155.15;0.00;0
347;rocket_site_spawn;3661.13;11.00;125.73;0.00;0
347;synthetic_refinery;3648.27;11.00;123.15;0.00;0
347;supply_node;3633.40;11.00;121.71;0.00;0
347;dockyard;3669.87;11.00;133.92;0.00;0
347;coastal_bunker;3656.72;11.00;139.33;0.00;0
348;arms_factory;3507.67;11.00;495.54;0.00;0
348;industrial_complex;3522.56;11.00;454.41;0.00;0
348;air_base;3510.11;11.00;476.63;0.00;0
348;anti_air_building;3477.27;11.00;497.65;0.00;0
348;bunker;3502.61;11.00;469.34;0.00;0
348;fuel_silo;3510.86;11.00;461.44;0.00;0
348;radar_station;3521.67;11.00;442.92;0.00;0
348;nuclear_reactor_spawn;3487.23;11.00;452.94;0.00;0
348;rocket_site_spawn;3513.56;11.00;449.39;0.00;0
348;synthetic_refinery;3474.25;11.00;458.88;0.00;0
348;supply_node;3485.33;11.00;505.92;0.00;0
349;arms_factory;3814.85;11.00;379.59;0.00;0
349;industrial_complex;3798.44;11.00;367.19;0.00;0
349;air_base;3786.97;11.00;378.81;0.00;0
349;anti_air_building;3801.36;11.00;386.14;0.00;0
349;bunker;3789.73;11.00;390.37;0.00;0
349;fuel_silo;3799.94;11.00;398.71;0.00;0
349;radar_station;3792.98;11.00;373.33;0.00;0
349;nuclear_reactor_spawn;3814.20;11.00;390.24;0.00;0
349;rocket_site_spawn;3786.45;11.00;404.38;0.00;0
349;synthetic_refinery;3777.10;11.00;380.79;0.00;0
349;supply_node;3777.97;11.00;395.81;0.00;0
349;dockyard;3828.99;11.00;381.94;0.00;0
349;coastal_bunker;3808.35;11.00;366.61;0.00;0
350;arms_factory;3517.72;11.00;84.34;0.00;0
350;industrial_complex;3500.97;11.00;88.61;0.00;0
350;air_base;3512.15;11.00;137.29;0.00;0
350;anti_air_building;3513.56;11.00;112.23;0.00;0
350;bunker;3503.57;11.00;102.60;0.00;0
350;fuel_silo;3489.76;11.00;119.92;0.00;0
350;radar_station;3528.06;11.00;82.89;0.00;0
350;nuclear_reactor_spawn;3495.09;11.00;133.26;0.00;0
350;rocket_site_spawn;3511.77;11.00;124.33;0.00;0
350;synthetic_refinery;3501.72;11.00;118.64;0.00;0
350;supply_node;3524.04;11.00;122.44;0.00;0
350;dockyard;3534.94;11.00;71.86;0.00;0
350;coastal_bunker;3522.03;11.00;69.95;0.00;0
351;arms_factory;3010.71;11.00;590.84;0.00;0
351;industrial_complex;2989.83;11.00;565.02;0.00;0
351;air_base;2993.88;11.00;597.89;0.00;0
351;anti_air_building;2971.79;11.00;587.95;0.00;0
351;bunker;3011.37;11.00;544.07;0.00;0
351;fuel_silo;2983.05;11.00;585.65;0.00;0
351;radar_station;2981.17;11.00;554.90;0.00;0
351;nuclear_reactor_spawn;2988.15;11.00;544.64;0.00;0
351;rocket_site_spawn;2992.99;11.00;580.19;0.00;0
351;synthetic_refinery;2970.17;11.00;552.75;0.00;0
351;supply_node;3004.82;11.00;581.29;0.00;0
352;arms_factory;3475.51;11.00;98.10;0.00;0
352;industrial_complex;3447.85;11.00;84.34;0.00;0
352;air_base;3480.78;11.00;59.07;0.00;0
352;anti_air_building;3458.01;11.00;84.63;0.00;0
352;bunker;3497.13;11.00;66.84;0.00;0
352;fuel_silo;3452.21;11.00;68.94;0.00;0
352;radar_station;3470.67;11.00;58.25;0.00;0
352;nuclear_reactor_spawn;3465.64;11.00;93.27;0.00;0
352;rocket_site_spawn;3476.55;11.00;67.68;0.00;0
352;synthetic_refinery;3497.96;11.00;77.75;0.00;0
352;supply_node;3487.86;11.00;65.31;0.00;0
352;dockyard;3484.68;11.00;87.46;0.00;0
352;coastal_bunker;3453.98;11.00;55.47;0.00;0
353;arms_factory;3705.20;11.00;314.15;0.00;0
353;industrial_complex;3677.78;11.00;351.26;0.00;0
353;air_base;3683.26;11.00;324.76;0.00;0
353;anti_air_building;3691.06;11.00;341.42;0.00;0
353;bunker;3655.16;11.00;323.81;0.00;0
353;fuel_silo;3694.83;11.00;330.98;0.00;0
353;radar_station;3664.10;11.00;315.10;0.00;0
353;nuclear_reactor_spawn;3700.91;11.00;344.18;0.00;0
353;rocket_site_spawn;3677.76;11.00;313.67;0.00;0
353;synthetic_refinery;3670.28;11.00;301.06;0.00;0
353;supply_node;3687.89;11.00;351.32;0.00;0
353;dockyard;3689.37;11.00;304.95;0.00;0
353;coastal_bunker;3677.72;11.00;338.03;0.00;0
354;arms_factory;2331.16;11.00;944.59;0.00;0
354;industrial_complex;2322.06;11.00;917.92;0.00;0
354;air_base;2307.71;11.00;955.38;0.00;0
354;anti_air_building;2297.42;11.00;932.54;0.00;0
354;bunker;2296.23;11.00;945.85;0.00;0
354;fuel_silo;2321.37;11.00;929.36;0.00;0
354;radar_station;2335.32;11.00;925.70;0.00;0
354;nuclear_reactor_spawn;2290.64;11.00;957.74;0.00;0
354;rocket_site_spawn;2311.78;11.00;938.52;0.00;0
354;synthetic_refinery;2347.01;11.00;921.13;0.00;0
354;supply_node;2299.04;11.00;956.42;0.00;0
354;dockyard;2333.67;11.00;912.09;0.00;0
354;coastal_bunker;2338.11;11.00;938.41;0.00;0
355;arms_factory;2587.35;11.00;781.00;0.00;0
355;industrial_complex;2548.54;11.00;790.18;0.00;0
355;air_base;2575.45;11.00;760.52;0.00;0
355;anti_air_building;2562.29;11.00;783.03;0.00;0
355;bunker;2551.37;11.00;749.95;0.00;0
355;fuel_silo;2590.11;11.00;764.37;0.00;0
355;radar_station;2566.09;11.00;747.65;0.00;0
355;nuclear_reactor_spawn;2559.65;11.00;771.09;0.00;0
355;rocket_site_spawn;2576.20;11.00;791.11;0.00;0
355;synthetic_refinery;2562.54;11.00;758.17;0.00;0
355;supply_node;2547.67;11.00;763.11;0.00;0
356;arms_factory;2086.86;11.00;755.09;0.00;0
356;industrial_complex;2037.34;11.00;745.72;0.00;0
356;air_base;2058.64;11.00;722.94;0.00;0
356;anti_air_building;2083.51;11.00;771.94;0.00;0
356;bunker;2049.81;11.00;737.63;0.00;0
356;fuel_silo;2044.16;11.00;762.95;0.00;0
356;radar_station;2059.50;11.00;745.50;0.00;0
356;nuclear_reactor_spawn;2049.93;11.00;783.17;0.00;0
356;rocket_site_spawn;2032.78;11.00;736.35;0.00;0
356;synthetic_refinery;2061.89;11.00;769.93;0.00;0
356;supply_node;2069.72;11.00;750.49;0.00;0
356;dockyard;2072.35;11.00;779.88;0.00;0
356;coastal_bunker;2042.78;11.00;753.48;0.00;0
357;arms_factory;2156.11;11.00;380.06;0.00;0
357;industrial_complex;2151.56;11.00;391.78;0.00;0
357;air_base;2139.85;11.00;370.79;0.00;0
357;anti_air_building;2168.68;11.00;409.24;0.00;0
357;bunker;2164.76;11.00;354.05;0.00;0
357;fuel_silo;2142.86;11.00;419.74;0.00;0
357;radar_station;2154.54;11.00;364.73;0.00;0
357;nuclear_reactor_spawn;2158.34;11.00;402.57;0.00;0
357;rocket_site_spawn;2145.44;11.00;404.65;0.00;0
357;synthetic_refinery;2164.44;11.00;433.19;0.00;0
357;supply_node;2127.85;11.00;380.72;0.00;0
357;dockyard;2192.02;11.00;395.57;0.00;0
357;coastal_bunker;2171.06;11.00;397.39;0.00;0
358;arms_factory;2117.26;11.00;436.24;0.00;0
358;industrial_complex;2110.91;11.00;421.09;0.00;0
358;air_base;2062.40;11.00;441.30;0.00;0
358;anti_air_building;2097.12;11.00;409.32;0.00;0
358;bunker;2107.05;11.00;448.20;0.00;0
358;fuel_silo;2091.48;11.00;402.77;0.00;0
358;radar_station;2084.92;11.00;424.29;0.00;0
358;nuclear_reactor_spawn;2121.68;11.00;408.27;0.00;0
358;rocket_site_spawn;2123.07;11.00;422.07;0.00;0
358;synthetic_refinery;2087.04;11.00;412.14;0.00;0
358;supply_node;2105.89;11.00;433.31;0.00;0
358;dockyard;2095.09;11.00;437.66;0.00;0
358;coastal_bunker;2082.79;11.00;437.90;0.00;0
359;arms_factory;3208.29;11.00;594.90;0.00;0
359;industrial_complex;3213.39;11.00;565.73;0.00;0
359;air_base;3240.96;11.00;579.92;0.00;0
359;anti_air_building;3257.28;11.00;593.62;0.00;0
359;bunker;3221.82;11.00;600.82;0.00;0
359;fuel_silo;3247.63;11.00;606.10;0.00;0
359;radar_station;3198.60;11.00;608.32;0.00;0
359;nuclear_reactor_spawn;3196.22;11.00;584.53;0.00;0
359;rocket_site_spawn;3213.09;11.00;625.25;0.00;0
359;synthetic_refinery;3246.42;11.00;626.84;0.00;0
359;supply_node;3191.64;11.00;595.53;0.00;0
360;arms_factory;2238.60;11.00;421.31;0.00;0
360;industrial_complex;2241.75;11.00;375.46;0.00;0
360;air_base;2244.56;11.00;387.66;0.00;0
360;anti_air_building;2243.26;11.00;400.10;0.00;0
360;bunker;2278.08;11.00;382.93;0.00;0
360;fuel_silo;2277.95;11.00;398.45;0.00;0
360;radar_station;2267.23;11.00;414.30;0.00;0
360;nuclear_reactor_spawn;2293.22;11.00;416.80;0.00;0
360;rocket_site_spawn;2233.09;11.00;404.99;0.00;0
360;synthetic_refinery;2251.89;11.00;408.27;0.00;0
360;supply_node;2264.34;11.00;427.03;0.00;0
361;arms_factory;2730.34;11.00;618.04;0.00;0
361;industrial_complex;2753.92;11.00;616.83;0.00;0
361;air_base;2753.16;11.00;595.19;0.00;0
361;anti_air_building;2779.27;11.00;638.64;0.00;0
361;bunker;2767.21;11.00;650.63;0.00;0
361;fuel_silo;2731.74;11.00;605.21;0.00;0
361;radar_station;2731.46;11.00;642.53;0.00;0
361;nuclear_reactor_spawn;2750.84;11.00;652.02;0.00;0
361;rocket_site_spawn;2747.28;11.00;663.43;0.00;0
361;synthetic_refinery;2767.85;11.00;638.86;0.00;0
361;supply_node;2756.14;11.00;643.89;0.00;0
362;arms_factory;2220.97;11.00;498.61;0.00;0
362;industrial_complex;2216.64;11.00;487.39;0.00;0
362;air_base;2193.56;11.00;508.30;0.00;0
362;anti_air_building;2211.42;11.00;554.29;0.00;0
362;bunker;2217.34;11.00;544.45;0.00;0
362;fuel_silo;2211.36;11.00;516.85;0.00;0
362;radar_station;2242.94;11.00;502.80;0.00;0
362;nuclear_reactor_spawn;2245.25;11.00;536.98;0.00;0
362;rocket_site_spawn;2218.19;11.00;508.76;0.00;0
362;synthetic_refinery;2205.31;11.00;505.66;0.00;0
362;supply_node;2202.48;11.00;523.95;0.00;0
363;arms_factory;2446.78;11.00;872.11;0.00;0
363;industrial_complex;2444.02;11.00;857.12;0.00;0
363;air_base;2480.35;11.00;842.48;0.00;0
363;anti_air_building;2480.96;11.00;831.22;0.00;0
363;bunker;2479.49;11.00;818.95;0.00;0
363;fuel_silo;2467.46;11.00;820.41;0.00;0
363;radar_station;2451.90;11.00;843.70;0.00;0
363;nuclear_reactor_spawn;2485.33;11.00;851.66;0.00;0
363;rocket_site_spawn;2468.50;11.00;843.45;0.00;0
363;synthetic_refinery;2458.26;11.00;854.58;0.00;0
363;supply_node;2454.82;11.00;867.40;0.00;0
363;dockyard;2485.24;11.00;862.21;0.00;0
363;coastal_bunker;2464.79;11.00;834.44;0.00;0
364;arms_factory;3452.27;11.00;683.01;0.00;0
364;industrial_complex;3472.60;11.00;687.65;0.00;0
364;air_base;3460.00;11.00;672.75;0.00;0
364;anti_air_building;3444.49;11.00;658.12;0.00;0
364;bunker;3448.48;11.00;705.44;0.00;0
364;fuel_silo;3434.00;11.00;701.07;0.00;0
364;radar_station;3445.60;11.00;695.24;0.00;0
364;nuclear_reactor_spawn;3459.40;11.00;691.52;0.00;0
364;rocket_site_spawn;3445.05;11.00;673.28;0.00;0
364;synthetic_refinery;3467.67;11.00;666.39;0.00;0
364;supply_node;3436.03;11.00;689.01;0.00;0
364;dockyard;3452.27;11.00;683.01;0.00;0
364;coastal_bunker;3472.60;11.00;687.65;0.00;0
365;arms_factory;2299.98;11.00;708.87;0.00;0
365;industrial_complex;2313.22;11.00;710.01;0.00;0
365;air_base;2323.74;11.00;705.13;0.00;0
365;anti_air_building;2276.85;11.00;713.57;0.00;0
365;bunker;2307.08;11.00;735.13;0.00;0
365;fuel_silo;2313.34;11.00;688.26;0.00;0
365;radar_station;2299.73;11.00;724.16;0.00;0
365;nuclear_reactor_spawn;2289.59;11.00;695.23;0.00;0
365;rocket_site_spawn;2313.88;11.00;721.59;0.00;0
365;synthetic_refinery;2288.44;11.00;731.97;0.00;0
365;supply_node;2335.68;11.00;709.71;0.00;0
366;arms_factory;2588.07;11.00;747.49;0.00;0
366;industrial_complex;2579.20;11.00;736.47;0.00;0
366;air_base;2590.33;11.00;734.50;0.00;0
366;anti_air_building;2609.30;11.00;724.54;0.00;0
366;bunker;2597.99;11.00;752.27;0.00;0
366;fuel_silo;2619.23;11.00;711.40;0.00;0
366;radar_station;2610.30;11.00;747.32;0.00;0
366;nuclear_reactor_spawn;2615.24;11.00;736.23;0.00;0
366;rocket_site_spawn;2611.63;11.00;702.16;0.00;0
366;synthetic_refinery;2573.05;11.00;727.20;0.00;0
366;supply_node;2620.16;11.00;721.66;0.00;0
367;arms_factory;3316.26;11.00;730.72;0.00;0
367;industrial_complex;3290.44;11.00;766.31;0.00;0
367;air_base;3325.04;11.00;740.51;0.00;0
367;anti_air_building;3295.14;11.00;747.26;0.00;0
367;bunker;3276.49;11.00;772.80;0.00;0
367;fuel_silo;3332.42;11.00;733.62;0.00;0
367;radar_station;3269.65;11.00;757.47;0.00;0
367;nuclear_reactor_spawn;3306.06;11.00;733.05;0.00;0
367;rocket_site_spawn;3320.66;11.00;747.60;0.00;0
367;synthetic_refinery;3276.21;11.00;742.89;0.00;0
367;supply_node;3294.83;11.00;715.82;0.00;0
367;dockyard;3285.63;11.00;743.51;0.00;0
367;coastal_bunker;3285.90;11.00;726.38;0.00;0
368;arms_factory;2219.81;11.00;640.17;0.00;0
368;industrial_complex;2252.33;11.00;640.61;0.00;0
368;air_base;2237.54;11.00;591.75;0.00;0
368;anti_air_building;2260.84;11.00;626.99;0.00;0
368;bunker;2252.69;11.00;595.31;0.00;0
368;fuel_silo;2218.46;11.00;624.46;0.00;0
368;radar_station;2226.30;11.00;599.25;0.00;0
368;nuclear_reactor_spawn;2239.64;11.00;603.59;0.00;0
368;rocket_site_spawn;2248.61;11.00;628.60;0.00;0
368;synthetic_refinery;2220.99;11.00;611.14;0.00;0
368;supply_node;2237.59;11.00;640.93;0.00;0
369;arms_factory;2430.93;11.00;746.84;0.00;0
369;industrial_complex;2413.81;11.00;778.92;0.00;0
369;air_base;2466.62;11.00;777.82;0.00;0
369;anti_air_building;2428.26;11.00;728.71;0.00;0
369;bunker;2403.70;11.00;771.32;0.00;0
369;fuel_silo;2456.34;11.00;745.87;0.00;0
369;radar_station;2427.14;11.00;765.54;0.00;0
369;nuclear_reactor_spawn;2460.29;11.00;787.75;0.00;0
369;rocket_site_spawn;2471.65;11.00;752.05;0.00;0
369;synthetic_refinery;2412.29;11.00;765.09;0.00;0
369;supply_node;2417.45;11.00;741.22;0.00;0
370;arms_factory;2200.24;11.00;403.91;0.00;0
370;industrial_complex;2217.61;11.00;375.01;0.00;0
370;air_base;2177.78;11.00;348.12;0.00;0
370;anti_air_building;2202.72;11.00;350.80;0.00;0
370;bunker;2207.43;11.00;334.89;0.00;0
370;fuel_silo;2216.28;11.00;333.94;0.00;0
370;radar_station;2190.49;11.00;375.54;0.00;0
370;nuclear_reactor_spawn;2182.95;11.00;363.10;0.00;0
370;rocket_site_spawn;2224.31;11.00;351.68;0.00;0
370;synthetic_refinery;2188.25;11.00;352.38;0.00;0
370;supply_node;2238.06;11.00;364.86;0.00;0
370;dockyard;2214.10;11.00;346.99;0.00;0
370;coastal_bunker;2216.69;11.00;362.89;0.00;0
371;arms_factory;2444.99;11.00;553.27;0.00;0
371;industrial_complex;2480.55;11.00;554.96;0.00;0
371;air_base;2426.87;11.00;578.42;0.00;0
371;anti_air_building;2430.33;11.00;553.77;0.00;0
371;bunker;2465.17;11.00;556.33;0.00;0
371;fuel_silo;2442.11;11.00;580.27;0.00;0
371;radar_station;2420.32;11.00;560.27;0.00;0
371;nuclear_reactor_spawn;2456.66;11.00;580.49;0.00;0
371;rocket_site_spawn;2476.71;11.00;580.27;0.00;0
371;synthetic_refinery;2466.71;11.00;541.32;0.00;0
371;supply_node;2455.85;11.00;545.31;0.00;0
372;arms_factory;3106.95;11.00;591.46;0.00;0
372;industrial_complex;3114.57;11.00;659.57;0.00;0
372;air_base;3145.92;11.00;618.80;0.00;0
372;anti_air_building;3105.11;11.00;652.31;0.00;0
372;bunker;3102.26;11.00;608.07;0.00;0
372;fuel_silo;3126.60;11.00;638.13;0.00;0
372;radar_station;3097.36;11.00;640.49;0.00;0
372;nuclear_reactor_spawn;3126.06;11.00;626.74;0.00;0
372;rocket_site_spawn;3131.16;11.00;596.45;0.00;0
372;synthetic_refinery;3115.21;11.00;642.40;0.00;0
372;supply_node;3093.94;11.00;623.03;0.00;0
373;arms_factory;2384.95;11.00;579.34;0.00;0
373;industrial_complex;2367.01;11.00;603.07;0.00;0
373;air_base;2396.21;11.00;573.72;0.00;0
373;anti_air_building;2372.49;11.00;593.68;0.00;0
373;bunker;2384.75;11.00;590.93;0.00;0
373;fuel_silo;2380.66;11.00;564.89;0.00;0
373;radar_station;2407.61;11.00;578.99;0.00;0
373;nuclear_reactor_spawn;2347.06;11.00;597.27;0.00;0
373;rocket_site_spawn;2380.98;11.00;602.18;0.00;0
373;synthetic_refinery;2368.66;11.00;554.09;0.00;0
373;supply_node;2392.33;11.00;561.61;0.00;0
373;dockyard;2361.96;11.00;578.20;0.00;0
373;coastal_bunker;2356.85;11.00;601.97;0.00;0
374;arms_factory;3769.71;11.00;516.11;0.00;0
374;industrial_complex;3713.03;11.00;525.68;0.00;0
374;air_base;3752.46;11.00;519.30;0.00;0
374;anti_air_building;3782.06;11.00;536.44;0.00;0
374;bunker;3784.05;11.00;528.68;0.00;0
374;fuel_silo;3765.11;11.00;526.91;0.00;0
374;radar_station;3764.93;11.00;543.80;0.00;0
374;nuclear_reactor_spawn;3726.33;11.00;519.56;0.00;0
374;rocket_site_spawn;3722.05;11.00;538.71;0.00;0
374;synthetic_refinery;3760.12;11.00;507.71;0.00;0
374;supply_node;3772.83;11.00;535.72;0.00;0
374;dockyard;3735.79;11.00;508.49;0.00;0
374;coastal_bunker;3716.42;11.00;510.12;0.00;0
375;arms_factory;2013.29;11.00;653.19;0.00;0
375;industrial_complex;2039.04;11.00;711.11;0.00;0
375;air_base;2022.78;11.00;723.68;0.00;0
375;anti_air_building;2016.81;11.00;711.55;0.00;0
375;bunker;2026.54;11.00;710.85;0.00;0
375;fuel_silo;2034.46;11.00;666.59;0.00;0
375;radar_station;2018.64;11.00;693.02;0.00;0
375;nuclear_reactor_spawn;2045.69;11.00;722.83;0.00;0
375;rocket_site_spawn;2012.92;11.00;666.78;0.00;0
375;synthetic_refinery;2045.94;11.00;675.02;0.00;0
375;supply_node;2026.46;11.00;654.77;0.00;0
375;dockyard;2057.90;11.00;667.13;0.00;0
375;coastal_bunker;2047.44;11.00;700.10;0.00;0
376;arms_factory;2325.12;11.00;479.23;0.00;0
376;industrial_complex;2349.80;11.00;509.84;0.00;0
376;air_base;2284.81;11.00;512.90;0.00;0
376;anti_air_building;2333.48;11.00;520.01;0.00;0
376;bunker;2345.20;11.00;477.05;0.00;0
376;fuel_silo;2296.07;11.00;504.49;0.00;0
376;radar_station;2350.53;11.00;494.11;0.00;0
376;nuclear_reactor_spawn;2321.74;11.00;518.26;0.00;0
376;rocket_site_spawn;2309.92;11.00;499.91;0.00;0
376;synthetic_refinery;2310.68;11.00;469.39;0.00;0
376;supply_node;2294.47;11.00;519.82;0.00;0
377;arms_factory;2119.09;11.00;756.46;0.00;0
377;industrial_complex;2110.20;11.00;761.14;0.00;0
377;air_base;2138.43;11.00;769.49;0.00;0
377;anti_air_building;2095.81;11.00;761.59;0.00;0
377;bunker;2119.09;11.00;797.85;0.00;0
377;fuel_silo;2104.64;11.00;770.91;0.00;0
377;radar_station;2138.42;11.00;784.76;0.00;0
377;nuclear_reactor_spawn;2095.31;11.00;777.48;0.00;0
377;rocket_site_spawn;2129.32;11.00;775.59;0.00;0
377;synthetic_refinery;2104.19;11.00;750.10;0.00;0
377;supply_node;2117.14;11.00;745.34;0.00;0
378;arms_factory;2080.75;11.00;699.96;0.00;0
378;industrial_complex;2089.92;11.00;738.19;0.00;0
378;air_base;2091.98;11.00;689.53;0.00;0
378;anti_air_building;2098.41;11.00;741.51;0.00;0
378;bunker;2114.75;11.00;719.13;0.00;0
378;fuel_silo;2109.77;11.00;734.17;0.00;0
378;radar_station;2092.80;11.00;724.06;0.00;0
378;nuclear_reactor_spawn;2082.33;11.00;684.97;0.00;0
378;rocket_site_spawn;2113.00;11.00;701.76;0.00;0
378;synthetic_refinery;2106.76;11.00;688.57;0.00;0
378;supply_node;2129.65;11.00;723.67;0.00;0
379;arms_factory;3271.66;11.00;389.45;0.00;0
379;industrial_complex;3283.59;11.00;395.71;0.00;0
379;air_base;3235.01;11.00;387.75;0.00;0
379;anti_air_building;3279.65;11.00;369.02;0.00;0
379;bunker;3232.89;11.00;399.53;0.00;0
379;fuel_silo;3249.84;11.00;399.03;0.00;0
379;radar_station;3262.64;11.00;376.95;0.00;0
379;nuclear_reactor_spawn;3259.88;11.00;399.20;0.00;0
379;rocket_site_spawn;3262.83;11.00;362.82;0.00;0
379;synthetic_refinery;3275.81;11.00;379.34;0.00;0
379;supply_node;3270.73;11.00;413.69;0.00;0
380;arms_factory;2670.17;11.00;388.55;0.00;0
380;industrial_complex;2649.98;11.00;410.15;0.00;0
380;air_base;2636.16;11.00;438.75;0.00;0
380;anti_air_building;2642.79;11.00;399.68;0.00;0
380;bunker;2617.78;11.00;409.10;0.00;0
380;fuel_silo;2660.30;11.00;378.53;0.00;0
380;radar_station;2634.26;11.00;379.23;0.00;0
380;nuclear_reactor_spawn;2658.27;11.00;389.56;0.00;0
380;rocket_site_spawn;2610.87;11.00;398.17;0.00;0
380;synthetic_refinery;2625.68;11.00;438.06;0.00;0
380;supply_node;2648.29;11.00;421.82;0.00;0
381;arms_factory;3222.01;11.00;298.88;0.00;0
381;industrial_complex;3211.04;11.00;255.68;0.00;0
381;air_base;3237.83;11.00;264.67;0.00;0
381;anti_air_building;3235.14;11.00;304.03;0.00;0
381;bunker;3247.76;11.00;274.77;0.00;0
381;fuel_silo;3244.31;11.00;292.38;0.00;0
381;radar_station;3231.23;11.00;285.55;0.00;0
381;nuclear_reactor_spawn;3190.83;11.00;301.64;0.00;0
381;rocket_site_spawn;3212.85;11.00;266.51;0.00;0
381;synthetic_refinery;3200.76;11.00;293.98;0.00;0
381;supply_node;3203.70;11.00;309.12;0.00;0
382;arms_factory;2203.05;11.00;833.78;0.00;0
382;industrial_complex;2237.22;11.00;807.97;0.00;0
382;air_base;2192.01;11.00;843.31;0.00;0
382;anti_air_building;2199.15;11.00;800.37;0.00;0
382;bunker;2196.41;11.00;817.07;0.00;0
382;fuel_silo;2218.28;11.00;837.18;0.00;0
382;radar_station;2207.66;11.00;845.91;0.00;0
382;nuclear_reactor_spawn;2190.45;11.00;786.16;0.00;0
382;rocket_site_spawn;2212.47;11.00;825.43;0.00;0
382;synthetic_refinery;2207.31;11.00;811.37;0.00;0
382;supply_node;2217.03;11.00;791.47;0.00;0
383;arms_factory;2190.96;11.00;756.61;0.00;0
383;industrial_complex;2204.66;11.00;758.42;0.00;0
383;air_base;2233.50;11.00;739.23;0.00;0
383;anti_air_building;2206.55;11.00;783.58;0.00;0
383;bunker;2217.45;11.00;758.99;0.00;0
383;fuel_silo;2229.36;11.00;783.28;0.00;0
383;radar_station;2217.34;11.00;768.22;0.00;0
383;nuclear_reactor_spawn;2199.45;11.00;772.40;0.00;0
383;rocket_site_spawn;2206.09;11.00;732.34;0.00;0
383;synthetic_refinery;2217.91;11.00;725.11;0.00;0
383;supply_node;2192.82;11.00;737.00;0.00;0
384;arms_factory;2341.33;11.00;463.96;0.00;0
384;industrial_complex;2348.99;11.00;410.93;0.00;0
384;air_base;2370.71;11.00;411.58;0.00;0
384;anti_air_building;2348.60;11.00;423.43;0.00;0
384;bunker;2333.92;11.00;449.77;0.00;0
384;fuel_silo;2348.94;11.00;450.69;0.00;0
384;radar_station;2356.54;11.00;432.12;0.00;0
384;nuclear_reactor_spawn;2334.12;11.00;431.90;0.00;0
384;rocket_site_spawn;2309.41;11.00;440.59;0.00;0
384;synthetic_refinery;2360.03;11.00;444.57;0.00;0
384;supply_node;2369.38;11.00;438.88;0.00;0
385;arms_factory;2850.58;11.00;650.89;0.00;0
385;industrial_complex;2895.84;11.00;673.42;0.00;0
385;air_base;2894.68;11.00;694.04;0.00;0
385;anti_air_building;2871.91;11.00;676.08;0.00;0
385;bunker;2878.31;11.00;698.03;0.00;0
385;fuel_silo;2831.51;11.00;700.70;0.00;0
385;radar_station;2874.73;11.00;659.69;0.00;0
385;nuclear_reactor_spawn;2866.91;11.00;641.06;0.00;0
385;rocket_site_spawn;2860.92;11.00;689.54;0.00;0
385;synthetic_refinery;2883.27;11.00;676.09;0.00;0
385;supply_node;2895.28;11.00;683.39;0.00;0
385;dockyard;2829.80;11.00;688.76;0.00;0
385;coastal_bunker;2855.51;11.00;667.42;0.00;0
386;arms_factory;2869.46;11.00;570.54;0.00;0
386;industrial_complex;2866.92;11.00;559.87;0.00;0
386;air_base;2894.32;11.00;563.20;0.00;0
386;anti_air_building;2850.68;11.00;569.86;0.00;0
386;bunker;2861.15;11.00;579.92;0.00;0
386;fuel_silo;2865.52;11.00;605.17;0.00;0
386;radar_station;2873.34;11.00;617.85;0.00;0
386;nuclear_reactor_spawn;2838.42;11.00;592.48;0.00;0
386;rocket_site_spawn;2878.27;11.00;601.10;0.00;0
386;synthetic_refinery;2895.24;11.00;587.96;0.00;0
386;supply_node;2866.43;11.00;592.59;0.00;0
387;arms_factory;2310.05;11.00;398.15;0.00;0
387;industrial_complex;2323.17;11.00;396.13;0.00;0
387;air_base;2333.54;11.00;401.59;0.00;0
387;anti_air_building;2319.43;11.00;406.74;0.00;0
387;bunker;2301.51;11.00;359.11;0.00;0
387;fuel_silo;2335.61;11.00;364.39;0.00;0
387;radar_station;2288.86;11.00;389.07;0.00;0
387;nuclear_reactor_spawn;2298.19;11.00;371.08;0.00;0
387;rocket_site_spawn;2303.83;11.00;410.73;0.00;0
387;synthetic_refinery;2299.73;11.00;396.56;0.00;0
387;supply_node;2333.51;11.00;375.72;0.00;0
388;arms_factory;2489.84;11.00;722.23;0.00;0
388;industrial_complex;2506.63;11.00;726.28;0.00;0
388;air_base;2474.26;11.00;735.60;0.00;0
388;anti_air_building;2475.87;11.00;721.53;0.00;0
388;bunker;2510.64;11.00;756.98;0.00;0
388;fuel_silo;2530.10;11.00;742.68;0.00;0
388;radar_station;2485.83;11.00;750.18;0.00;0
388;nuclear_reactor_spawn;2510.51;11.00;707.42;0.00;0
388;rocket_site_spawn;2516.09;11.00;745.43;0.00;0
388;synthetic_refinery;2503.98;11.00;716.22;0.00;0
388;supply_node;2544.08;11.00;740.68;0.00;0
389;arms_factory;2790.66;11.00;522.08;0.00;0
389;industrial_complex;2765.90;11.00;555.54;0.00;0
389;air_base;2792.19;11.00;536.76;0.00;0
389;anti_air_building;2778.23;11.00;547.01;0.00;0
389;bunker;2754.46;11.00;531.13;0.00;0
389;fuel_silo;2768.94;11.00;534.96;0.00;0
389;radar_station;2761.56;11.00;543.85;0.00;0
389;nuclear_reactor_spawn;2779.13;11.00;563.39;0.00;0
389;rocket_site_spawn;2781.77;11.00;531.89;0.00;0
389;synthetic_refinery;2771.61;11.00;522.30;0.00;0
389;supply_node;2768.73;11.00;566.71;0.00;0
390;arms_factory;3722.79;11.00;277.68;0.00;0
390;industrial_complex;3726.18;11.00;287.70;0.00;0
390;air_base;3740.35;11.00;316.92;0.00;0
390;anti_air_building;3701.79;11.00;297.85;0.00;0
390;bunker;3728.92;11.00;324.17;0.00;0
390;fuel_silo;3739.11;11.00;303.83;0.00;0
390;radar_station;3730.54;11.00;311.34;0.00;0
390;nuclear_reactor_spawn;3719.35;11.00;313.15;0.00;0
390;rocket_site_spawn;3714.56;11.00;294.30;0.00;0
390;synthetic_refinery;3734.10;11.00;295.15;0.00;0
390;supply_node;3725.73;11.00;300.58;0.00;0
390;dockyard;3710.92;11.00;282.52;0.00;0
390;coastal_bunker;3714.66;11.00;305.00;0.00;0
391;arms_factory;3164.27;11.00;474.55;0.00;0
391;industrial_complex;3184.60;11.00;443.79;0.00;0
391;air_base;3163.81;11.00;427.02;0.00;0
391;anti_air_building;3136.51;11.00;453.27;0.00;0
391;bunker;3160.58;11.00;460.48;0.00;0
391;fuel_silo;3147.95;11.00;458.10;0.00;0
391;radar_station;3128.59;11.00;466.85;0.00;0
391;nuclear_reactor_spawn;3191.23;11.00;456.22;0.00;0
391;rocket_site_spawn;3170.71;11.00;460.99;0.00;0
391;synthetic_refinery;3140.03;11.00;470.05;0.00;0
391;supply_node;3152.19;11.00;468.99;0.00;0
391;dockyard;3184.21;11.00;459.62;0.00;0
391;coastal_bunker;3172.52;11.00;444.63;0.00;0
392;arms_factory;2619.96;11.00;480.72;0.00;0
392;industrial_complex;2586.44;11.00;457.66;0.00;0
392;air_base;2574.98;11.00;458.88;0.00;0
392;anti_air_building;2585.47;11.00;470.08;0.00;0
392;bunker;2593.40;11.00;501.88;0.00;0
392;fuel_silo;2583.32;11.00;483.32;0.00;0
392;radar_station;2594.78;11.00;488.55;0.00;0
392;nuclear_reactor_spawn;2623.61;11.00;468.60;0.00;0
392;rocket_site_spawn;2615.33;11.00;446.87;0.00;0
392;synthetic_refinery;2615.06;11.00;522.13;0.00;0
392;supply_node;2599.85;11.00;460.90;0.00;0
393;arms_factory;2658.85;11.00;842.53;0.00;0
393;industrial_complex;2632.99;11.00;808.08;0.00;0
393;air_base;2677.69;11.00;828.22;0.00;0
393;anti_air_building;2624.60;11.00;799.23;0.00;0
393;bunker;2662.41;11.00;830.68;0.00;0
393;fuel_silo;2637.79;11.00;847.30;0.00;0
393;radar_station;2611.59;11.00;830.18;0.00;0
393;nuclear_reactor_spawn;2622.62;11.00;844.66;0.00;0
393;rocket_site_spawn;2644.69;11.00;806.54;0.00;0
393;synthetic_refinery;2625.53;11.00;829.81;0.00;0
393;supply_node;2624.19;11.00;817.07;0.00;0
393;dockyard;2656.85;11.00;806.83;0.00;0
393;coastal_bunker;2651.80;11.00;820.63;0.00;0
394;arms_factory;2098.89;11.00;536.93;0.00;0
394;industrial_complex;2077.58;11.00;530.51;0.00;0
394;air_base;2107.36;11.00;562.44;0.00;0
394;anti_air_building;2065.38;11.00;524.33;0.00;0
394;bunker;2084.75;11.00;556.43;0.00;0
394;fuel_silo;2059.75;11.00;562.15;0.00;0
394;radar_station;2081.65;11.00;584.79;0.00;0
394;nuclear_reactor_spawn;2094.62;11.00;520.84;0.00;0
394;rocket_site_spawn;2051.85;11.00;570.05;0.00;0
394;synthetic_refinery;2071.73;11.00;541.53;0.00;0
394;supply_node;2059.39;11.00;533.19;0.00;0
395;arms_factory;2303.53;11.00;632.09;0.00;0
395;industrial_complex;2323.65;11.00;619.86;0.00;0
395;air_base;2295.41;11.00;626.66;0.00;0
395;anti_air_building;2319.98;11.00;632.39;0.00;0
395;bunker;2290.38;11.00;605.65;0.00;0
395;fuel_silo;2309.34;11.00;620.09;0.00;0
395;radar_station;2281.17;11.00;656.70;0.00;0
395;nuclear_reactor_spawn;2294.50;11.00;616.85;0.00;0
395;rocket_site_spawn;2267.91;11.00;636.09;0.00;0
395;synthetic_refinery;2276.92;11.00;643.78;0.00;0
395;supply_node;2299.29;11.00;595.18;0.00;0
395;dockyard;2262.23;11.00;650.95;0.00;0
395;coastal_bunker;2284.09;11.00;631.15;0.00;0
396;arms_factory;2809.36;11.00;713.25;0.00;0
396;industrial_complex;2825.46;11.00;721.09;0.00;0
396;air_base;2814.35;11.00;739.01;0.00;0
396;anti_air_building;2786.18;11.00;752.35;0.00;0
396;bunker;2829.15;11.00;745.29;0.00;0
396;fuel_silo;2802.06;11.00;735.66;0.00;0
396;radar_station;2790.15;11.00;713.60;0.00;0
396;nuclear_reactor_spawn;2810.58;11.00;749.74;0.00;0
396;rocket_site_spawn;2832.31;11.00;725.14;0.00;0
396;synthetic_refinery;2797.25;11.00;724.80;0.00;0
396;supply_node;2819.53;11.00;703.77;0.00;0
396;dockyard;2823.18;11.00;711.69;0.00;0
396;coastal_bunker;2824.75;11.00;754.89;0.00;0
397;arms_factory;3524.38;11.00;310.39;0.00;0
397;industrial_complex;3484.45;11.00;302.58;0.00;0
397;air_base;3500.42;11.00;327.78;0.00;0
397;anti_air_building;3468.57;11.00;304.32;0.00;0
397;bunker;3499.20;11.00;342.04;0.00;0
397;fuel_silo;3491.13;11.00;313.52;0.00;0
397;radar_station;3502.08;11.00;313.79;0.00;0
397;nuclear_reactor_spawn;3522.17;11.00;326.83;0.00;0
397;rocket_site_spawn;3533.19;11.00;325.89;0.00;0
397;synthetic_refinery;3471.74;11.00;293.72;0.00;0
397;supply_node;3483.90;11.00;288.87;0.00;0
398;arms_factory;2751.26;11.00;464.18;0.00;0
398;industrial_complex;2731.38;11.00;450.08;0.00;0
398;air_base;2730.03;11.00;471.19;0.00;0
398;anti_air_building;2721.00;11.00;471.98;0.00;0
398;bunker;2728.80;11.00;425.61;0.00;0
398;fuel_silo;2734.28;11.00;437.65;0.00;0
398;radar_station;2707.60;11.00;436.98;0.00;0
398;nuclear_reactor_spawn;2719.68;11.00;453.39;0.00;0
398;rocket_site_spawn;2703.71;11.00;446.40;0.00;0
398;synthetic_refinery;2743.82;11.00;448.35;0.00;0
398;supply_node;2737.76;11.00;460.34;0.00;0
398;dockyard;2719.65;11.00;439.02;0.00;0
398;coastal_bunker;2742.53;11.00;424.08;0.00;0
399;arms_factory;3151.78;11.00;521.56;0.00;0
399;industrial_complex;3119.45;11.00;531.95;0.00;0
399;air_base;3141.31;11.00;511.49;0.00;0
399;anti_air_building;3129.51;11.00;507.57;0.00;0
399;bunker;3111.88;11.00;521.35;0.00;0
399;fuel_silo;3167.07;11.00;531.51;0.00;0
399;radar_station;3124.32;11.00;497.69;0.00;0
399;nuclear_reactor_spawn;3151.37;11.00;499.59;0.00;0
399;rocket_site_spawn;3151.87;11.00;534.24;0.00;0
399;synthetic_refinery;3169.21;11.00;495.36;0.00;0
399;supply_node;3137.80;11.00;496.09;0.00;0
399;dockyard;3117.46;11.00;507.92;0.00;0
399;coastal_bunker;3127.33;11.00;489.59;0.00;0
400;arms_factory;2357.04;11.00;922.39;0.00;0
400;industrial_complex;2322.82;11.00;894.21;0.00;0
400;air_base;2356.85;11.00;887.18;0.00;0
400;anti_air_building;2336.74;11.00;887.85;0.00;0
400;bunker;2348.16;11.00;893.42;0.00;0
400;fuel_silo;2349.35;11.00;877.16;0.00;0
400;radar_station;2362.72;11.00;865.80;0.00;0
400;nuclear_reactor_spawn;2371.22;11.00;903.37;0.00;0
400;rocket_site_spawn;2356.16;11.00;853.49;0.00;0
400;synthetic_refinery;2348.07;11.00;909.44;0.00;0
400;supply_node;2335.80;11.00;867.63;0.00;0
400;dockyard;2367.43;11.00;878.93;0.00;0
400;coastal_bunker;2336.46;11.00;900.02;0.00;0
401;arms_factory;3172.61;11.00;410.92;0.00;0
401;industrial_complex;3182.93;11.00;373.85;0.00;0
401;air_base;3202.94;11.00;424.90;0.00;0
401;anti_air_building;3158.95;11.00;412.70;0.00;0
401;bunker;3167.03;11.00;389.70;0.00;0
401;fuel_silo;3187.79;11.00;410.65;0.00;0
401;radar_station;3209.25;11.00;384.45;0.00;0
401;nuclear_reactor_spawn;3180.86;11.00;398.48;0.00;0
401;rocket_site_spawn;3214.61;11.00;401.35;0.00;0
401;synthetic_refinery;3189.58;11.00;423.29;0.00;0
401;supply_node;3177.18;11.00;428.88;0.00;0
402;arms_factory;3426.73;11.00;272.31;0.00;0
402;industrial_complex;3451.05;11.00;220.55;0.00;0
402;air_base;3433.78;11.00;222.38;0.00;0
402;anti_air_building;3473.14;11.00;267.63;0.00;0
402;bunker;3438.04;11.00;276.16;0.00;0
402;fuel_silo;3472.16;11.00;281.49;0.00;0
402;radar_station;3476.08;11.00;250.47;0.00;0
402;nuclear_reactor_spawn;3431.66;11.00;239.88;0.00;0
402;rocket_site_spawn;3475.35;11.00;234.13;0.00;0
402;synthetic_refinery;3448.39;11.00;279.19;0.00;0
402;supply_node;3439.31;11.00;264.27;0.00;0
403;arms_factory;2095.93;11.00;799.64;0.00;0
403;industrial_complex;2083.90;11.00;788.28;0.00;0
403;air_base;2097.95;11.00;817.76;0.00;0
403;anti_air_building;2061.49;11.00;797.59;0.00;0
403;bunker;2072.22;11.00;796.35;0.00;0
403;fuel_silo;2055.22;11.00;831.75;0.00;0
403;radar_station;2071.48;11.00;810.00;0.00;0
403;nuclear_reactor_spawn;2075.19;11.00;826.60;0.00;0
403;rocket_site_spawn;2071.97;11.00;838.05;0.00;0
403;synthetic_refinery;2084.76;11.00;803.02;0.00;0
403;supply_node;2051.17;11.00;817.87;0.00;0
403;dockyard;2051.18;11.00;794.46;0.00;0
403;coastal_bunker;2052.26;11.00;806.04;0.00;0
404;arms_factory;2226.48;11.00;446.23;0.00;0
404;industrial_complex;2211.74;11.00;432.95;0.00;0
404;air_base;2207.67;11.00;446.60;0.00;0
404;anti_air_building;2202.23;11.00;434.62;0.00;0
404;bunker;2196.45;11.00;423.58;0.00;0
404;fuel_silo;2225.06;11.00;425.00;0.00;0
404;radar_station;2187.34;11.00;458.10;0.00;0
404;nuclear_reactor_spawn;2224.35;11.00;435.37;0.00;0
404;rocket_site_spawn;2203.30;11.00;483.60;0.00;0
404;synthetic_refinery;2179.43;11.00;448.63;0.00;0
404;supply_node;2201.31;11.00;456.35;0.00;0
405;arms_factory;3161.42;11.00;860.74;0.00;0
405;industrial_complex;3210.32;11.00;863.07;0.00;0
405;air_base;3206.87;11.00;843.01;0.00;0
405;anti_air_building;3181.23;11.00;882.25;0.00;0
405;bunker;3161.98;11.00;875.41;0.00;0
405;fuel_silo;3148.25;11.00;875.62;0.00;0
405;radar_station;3199.84;11.00;855.71;0.00;0
405;nuclear_reactor_spawn;3187.74;11.00;874.67;0.00;0
405;rocket_site_spawn;3178.32;11.00;866.52;0.00;0
405;synthetic_refinery;3164.96;11.00;835.89;0.00;0
405;supply_node;3197.81;11.00;876.47;0.00;0
405;dockyard;3168.03;11.00;886.63;0.00;0
405;coastal_bunker;3194.53;11.00;865.79;0.00;0
406;arms_factory;3832.52;11.00;470.91;0.00;0
406;industrial_complex;3823.46;11.00;462.44;0.00;0
406;air_base;3814.08;11.00;448.79;0.00;0
406;anti_air_building;3841.46;11.00;476.50;0.00;0
406;bunker;3832.52;11.00;470.91;0.00;0
406;fuel_silo;3823.46;11.00;462.44;0.00;0
406;radar_station;3814.08;11.00;448.79;0.00;0
406;nuclear_reactor_spawn;3841.46;11.00;476.50;0.00;0
406;rocket_site_spawn;3832.52;11.00;470.91;0.00;0
406;synthetic_refinery;3823.46;11.00;462.44;0.00;0
406;supply_node;3814.08;11.00;448.79;0.00;0
406;dockyard;3841.46;11.00;476.50;0.00;0
406;coastal_bunker;3832.52;11.00;470.91;0.00;0
407;arms_factory;2356.97;11.00;716.66;0.00;0
407;industrial_complex;2396.29;11.00;758.41;0.00;0
407;air_base;2346.97;11.00;762.45;0.00;0
407;anti_air_building;2371.19;11.00;733.48;0.00;0
407;bunker;2374.02;11.00;746.75;0.00;0
407;fuel_silo;2381.24;11.00;759.54;0.00;0
407;radar_station;2378.30;11.00;716.03;0.00;0
407;nuclear_reactor_spawn;2361.13;11.00;739.28;0.00;0
407;rocket_site_spawn;2345.58;11.00;748.52;0.00;0
407;synthetic_refinery;2349.17;11.00;733.61;0.00;0
407;supply_node;2368.33;11.00;710.36;0.00;0
408;arms_factory;2852.44;11.00;494.62;0.00;0
408;industrial_complex;2830.95;11.00;459.86;0.00;0
408;air_base;2843.03;11.00;458.79;0.00;0
408;anti_air_building;2848.00;11.00;482.80;0.00;0
408;bunker;2865.62;11.00;489.86;0.00;0
408;fuel_silo;2837.97;11.00;483.24;0.00;0
408;radar_station;2855.02;11.00;461.62;0.00;0
408;nuclear_reactor_spawn;2844.04;11.00;470.74;0.00;0
408;rocket_site_spawn;2869.13;11.00;456.45;0.00;0
408;synthetic_refinery;2874.87;11.00;466.25;0.00;0
408;supply_node;2863.69;11.00;470.88;0.00;0
409;arms_factory;2938.34;11.00;643.28;0.00;0
409;industrial_complex;2922.62;11.00;651.28;0.00;0
409;air_base;2891.42;11.00;642.44;0.00;0
409;anti_air_building;2868.15;11.00;629.03;0.00;0
409;bunker;2937.87;11.00;631.52;0.00;0
409;fuel_silo;2913.02;11.00;632.58;0.00;0
409;radar_station;2926.25;11.00;625.76;0.00;0
409;nuclear_reactor_spawn;2886.72;11.00;629.52;0.00;0
409;rocket_site_spawn;2912.04;11.00;608.19;0.00;0
409;synthetic_refinery;2884.84;11.00;614.94;0.00;0
409;supply_node;2910.37;11.00;650.25;0.00;0
410;arms_factory;2536.64;11.00;826.45;0.00;0
410;industrial_complex;2500.68;11.00;819.60;0.00;0
410;air_base;2515.41;11.00;852.59;0.00;0
410;anti_air_building;2514.12;11.00;827.97;0.00;0
410;bunker;2506.41;11.00;853.67;0.00;0
410;fuel_silo;2502.12;11.00;846.10;0.00;0
410;radar_station;2520.80;11.00;821.80;0.00;0
410;nuclear_reactor_spawn;2535.48;11.00;839.65;0.00;0
410;rocket_site_spawn;2496.49;11.00;858.47;0.00;0
410;synthetic_refinery;2493.03;11.00;846.55;0.00;0
410;supply_node;2507.38;11.00;834.58;0.00;0
410;dockyard;2491.65;11.00;824.37;0.00;0
410;coastal_bunker;2524.40;11.00;841.31;0.00;0
411;arms_factory;3044.76;11.00;843.99;0.00;0
411;industrial_complex;3078.66;11.00;866.03;0.00;0
411;air_base;3077.98;11.00;853.95;0.00;0
411;anti_air_building;3052.23;11.00;816.32;0.00;0
411;bunker;3089.41;11.00;808.08;0.00;0
411;fuel_silo;3079.03;11.00;796.77;0.00;0
411;radar_station;3041.29;11.00;833.95;0.00;0
411;nuclear_reactor_spawn;3079.24;11.00;818.09;0.00;0
411;rocket_site_spawn;3051.56;11.00;804.71;0.00;0
411;synthetic_refinery;3028.97;11.00;853.81;0.00;0
411;supply_node;3040.60;11.00;811.46;0.00;0
411;dockyard;3028.82;11.00;808.60;0.00;0
411;coastal_bunker;3028.38;11.00;821.26;0.00;0
412;arms_factory;3712.12;11.00;138.95;0.00;0
412;industrial_complex;3743.41;11.00;180.10;0.00;0
412;air_base;3731.61;11.00;193.42;0.00;0
412;anti_air_building;3706.84;11.00;149.51;0.00;0
412;bunker;3715.40;11.00;198.91;0.00;0
412;fuel_silo;3723.49;11.00;157.06;0.00;0
412;radar_station;3754.24;11.00;172.56;0.00;0
412;nuclear_reactor_spawn;3724.09;11.00;201.97;0.00;0
412;rocket_site_spawn;3736.12;11.00;166.11;0.00;0
412;synthetic_refinery;3725.79;11.00;181.35;0.00;0
412;supply_node;3711.35;11.00;126.38;0.00;0
412;dockyard;3711.10;11.00;179.41;0.00;0
412;coastal_bunker;3709.03;11.00;164.87;0.00;0
413;arms_factory;2869.88;11.00;850.49;0.00;0
413;industrial_complex;2882.75;11.00;859.27;0.00;0
413;air_base;2865.09;11.00;832.13;0.00;0
413;anti_air_building;2891.90;11.00;822.76;0.00;0
413;bunker;2890.84;11.00;851.03;0.00;0
413;fuel_silo;2877.54;11.00;820.22;0.00;0
413;radar_station;2850.95;11.00;844.43;0.00;0
413;nuclear_reactor_spawn;2848.43;11.00;833.22;0.00;0
413;rocket_site_spawn;2867.26;11.00;818.04;0.00;0
413;synthetic_refinery;2852.24;11.00;823.95;0.00;0
413;supply_node;2868.81;11.00;841.81;0.00;0
413;dockyard;2886.63;11.00;836.24;0.00;0
413;coastal_bunker;2892.52;11.00;864.93;0.00;0
414;arms_factory;3041.97;11.00;475.97;0.00;0
414;industrial_complex;3063.63;11.00;486.62;0.00;0
414;air_base;3049.06;11.00;485.72;0.00;0
414;anti_air_building;3034.87;11.00;494.84;0.00;0
414;bunker;3065.55;11.00;509.57;0.00;0
414;fuel_silo;3067.07;11.00;476.66;0.00;0
414;radar_station;3021.26;11.00;480.00;0.00;0
414;nuclear_reactor_spawn;3066.77;11.00;496.86;0.00;0
414;rocket_site_spawn;3034.05;11.00;481.81;0.00;0
414;synthetic_refinery;3048.61;11.00;506.76;0.00;0
414;supply_node;3030.94;11.00;507.01;0.00;0
414;dockyard;3021.93;11.00;497.95;0.00;0
414;coastal_bunker;3055.10;11.00;476.19;0.00;0
415;arms_factory;3585.27;11.00;605.20;0.00;0
415;industrial_complex;3598.22;11.00;594.91;0.00;0
415;air_base;3604.56;11.00;581.21;0.00;0
415;anti_air_building;3581.38;11.00;576.72;0.00;0
415;bunker;3615.07;11.00;591.91;0.00;0
415;fuel_silo;3570.30;11.00;582.21;0.00;0
415;radar_station;3561.04;11.00;608.65;0.00;0
415;nuclear_reactor_spawn;3592.04;11.00;581.34;0.00;0
415;rocket_site_spawn;3583.95;11.00;591.84;0.00;0
415;synthetic_refinery;3559.92;11.00;578.02;0.00;0
415;supply_node;3594.54;11.00;571.18;0.00;0
415;dockyard;3570.77;11.00;603.49;0.00;0
415;coastal_bunker;3572.65;11.00;615.72;0.00;0
416;arms_factory;3575.13;11.00;664.03;0.00;0
416;industrial_complex;3560.70;11.00;650.07;0.00;0
416;air_base;3573.38;11.00;653.81;0.00;0
416;anti_air_building;3593.71;11.00;661.29;0.00;0
416;bunker;3583.25;11.00;620.67;0.00;0
416;fuel_silo;3594.50;11.00;628.47;0.00;0
416;radar_station;3585.66;11.00;654.16;0.00;0
416;nuclear_reactor_spawn;3573.36;11.00;643.05;0.00;0
416;rocket_site_spawn;3561.45;11.00;661.11;0.00;0
416;synthetic_refinery;3572.78;11.00;631.09;0.00;0
416;supply_node;3591.00;11.00;642.91;0.00;0
416;dockyard;3557.91;11.00;671.62;0.00;0
416;coastal_bunker;3584.41;11.00;634.72;0.00;0
417;arms_factory;3478.73;11.00;171.70;0.00;0
417;industrial_complex;3498.92;11.00;196.44;0.00;0
417;air_base;3488.52;11.00;229.36;0.00;0
417;anti_air_building;3461.00;11.00;192.00;0.00;0
417;bunker;3484.67;11.00;218.59;0.00;0
417;fuel_silo;3459.88;11.00;171.62;0.00;0
417;radar_station;3490.77;11.00;161.11;0.00;0
417;nuclear_reactor_spawn;3496.62;11.00;217.93;0.00;0
417;rocket_site_spawn;3476.54;11.00;206.48;0.00;0
417;synthetic_refinery;3471.98;11.00;194.66;0.00;0
417;supply_node;3473.16;11.00;219.49;0.00;0
418;arms_factory;2380.94;11.00;626.38;0.00;0
418;industrial_complex;2357.82;11.00;616.10;0.00;0
418;air_base;2403.26;11.00;642.16;0.00;0
418;anti_air_building;2365.82;11.00;627.11;0.00;0
418;bunker;2337.94;11.00;619.12;0.00;0
418;fuel_silo;2407.20;11.00;626.12;0.00;0
418;radar_station;2396.26;11.00;629.96;0.00;0
418;nuclear_reactor_spawn;2371.91;11.00;613.88;0.00;0
418;rocket_site_spawn;2372.74;11.00;663.77;0.00;0
418;synthetic_refinery;2350.66;11.00;629.08;0.00;0
418;supply_node;2384.16;11.00;612.24;0.00;0
418;dockyard;2401.91;11.00;613.86;0.00;0
418;coastal_bunker;2388.02;11.00;642.49;0.00;0
419;arms_factory;3756.33;11.00;340.02;0.00;0
419;industrial_complex;3728.87;11.00;373.10;0.00;0
419;air_base;3751.13;11.00;344.40;0.00;0
419;anti_air_building;3745.23;11.00;367.29;0.00;0
419;bunker;3716.78;11.00;354.73;0.00;0
419;fuel_silo;3740.79;11.00;340.70;0.00;0
419;radar_station;3748.27;11.00;359.44;0.00;0
419;nuclear_reactor_spawn;3709.69;11.00;346.74;0.00;0
419;rocket_site_spawn;3729.33;11.00;362.25;0.00;0
419;synthetic_refinery;3738.27;11.00;368.79;0.00;0
419;supply_node;3717.03;11.00;334.94;0.00;0
419;dockyard;3735.28;11.00;352.28;0.00;0
419;coastal_bunker;3747.45;11.00;351.30;0.00;0
420;arms_factory;2822.82;11.00;577.51;0.00;0
420;industrial_complex;2817.06;11.00;531.23;0.00;0
420;air_base;2804.97;11.00;564.53;0.00;0
420;anti_air_building;2808.20;11.00;541.40;0.00;0
420;bunker;2817.26;11.00;565.86;0.00;0
420;fuel_silo;2814.13;11.00;553.01;0.00;0
420;radar_station;2802.17;11.00;531.54;0.00;0
420;nuclear_reactor_spawn;2822.40;11.00;543.82;0.00;0
420;rocket_site_spawn;2804.85;11.00;520.27;0.00;0
420;synthetic_refinery;2794.56;11.00;546.30;0.00;0
420;supply_node;2829.61;11.00;564.82;0.00;0
421;arms_factory;3718.14;11.00;373.60;0.00;0
421;industrial_complex;3702.46;11.00;359.78;0.00;0
421;air_base;3691.21;11.00;400.30;0.00;0
421;anti_air_building;3712.32;11.00;412.49;0.00;0
421;bunker;3699.54;11.00;411.34;0.00;0
421;fuel_silo;3723.99;11.00;400.57;0.00;0
421;radar_station;3680.97;11.00;377.57;0.00;0
421;nuclear_reactor_spawn;3693.21;11.00;377.07;0.00;0
421;rocket_site_spawn;3705.67;11.00;398.75;0.00;0
421;synthetic_refinery;3720.86;11.00;392.62;0.00;0
421;supply_node;3701.49;11.00;386.21;0.00;0
421;dockyard;3677.76;11.00;367.97;0.00;0
421;coastal_bunker;3678.06;11.00;396.06;0.00;0
422;arms_factory;2020.97;11.00;565.35;0.00;0
422;industrial_complex;2049.58;11.00;517.44;0.00;0
422;air_base;2022.61;11.00;528.97;0.00;0
422;anti_air_building;2039.11;11.00;550.57;0.00;0
422;bunker;2013.44;11.00;519.08;0.00;0
422;fuel_silo;2017.18;11.00;553.94;0.00;0
422;radar_station;2035.62;11.00;567.19;0.00;0
422;nuclear_reactor_spawn;2045.33;11.00;527.95;0.00;0
422;rocket_site_spawn;2047.97;11.00;540.20;0.00;0
422;synthetic_refinery;2012.61;11.00;569.29;0.00;0
422;supply_node;2034.97;11.00;537.36;0.00;0
422;dockyard;2027.67;11.00;502.46;0.00;0
422;coastal_bunker;2033.20;11.00;521.74;0.00;0
423;arms_factory;2504.89;11.00;665.39;0.00;0
423;industrial_complex;2501.88;11.00;676.89;0.00;0
423;air_base;2499.70;11.00;654.27;0.00;0
423;anti_air_building;2528.76;11.00;653.67;0.00;0
423;bunker;2529.85;11.00;689.06;0.00;0
423;fuel_silo;2517.27;11.00;641.11;0.00;0
423;radar_station;2538.11;11.00;664.51;0.00;0
423;nuclear_reactor_spawn;2549.10;11.00;663.18;0.00;0
423;rocket_site_spawn;2518.62;11.00;698.07;0.00;0
423;synthetic_refinery;2490.93;11.00;663.76;0.00;0
423;supply_node;2513.40;11.00;673.12;0.00;0
424;arms_factory;3667.42;11.00;413.29;0.00;0
424;industrial_complex;3662.19;11.00;435.09;0.00;0
424;air_base;3673.78;11.00;424.77;0.00;0
424;anti_air_building;3654.43;11.00;445.16;0.00;0
424;bunker;3699.41;11.00;447.28;0.00;0
424;fuel_silo;3713.69;11.00;446.82;0.00;0
424;radar_station;3681.74;11.00;431.88;0.00;0
424;nuclear_reactor_spawn;3705.72;11.00;426.20;0.00;0
424;rocket_site_spawn;3690.72;11.00;438.51;0.00;0
424;synthetic_refinery;3691.89;11.00;422.79;0.00;0
424;supply_node;3681.43;11.00;411.19;0.00;0
425;arms_factory;2481.81;11.00;354.63;0.00;0
425;industrial_complex;2440.50;11.00;311.12;0.00;0
425;air_base;2491.28;11.00;338.74;0.00;0
425;anti_air_building;2454.35;11.00;323.89;0.00;0
425;bunker;2450.58;11.00;312.12;0.00;0
425;fuel_silo;2476.43;11.00;325.95;0.00;0
425;radar_station;2463.64;11.00;336.65;0.00;0
425;nuclear_reactor_spawn;2497.81;11.00;314.58;0.00;0
425;rocket_site_spawn;2447.45;11.00;336.63;0.00;0
425;synthetic_refinery;2487.59;11.00;311.56;0.00;0
425;supply_node;2510.69;11.00;308.47;0.00;0
425;dockyard;2494.24;11.00;327.34;0.00;0
425;coastal_bunker;2469.04;11.00;351.09;0.00;0
426;arms_factory;3477.14;11.00;676.37;0.00;0
426;industrial_complex;3488.47;11.00;695.86;0.00;0
426;air_base;3501.46;11.00;682.75;0.00;0
426;anti_air_building;3507.16;11.00;701.88;0.00;0
426;bunker;3479.78;11.00;662.57;0.00;0
426;fuel_silo;3509.85;11.00;674.36;0.00;0
426;radar_station;3496.06;11.00;663.07;0.00;0
426;nuclear_reactor_spawn;3491.74;11.00;675.10;0.00;0
426;rocket_site_spawn;3495.39;11.00;703.45;0.00;0
426;synthetic_refinery;3501.45;11.00;709.19;0.00;0
426;supply_node;3502.61;11.00;692.79;0.00;0
426;dockyard;3486.32;11.00;686.08;0.00;0
426;coastal_bunker;3512.24;11.00;694.18;0.00;0
427;arms_factory;2453.86;11.00;641.06;0.00;0
427;industrial_complex;2422.56;11.00;638.40;0.00;0
427;air_base;2418.54;11.00;597.32;0.00;0
427;anti_air_building;2445.01;11.00;595.03;0.00;0
427;bunker;2431.11;11.00;606.75;0.00;0
427;fuel_silo;2434.31;11.00;660.03;0.00;0
427;radar_station;2425.25;11.00;652.56;0.00;0
427;nuclear_reactor_spawn;2444.95;11.00;621.87;0.00;0
427;rocket_site_spawn;2429.41;11.00;621.58;0.00;0
427;synthetic_refinery;2469.31;11.00;646.43;0.00;0
427;supply_node;2464.01;11.00;615.93;0.00;0
428;arms_factory;2418.56;11.00;515.90;0.00;0
428;industrial_complex;2362.42;11.00;505.95;0.00;0
428;air_base;2387.88;11.00;514.13;0.00;0
428;anti_air_building;2407.29;11.00;508.62;0.00;0
428;bunker;2422.94;11.00;541.27;0.00;0
428;fuel_silo;2362.60;11.00;517.36;0.00;0
428;radar_station;2381.22;11.00;527.50;0.00;0
428;nuclear_reactor_spawn;2397.94;11.00;549.70;0.00;0
428;rocket_site_spawn;2422.49;11.00;528.20;0.00;0
428;synthetic_refinery;2393.99;11.00;538.76;0.00;0
428;supply_node;2358.42;11.00;526.96;0.00;0
429;arms_factory;2672.85;11.00;695.26;0.00;0
429;industrial_complex;2648.28;11.00;676.92;0.00;0
429;air_base;2640.08;11.00;715.36;0.00;0
429;anti_air_building;2646.92;11.00;710.71;0.00;0
429;bunker;2663.24;11.00;681.77;0.00;0
429;fuel_silo;2661.30;11.00;712.82;0.00;0
429;radar_station;2623.82;11.00;697.62;0.00;0
429;nuclear_reactor_spawn;2662.29;11.00;699.67;0.00;0
429;rocket_site_spawn;2650.09;11.00;701.88;0.00;0
429;synthetic_refinery;2635.74;11.00;703.07;0.00;0
429;supply_node;2634.59;11.00;689.89;0.00;0
430;arms_factory;2514.59;11.00;438.00;0.00;0
430;industrial_complex;2550.39;11.00;454.68;0.00;0
430;air_base;2549.71;11.00;410.56;0.00;0
430;anti_air_building;2550.01;11.00;430.58;0.00;0
430;bunker;2559.02;11.00;447.19;0.00;0
430;fuel_silo;2535.38;11.00;410.30;0.00;0
430;radar_station;2540.28;11.00;442.12;0.00;0
430;nuclear_reactor_spawn;2527.61;11.00;434.57;0.00;0
430;rocket_site_spawn;2517.23;11.00;423.24;0.00;0
430;synthetic_refinery;2536.82;11.00;423.36;0.00;0
430;supply_node;2539.82;11.00;398.23;0.00;0
431;arms_factory;3621.70;11.00;221.86;0.00;0
431;industrial_complex;3606.96;11.00;244.01;0.00;0
431;air_base;3615.35;11.00;273.88;0.00;0
431;anti_air_building;3624.34;11.00;261.40;0.00;0
431;bunker;3620.19;11.00;242.68;0.00;0
431;fuel_silo;3611.67;11.00;231.06;0.00;0
431;radar_station;3632.34;11.00;220.64;0.00;0
431;nuclear_reactor_spawn;3589.82;11.00;255.74;0.00;0
431;rocket_site_spawn;3632.51;11.00;235.63;0.00;0
431;synthetic_refinery;3599.18;11.00;261.36;0.00;0
431;supply_node;3597.10;11.00;240.11;0.00;0
431;dockyard;3644.85;11.00;227.40;0.00;0
431;coastal_bunker;3603.97;11.00;253.88;0.00;0
432;arms_factory;2509.85;11.00;322.37;0.00;0
432;industrial_complex;2511.18;11.00;348.72;0.00;0
432;air_base;2537.99;11.00;374.02;0.00;0
432;anti_air_building;2522.36;11.00;367.43;0.00;0
432;bunker;2506.74;11.00;335.99;0.00;0
432;fuel_silo;2523.43;11.00;345.00;0.00;0
432;radar_station;2524.63;11.00;334.49;0.00;0
432;nuclear_reactor_spawn;2507.33;11.00;366.41;0.00;0
432;rocket_site_spawn;2491.95;11.00;365.89;0.00;0
432;synthetic_refinery;2492.34;11.00;349.10;0.00;0
432;supply_node;2525.81;11.00;356.24;0.00;0
433;arms_factory;2525.95;11.00;400.55;0.00;0
433;industrial_complex;2503.66;11.00;428.20;0.00;0
433;air_base;2522.00;11.00;412.55;0.00;0
433;anti_air_building;2491.40;11.00;415.27;0.00;0
433;bunker;2530.83;11.00;389.14;0.00;0
433;fuel_silo;2500.83;11.00;395.81;0.00;0
433;radar_station;2480.37;11.00;406.14;0.00;0
433;nuclear_reactor_spawn;2505.68;11.00;411.33;0.00;0
433;rocket_site_spawn;2513.50;11.00;400.39;0.00;0
433;synthetic_refinery;2515.90;11.00;389.01;0.00;0
433;supply_node;2487.93;11.00;393.53;0.00;0
434;arms_factory;3596.77;11.00;146.33;0.00;0
434;industrial_complex;3590.13;11.00;156.58;0.00;0
434;air_base;3604.43;11.00;161.22;0.00;0
434;anti_air_building;3619.10;11.00;112.13;0.00;0
434;bunker;3578.35;11.00;147.10;0.00;0
434;fuel_silo;3577.37;11.00;160.01;0.00;0
434;radar_station;3591.25;11.00;117.73;0.00;0
434;nuclear_reactor_spawn;3603.60;11.00;112.24;0.00;0
434;rocket_site_spawn;3621.51;11.00;156.18;0.00;0
434;synthetic_refinery;3633.97;11.00;152.71;0.00;0
434;supply_node;3586.04;11.00;133.98;0.00;0
434;dockyard;3602.79;11.00;134.52;0.00;0
434;coastal_bunker;3608.03;11.00;123.43;0.00;0
435;arms_factory;2966.94;11.00;458.68;0.00;0
435;industrial_complex;2972.96;11.00;472.21;0.00;0
435;air_base;2923.23;11.00;446.85;0.00;0
435;anti_air_building;2934.87;11.00;463.79;0.00;0
435;bunker;2935.70;11.00;442.21;0.00;0
435;fuel_silo;2952.65;11.00;461.10;0.00;0
435;radar_station;2942.78;11.00;452.21;0.00;0
435;nuclear_reactor_spawn;2948.08;11.00;482.17;0.00;0
435;rocket_site_spawn;2946.49;11.00;435.87;0.00;0
435;synthetic_refinery;2935.25;11.00;426.54;0.00;0
435;supply_node;2924.94;11.00;434.69;0.00;0
435;dockyard;2957.78;11.00;445.29;0.00;0
435;coastal_bunker;2956.30;11.00;488.14;0.00;0
436;arms_factory;2492.95;11.00;470.01;0.00;0
436;industrial_complex;2528.92;11.00;491.09;0.00;0
436;air_base;2518.84;11.00;475.44;0.00;0
436;anti_air_building;2537.22;11.00;480.40;0.00;0
436;bunker;2505.48;11.00;471.83;0.00;0
436;fuel_silo;2502.82;11.00;445.00;0.00;0
436;radar_station;2546.07;11.00;465.69;0.00;0
436;nuclear_reactor_spawn;2517.28;11.00;491.46;0.00;0
436;rocket_site_spawn;2487.97;11.00;453.49;0.00;0
436;synthetic_refinery;2491.97;11.00;485.24;0.00;0
436;supply_node;2522.20;11.00;448.41;0.00;0
437;arms_factory;2982.70;11.00;463.63;0.00;0
437;industrial_complex;2991.41;11.00;441.91;0.00;0
437;air_base;3026.00;11.00;432.76;0.00;0
437;anti_air_building;2975.45;11.00;447.47;0.00;0
437;bunker;2973.23;11.00;434.75;0.00;0
437;fuel_silo;3002.16;11.00;455.77;0.00;0
437;radar_station;3005.44;11.00;444.91;0.00;0
437;nuclear_reactor_spawn;3016.52;11.00;446.63;0.00;0
437;rocket_site_spawn;2989.63;11.00;454.86;0.00;0
437;synthetic_refinery;3025.78;11.00;416.03;0.00;0
437;supply_node;2989.93;11.00;428.87;0.00;0
437;dockyard;2980.23;11.00;420.61;0.00;0
437;coastal_bunker;3016.43;11.00;424.79;0.00;0
438;arms_factory;2741.46;11.00;373.51;0.00;0
438;industrial_complex;2752.60;11.00;376.44;0.00;0
438;air_base;2722.19;11.00;348.98;0.00;0
438;anti_air_building;2748.66;11.00;363.15;0.00;0
438;bunker;2735.14;11.00;361.37;0.00;0
438;fuel_silo;2754.69;11.00;403.64;0.00;0
438;radar_station;2742.98;11.00;386.21;0.00;0
438;nuclear_reactor_spawn;2736.03;11.00;397.73;0.00;0
438;rocket_site_spawn;2767.52;11.00;393.82;0.00;0
438;synthetic_refinery;2735.70;11.00;348.11;0.00;0
438;supply_node;2746.70;11.00;350.30;0.00;0
438;dockyard;2755.11;11.00;345.80;0.00;0
438;coastal_bunker;2753.29;11.00;392.03;0.00;0
439;arms_factory;3561.39;11.00;148.42;0.00;0
439;industrial_complex;3529.79;11.00;155.02;0.00;0
439;air_base;3535.61;11.00;145.51;0.00;0
439;anti_air_building;3532.73;11.00;171.57;0.00;0
439;bunker;3541.21;11.00;135.72;0.00;0
439;fuel_silo;3516.09;11.00;156.62;0.00;0
439;radar_station;3533.92;11.00;185.95;0.00;0
439;nuclear_reactor_spawn;3524.22;11.00;182.05;0.00;0
439;rocket_site_spawn;3552.21;11.00;139.60;0.00;0
439;synthetic_refinery;3545.46;11.00;192.32;0.00;0
439;supply_node;3564.99;11.00;160.62;0.00;0
440;arms_factory;3065.84;11.00;654.34;0.00;0
440;industrial_complex;3044.34;11.00;662.49;0.00;0
440;air_base;3031.51;11.00;663.78;0.00;0
440;anti_air_building;3035.16;11.00;675.05;0.00;0
440;bunker;3078.78;11.00;653.28;0.00;0
440;fuel_silo;3090.16;11.00;651.68;0.00;0
440;radar_station;3086.00;11.00;672.66;0.00;0
440;nuclear_reactor_spawn;3081.20;11.00;636.91;0.00;0
440;rocket_site_spawn;3098.24;11.00;664.70;0.00;0
440;synthetic_refinery;3035.66;11.00;648.04;0.00;0
440;supply_node;3062.21;11.00;691.64;0.00;0
441;arms_factory;2778.96;11.00;464.54;0.00;0
441;industrial_complex;2764.48;11.00;470.05;0.00;0
441;air_base;2781.41;11.00;495.74;0.00;0
441;anti_air_building;2788.11;11.00;510.38;0.00;0
441;bunker;2789.48;11.00;468.60;0.00;0
441;fuel_silo;2774.04;11.00;481.66;0.00;0
441;radar_station;2757.02;11.00;481.83;0.00;0
441;nuclear_reactor_spawn;2766.88;11.00;493.97;0.00;0
441;rocket_site_spawn;2742.90;11.00;486.01;0.00;0
441;synthetic_refinery;2794.01;11.00;492.99;0.00;0
441;supply_node;2785.69;11.00;480.05;0.00;0
442;arms_factory;2190.52;11.00;481.07;0.00;0
442;industrial_complex;2127.33;11.00;459.23;0.00;0
442;air_base;2140.45;11.00;497.36;0.00;0
442;anti_air_building;2131.45;11.00;488.88;0.00;0
442;bunker;2146.30;11.00;472.12;0.00;0
442;fuel_silo;2169.45;11.00;479.63;0.00;0
442;radar_station;2169.45;11.00;459.76;0.00;0
442;nuclear_reactor_spawn;2143.28;11.00;460.74;0.00;0
442;rocket_site_spawn;2153.29;11.00;498.17;0.00;0
442;synthetic_refinery;2120.98;11.00;482.51;0.00;0
442;supply_node;2165.11;11.00;509.79;0.00;0
443;arms_factory;3136.57;11.00;808.60;0.00;0
443;industrial_complex;3102.49;11.00;806.93;0.00;0
443;air_base;3121.79;11.00;766.47;0.00;0
443;anti_air_building;3090.99;11.00;793.04;0.00;0
443;bunker;3139.95;11.00;783.31;0.00;0
443;fuel_silo;3135.53;11.00;763.47;0.00;0
443;radar_station;3106.32;11.00;763.75;0.00;0
443;nuclear_reactor_spawn;3095.12;11.00;770.57;0.00;0
443;rocket_site_spawn;3151.66;11.00;784.90;0.00;0
443;synthetic_refinery;3160.10;11.00;771.73;0.00;0
443;supply_node;3146.32;11.00;769.34;0.00;0
444;arms_factory;3234.93;11.00;422.40;0.00;0
444;industrial_complex;3236.93;11.00;452.02;0.00;0
444;air_base;3242.04;11.00;462.70;0.00;0
444;anti_air_building;3250.53;11.00;436.79;0.00;0
444;bunker;3223.68;11.00;454.73;0.00;0
444;fuel_silo;3222.73;11.00;435.87;0.00;0
444;radar_station;3249.25;11.00;453.37;0.00;0
444;nuclear_reactor_spawn;3216.52;11.00;426.68;0.00;0
444;rocket_site_spawn;3227.97;11.00;418.12;0.00;0
444;synthetic_refinery;3231.09;11.00;462.30;0.00;0
444;supply_node;3259.14;11.00;446.43;0.00;0
444;dockyard;3209.82;11.00;438.78;0.00;0
444;coastal_bunker;3239.59;11.00;471.30;0.00;0
445;arms_factory;3700.04;11.00;503.46;0.00;0
445;industrial_complex;3683.99;11.00;460.81;0.00;0
445;air_base;3681.75;11.00;493.51;0.00;0
445;anti_air_building;3708.13;11.00;470.78;0.00;0
445;bunker;3672.27;11.00;459.26;0.00;0
445;fuel_silo;3701.98;11.00;479.35;0.00;0
445;radar_station;3681.97;11.00;471.33;0.00;0
445;nuclear_reactor_spawn;3695.06;11.00;468.88;0.00;0
445;rocket_site_spawn;3691.64;11.00;484.59;0.00;0
445;synthetic_refinery;3686.24;11.00;505.82;0.00;0
445;supply_node;3704.99;11.00;490.94;0.00;0
446;arms_factory;3433.40;11.00;660.48;0.00;0
446;industrial_complex;3412.17;11.00;669.54;0.00;0
446;air_base;3407.60;11.00;679.51;0.00;0
446;anti_air_building;3408.84;11.00;690.37;0.00;0
446;bunker;3422.99;11.00;665.83;0.00;0
446;fuel_silo;3424.54;11.00;698.69;0.00;0
446;radar_station;3418.78;11.00;676.89;0.00;0
446;nuclear_reactor_spawn;3425.49;11.00;686.01;0.00;0
446;rocket_site_spawn;3432.45;11.00;675.69;0.00;0
446;synthetic_refinery;3416.31;11.00;697.23;0.00;0
446;supply_node;3416.43;11.00;687.02;0.00;0
446;dockyard;3433.40;11.00;660.48;0.00;0
446;coastal_bunker;3412.17;11.00;669.54;0.00;0
447;arms_factory;2627.42;11.00;342.70;0.00;0
447;industrial_complex;2629.34;11.00;300.31;0.00;0
447;air_base;2644.90;11.00;319.23;0.00;0
447;anti_air_building;2596.40;11.00;328.93;0.00;0
447;bunker;2598.32;11.00;309.60;0.00;0
447;fuel_silo;2650.68;11.00;330.74;0.00;0
447;radar_station;2600.80;11.00;342.01;0.00;0
447;nuclear_reactor_spawn;2633.80;11.00;312.34;0.00;0
447;rocket_site_spawn;2612.61;11.00;297.28;0.00;0
447;synthetic_refinery;2645.61;11.00;304.61;0.00;0
447;supply_node;2658.46;11.00;307.39;0.00;0
447;dockyard;2634.36;11.00;354.45;0.00;0
447;coastal_bunker;2648.66;11.00;361.23;0.00;0
448;arms_factory;3610.55;11.00;195.39;0.00;0
448;industrial_complex;3608.19;11.00;184.06;0.00;0
448;air_base;3588.24;11.00;170.76;0.00;0
448;anti_air_building;3600.49;11.00;205.15;0.00;0
448;bunker;3585.95;11.00;203.79;0.00;0
448;fuel_silo;3572.36;11.00;205.77;0.00;0
448;radar_station;3570.30;11.00;193.19;0.00;0
448;nuclear_reactor_spawn;3583.53;11.00;217.80;0.00;0
448;rocket_site_spawn;3578.73;11.00;183.75;0.00;0
448;synthetic_refinery;3597.21;11.00;193.64;0.00;0
448;supply_node;3574.20;11.00;172.99;0.00;0
448;dockyard;3586.97;11.00;189.86;0.00;0
448;coastal_bunker;3606.61;11.00;212.41;0.00;0
449;arms_factory;2544.70;11.00;647.12;0.00;0
449;industrial_complex;2539.57;11.00;626.91;0.00;0
449;air_base;2544.60;11.00;602.30;0.00;0
449;anti_air_building;2540.36;11.00;616.27;0.00;0
449;bunker;2556.22;11.00;598.65;0.00;0
449;fuel_silo;2579.34;11.00;616.27;0.00;0
449;radar_station;2542.87;11.00;636.00;0.00;0
449;nuclear_reactor_spawn;2552.71;11.00;611.95;0.00;0
449;rocket_site_spawn;2566.03;11.00;616.25;0.00;0
449;synthetic_refinery;2588.26;11.00;606.82;0.00;0
449;supply_node;2587.57;11.00;636.40;0.00;0
450;arms_factory;3626.90;11.00;364.82;0.00;0
450;industrial_complex;3605.34;11.00;333.23;0.00;0
450;air_base;3607.11;11.00;319.79;0.00;0
450;anti_air_building;3593.91;11.00;363.20;0.00;0
450;bunker;3603.21;11.00;357.00;0.00;0
450;fuel_silo;3583.22;11.00;367.23;0.00;0
450;radar_station;3581.79;11.00;329.87;0.00;0
450;nuclear_reactor_spawn;3594.21;11.00;320.85;0.00;0
450;rocket_site_spawn;3583.38;11.00;348.27;0.00;0
450;synthetic_refinery;3596.25;11.00;376.70;0.00;0
450;supply_node;3617.29;11.00;350.44;0.00;0
450;dockyard;3577.14;11.00;361.03;0.00;0
450;coastal_bunker;3637.86;11.00;341.72;0.00;0
451;arms_factory;3537.58;11.00;603.19;0.00;0
451;industrial_complex;3547.07;11.00;567.56;0.00;0
451;air_base;3533.75;11.00;589.24;0.00;0
451;anti_air_building;3536.12;11.00;570.33;0.00;0
451;bunker;3544.80;11.00;623.42;0.00;0
451;fuel_silo;3549.15;11.00;577.97;0.00;0
451;radar_station;3521.61;11.00;619.22;0.00;0
451;nuclear_reactor_spawn;3549.84;11.00;605.33;0.00;0
451;rocket_site_spawn;3523.30;11.00;604.70;0.00;0
451;synthetic_refinery;3526.12;11.00;569.40;0.00;0
451;supply_node;3538.56;11.00;580.95;0.00;0
451;dockyard;3534.51;11.00;614.86;0.00;0
451;coastal_bunker;3497.87;11.00;595.85;0.00;0
452;arms_factory;3262.41;11.00;269.81;0.00;0
452;industrial_complex;3261.05;11.00;233.58;0.00;0
452;air_base;3252.49;11.00;258.44;0.00;0
452;anti_air_building;3258.80;11.00;247.24;0.00;0
452;bunker;3283.74;11.00;243.76;0.00;0
452;fuel_silo;3274.51;11.00;232.62;0.00;0
452;radar_station;3295.37;11.00;232.67;0.00;0
452;nuclear_reactor_spawn;3296.06;11.00;220.01;0.00;0
452;rocket_site_spawn;3299.74;11.00;205.81;0.00;0
452;synthetic_refinery;3281.86;11.00;254.60;0.00;0
452;supply_node;3282.97;11.00;217.06;0.00;0
453;arms_factory;3670.45;11.00;594.64;0.00;0
453;industrial_complex;3641.51;11.00;579.60;0.00;0
453;air_base;3628.97;11.00;601.48;0.00;0
453;anti_air_building;3646.41;11.00;604.80;0.00;0
453;bunker;3645.62;11.00;591.99;0.00;0
453;fuel_silo;3681.75;11.00;602.60;0.00;0
453;radar_station;3685.27;11.00;579.59;0.00;0
453;nuclear_reactor_spawn;3660.78;11.00;577.27;0.00;0
453;rocket_site_spawn;3653.47;11.00;569.53;0.00;0
453;synthetic_refinery;3656.00;11.00;590.00;0.00;0
453;supply_node;3633.02;11.00;591.34;0.00;0
453;dockyard;3683.43;11.00;591.23;0.00;0
453;coastal_bunker;3657.69;11.00;612.42;0.00;0
454;arms_factory;3620.35;11.00;627.42;0.00;0
454;industrial_complex;3629.41;11.00;660.66;0.00;0
454;air_base;3641.13;11.00;660.32;0.00;0
454;anti_air_building;3630.63;11.00;629.86;0.00;0
454;bunker;3608.48;11.00;613.24;0.00;0
454;fuel_silo;3632.12;11.00;649.38;0.00;0
454;radar_station;3608.81;11.00;639.47;0.00;0
454;nuclear_reactor_spawn;3618.41;11.00;605.37;0.00;0
454;rocket_site_spawn;3617.85;11.00;656.34;0.00;0
454;synthetic_refinery;3644.97;11.00;648.03;0.00;0
454;supply_node;3617.02;11.00;618.37;0.00;0
454;dockyard;3630.44;11.00;614.51;0.00;0
454;coastal_bunker;3606.08;11.00;626.82;0.00;0
455;arms_factory;2816.00;11.00;514.87;0.00;0
455;industrial_complex;2828.80;11.00;471.73;0.00;0
455;air_base;2828.17;11.00;488.06;0.00;0
455;anti_air_building;2836.10;11.00;498.39;0.00;0
455;bunker;2817.55;11.00;481.43;0.00;0
455;fuel_silo;2827.57;11.00;511.66;0.00;0
455;radar_station;2799.40;11.00;474.67;0.00;0
455;nuclear_reactor_spawn;2813.86;11.00;470.36;0.00;0
455;rocket_site_spawn;2817.66;11.00;498.15;0.00;0
455;synthetic_refinery;2806.03;11.00;461.85;0.00;0
455;supply_node;2803.14;11.00;504.83;0.00;0
456;arms_factory;3418.06;11.00;225.33;0.00;0
456;industrial_complex;3388.07;11.00;216.97;0.00;0
456;air_base;3398.51;11.00;205.38;0.00;0
456;anti_air_building;3408.32;11.00;192.96;0.00;0
456;bunker;3401.28;11.00;168.95;0.00;0
456;fuel_silo;3380.56;11.00;172.81;0.00;0
456;radar_station;3425.87;11.00;209.37;0.00;0
456;nuclear_reactor_spawn;3410.16;11.00;180.87;0.00;0
456;rocket_site_spawn;3388.99;11.00;196.44;0.00;0
456;synthetic_refinery;3400.23;11.00;219.28;0.00;0
456;supply_node;3415.20;11.00;169.75;0.00;0
457;arms_factory;3114.02;11.00;442.78;0.00;0
457;industrial_complex;3101.01;11.00;423.58;0.00;0
457;air_base;3118.27;11.00;404.50;0.00;0
457;anti_air_building;3125.46;11.00;415.92;0.00;0
457;bunker;3139.88;11.00;437.42;0.00;0
457;fuel_silo;3127.70;11.00;434.02;0.00;0
457;radar_station;3149.10;11.00;425.64;0.00;0
457;nuclear_reactor_spawn;3125.52;11.00;447.77;0.00;0
457;rocket_site_spawn;3143.54;11.00;413.31;0.00;0
457;synthetic_refinery;3135.18;11.00;402.89;0.00;0
457;supply_node;3118.27;11.00;458.16;0.00;0
458;arms_factory;2603.05;11.00;594.71;0.00;0
458;industrial_complex;2649.70;11.00;590.05;0.00;0
458;air_base;2646.73;11.00;604.31;0.00;0
458;anti_air_building;2639.23;11.00;566.17;0.00;0
458;bunker;2616.71;11.00;593.80;0.00;0
458;fuel_silo;2632.74;11.00;602.41;0.00;0
458;radar_station;2638.46;11.00;589.83;0.00;0
458;nuclear_reactor_spawn;2622.40;11.00;566.50;0.00;0
458;rocket_site_spawn;2657.74;11.00;579.05;0.00;0
458;synthetic_refinery;2611.88;11.00;615.53;0.00;0
458;supply_node;2602.78;11.00;604.83;0.00;0
459;arms_factory;2032.35;11.00;581.33;0.00;0
459;industrial_complex;2023.09;11.00;612.60;0.00;0
459;air_base;2036.82;11.00;635.92;0.00;0
459;anti_air_building;2073.41;11.00;611.80;0.00;0
459;bunker;2020.26;11.00;640.07;0.00;0
459;fuel_silo;2031.69;11.00;645.17;0.00;0
459;radar_station;2039.03;11.00;589.42;0.00;0
459;nuclear_reactor_spawn;2010.86;11.00;637.04;0.00;0
459;rocket_site_spawn;2018.56;11.00;625.06;0.00;0
459;synthetic_refinery;2041.03;11.00;603.63;0.00;0
459;supply_node;2060.77;11.00;604.47;0.00;0
459;dockyard;2060.71;11.00;617.94;0.00;0
459;coastal_bunker;2032.94;11.00;625.18;0.00;0
460;arms_factory;3570.04;11.00;450.92;0.00;0
460;industrial_complex;3534.51;11.00;447.90;0.00;0
460;air_base;3545.51;11.00;470.11;0.00;0
460;anti_air_building;3530.09;11.00;436.23;0.00;0
460;bunker;3575.79;11.00;473.52;0.00;0
460;fuel_silo;3534.24;11.00;480.44;0.00;0
460;radar_station;3559.77;11.00;483.25;0.00;0
460;nuclear_reactor_spawn;3556.47;11.00;431.74;0.00;0
460;rocket_site_spawn;3558.22;11.00;465.82;0.00;0
460;synthetic_refinery;3582.99;11.00;444.18;0.00;0
460;supply_node;3569.34;11.00;482.24;0.00;0
461;arms_factory;3052.64;11.00;517.10;0.00;0
461;industrial_complex;3055.64;11.00;549.68;0.00;0
461;air_base;3031.88;11.00;544.05;0.00;0
461;anti_air_building;3036.83;11.00;560.38;0.00;0
461;bunker;3032.02;11.00;518.14;0.00;0
461;fuel_silo;3049.23;11.00;564.51;0.00;0
461;radar_station;3064.65;11.00;533.63;0.00;0
461;nuclear_reactor_spawn;3067.39;11.00;559.30;0.00;0
461;rocket_site_spawn;3032.37;11.00;570.36;0.00;0
461;synthetic_refinery;3021.54;11.00;544.48;0.00;0
461;supply_node;3044.10;11.00;539.02;0.00;0
462;arms_factory;3065.20;11.00;332.30;0.00;0
462;industrial_complex;3076.56;11.00;343.73;0.00;0
462;air_base;3080.61;11.00;331.91;0.00;0
462;anti_air_building;3061.17;11.00;311.64;0.00;0
462;bunker;3108.76;11.00;341.66;0.00;0
462;fuel_silo;3103.10;11.00;328.49;0.00;0
462;radar_station;3112.81;11.00;308.13;0.00;0
462;nuclear_reactor_spawn;3090.48;11.00;327.88;0.00;0
462;rocket_site_spawn;3094.31;11.00;341.09;0.00;0
462;synthetic_refinery;3068.09;11.00;318.38;0.00;0
462;supply_node;3102.47;11.00;353.72;0.00;0
462;dockyard;3107.96;11.00;317.63;0.00;0
462;coastal_bunker;3078.45;11.00;320.19;0.00;0
463;arms_factory;2958.93;11.00;406.23;0.00;0
463;industrial_complex;2972.55;11.00;408.16;0.00;0
463;air_base;2949.07;11.00;421.04;0.00;0
463;anti_air_building;2962.92;11.00;383.27;0.00;0
463;bunker;2945.60;11.00;409.45;0.00;0
463;fuel_silo;2968.63;11.00;394.02;0.00;0
463;radar_station;2966.36;11.00;419.23;0.00;0
463;nuclear_reactor_spawn;2957.39;11.00;373.49;0.00;0
463;rocket_site_spawn;2930.84;11.00;411.94;0.00;0
463;synthetic_refinery;2941.56;11.00;376.44;0.00;0
463;supply_node;2923.82;11.00;395.73;0.00;0
464;arms_factory;3066.88;11.00;596.88;0.00;0
464;industrial_complex;3023.28;11.00;606.51;0.00;0
464;air_base;3041.23;11.00;591.11;0.00;0
464;anti_air_building;3042.60;11.00;602.88;0.00;0
464;bunker;3045.72;11.00;624.95;0.00;0
464;fuel_silo;3025.24;11.00;620.22;0.00;0
464;radar_station;3033.96;11.00;614.66;0.00;0
464;nuclear_reactor_spawn;3054.34;11.00;595.32;0.00;0
464;rocket_site_spawn;3059.59;11.00;571.98;0.00;0
464;synthetic_refinery;3073.28;11.00;587.60;0.00;0
464;supply_node;3043.85;11.00;613.61;0.00;0
465;arms_factory;2433.14;11.00;674.03;0.00;0
465;industrial_complex;2422.21;11.00;667.03;0.00;0
465;air_base;2401.07;11.00;674.48;0.00;0
465;anti_air_building;2398.88;11.00;721.08;0.00;0
465;bunker;2434.20;11.00;715.51;0.00;0
465;fuel_silo;2404.19;11.00;700.20;0.00;0
465;radar_station;2379.72;11.00;691.90;0.00;0
465;nuclear_reactor_spawn;2429.25;11.00;686.57;0.00;0
465;rocket_site_spawn;2408.90;11.00;710.80;0.00;0
465;synthetic_refinery;2406.79;11.00;727.91;0.00;0
465;supply_node;2392.21;11.00;703.06;0.00;0
466;arms_factory;3567.83;11.00;94.84;0.00;0
466;industrial_complex;3569.56;11.00;137.48;0.00;0
466;air_base;3554.27;11.00;82.72;0.00;0
466;anti_air_building;3558.83;11.00;89.64;0.00;0
466;bunker;3561.66;11.00;113.76;0.00;0
466;fuel_silo;3591.01;11.00;105.53;0.00;0
466;radar_station;3579.79;11.00;100.52;0.00;0
466;nuclear_reactor_spawn;3546.30;11.00;90.25;0.00;0
466;rocket_site_spawn;3548.89;11.00;101.75;0.00;0
466;synthetic_refinery;3560.93;11.00;102.12;0.00;0
466;supply_node;3562.75;11.00;126.78;0.00;0
466;dockyard;3550.73;11.00;115.80;0.00;0
466;coastal_bunker;3546.46;11.00;77.37;0.00;0
467;arms_factory;3682.03;11.00;527.73;0.00;0
467;industrial_complex;3701.69;11.00;554.94;0.00;0
467;air_base;3678.42;11.00;514.73;0.00;0
467;anti_air_building;3712.87;11.00;546.61;0.00;0
467;bunker;3694.10;11.00;544.50;0.00;0
467;fuel_silo;3668.68;11.00;541.11;0.00;0
467;radar_station;3655.15;11.00;531.50;0.00;0
467;nuclear_reactor_spawn;3656.53;11.00;545.49;0.00;0
467;rocket_site_spawn;3679.56;11.00;567.79;0.00;0
467;synthetic_refinery;3684.34;11.00;553.36;0.00;0
467;supply_node;3667.29;11.00;525.50;0.00;0
468;arms_factory;2725.65;11.00;735.74;0.00;0
468;industrial_complex;2733.79;11.00;720.69;0.00;0
468;air_base;2757.00;11.00;741.62;0.00;0
468;anti_air_building;2765.97;11.00;719.27;0.00;0
468;bunker;2717.67;11.00;713.58;0.00;0
468;fuel_silo;2771.34;11.00;735.32;0.00;0
468;radar_station;2743.46;11.00;701.65;0.00;0
468;nuclear_reactor_spawn;2737.48;11.00;730.42;0.00;0
468;rocket_site_spawn;2735.21;11.00;709.85;0.00;0
468;synthetic_refinery;2716.43;11.00;746.96;0.00;0
468;supply_node;2754.95;11.00;727.93;0.00;0
469;arms_factory;2673.03;11.00;546.17;0.00;0
469;industrial_complex;2683.83;11.00;509.31;0.00;0
469;air_base;2637.63;11.00;539.48;0.00;0
469;anti_air_building;2699.12;11.00;547.03;0.00;0
469;bunker;2671.87;11.00;557.78;0.00;0
469;fuel_silo;2651.30;11.00;511.22;0.00;0
469;radar_station;2645.96;11.00;530.79;0.00;0
469;nuclear_reactor_spawn;2686.73;11.00;557.26;0.00;0
469;rocket_site_spawn;2660.14;11.00;563.54;0.00;0
469;synthetic_refinery;2680.63;11.00;569.51;0.00;0
469;supply_node;2680.47;11.00;535.14;0.00;0
470;arms_factory;2362.11;11.00;807.80;0.00;0
470;industrial_complex;2393.55;11.00;794.18;0.00;0
470;air_base;2369.41;11.00;848.59;0.00;0
470;anti_air_building;2379.33;11.00;786.47;0.00;0
470;bunker;2363.87;11.00;795.50;0.00;0
470;fuel_silo;2396.52;11.00;782.33;0.00;0
470;radar_station;2395.96;11.00;807.04;0.00;0
470;nuclear_reactor_spawn;2381.68;11.00;805.06;0.00;0
470;rocket_site_spawn;2356.03;11.00;842.41;0.00;0
470;synthetic_refinery;2370.47;11.00;829.75;0.00;0
470;supply_node;2341.47;11.00;815.20;0.00;0
471;arms_factory;2145.23;11.00;626.90;0.00;0
471;industrial_complex;2131.43;11.00;591.96;0.00;0
471;air_base;2154.68;11.00;588.41;0.00;0
471;anti_air_building;2147.31;11.00;575.72;0.00;0
471;bunker;2118.54;11.00;604.40;0.00;0
471;fuel_silo;2155.17;11.00;601.00;0.00;0
471;radar_station;2106.09;11.00;605.17;0.00;0
471;nuclear_reactor_spawn;2093.98;11.00;606.99;0.00;0
471;rocket_site_spawn;2144.46;11.00;604.77;0.00;0
471;synthetic_refinery;2135.84;11.00;631.58;0.00;0
471;supply_node;2143.47;11.00;591.21;0.00;0
472;arms_factory;2908.95;11.00;736.81;0.00;0
472;industrial_complex;2855.17;11.00;730.08;0.00;0
472;air_base;2887.49;11.00;721.13;0.00;0
472;anti_air_building;2856.24;11.00;714.96;0.00;0
472;bunker;2883.60;11.00;749.51;0.00;0
472;fuel_silo;2865.43;11.00;735.29;0.00;0
472;radar_station;2924.89;11.00;735.90;0.00;0
472;nuclear_reactor_spawn;2858.17;11.00;743.16;0.00;0
472;rocket_site_spawn;2859.46;11.00;755.61;0.00;0
472;synthetic_refinery;2881.13;11.00;729.87;0.00;0
472;supply_node;2871.10;11.00;761.55;0.00;0
472;dockyard;2912.55;11.00;723.80;0.00;0
472;coastal_bunker;2874.32;11.00;712.58;0.00;0
473;arms_factory;3366.80;11.00;64.42;0.00;0
473;industrial_complex;3359.52;11.00;76.97;0.00;0
473;air_base;3309.55;11.00;75.28;0.00;0
473;anti_air_building;3310.25;11.00;94.95;0.00;0
473;bunker;3319.82;11.00;72.89;0.00;0
473;fuel_silo;3351.83;11.00;62.82;0.00;0
473;radar_station;3357.04;11.00;89.26;0.00;0
473;nuclear_reactor_spawn;3343.83;11.00;70.88;0.00;0
473;rocket_site_spawn;3344.93;11.00;99.60;0.00;0
473;synthetic_refinery;3331.20;11.00;75.96;0.00;0
473;supply_node;3316.21;11.00;61.90;0.00;0
473;dockyard;3332.31;11.00;61.78;0.00;0
473;coastal_bunker;3332.85;11.00;86.64;0.00;0
474;arms_factory;3257.32;11.00;662.13;0.00;0
474;industrial_complex;3198.93;11.00;685.78;0.00;0
474;air_base;3207.87;11.00;653.47;0.00;0
474;anti_air_building;3222.52;11.00;648.68;0.00;0
474;bunker;3209.45;11.00;668.59;0.00;0
474;fuel_silo;3234.84;11.00;643.74;0.00;0
474;radar_station;3198.40;11.00;639.47;0.00;0
474;nuclear_reactor_spawn;3211.99;11.00;639.56;0.00;0
474;rocket_site_spawn;3195.58;11.00;653.19;0.00;0
474;synthetic_refinery;3223.73;11.00;632.49;0.00;0
474;supply_node;3211.59;11.00;681.01;0.00;0
475;arms_factory;3067.57;11.00;422.72;0.00;0
475;industrial_complex;3042.62;11.00;408.62;0.00;0
475;air_base;3055.09;11.00;407.27;0.00;0
475;anti_air_building;3054.83;11.00;395.84;0.00;0
475;bunker;3065.01;11.00;411.14;0.00;0
475;fuel_silo;3083.59;11.00;434.96;0.00;0
475;radar_station;3078.98;11.00;413.04;0.00;0
475;nuclear_reactor_spawn;3069.52;11.00;435.66;0.00;0
475;rocket_site_spawn;3052.79;11.00;417.90;0.00;0
475;synthetic_refinery;3057.06;11.00;433.31;0.00;0
475;supply_node;3069.01;11.00;398.80;0.00;0
475;dockyard;3062.57;11.00;442.76;0.00;0
475;coastal_bunker;3080.44;11.00;445.28;0.00;0
476;arms_factory;2662.49;11.00;481.79;0.00;0
476;industrial_complex;2648.12;11.00;470.41;0.00;0
476;air_base;2692.51;11.00;448.99;0.00;0
476;anti_air_building;2641.28;11.00;499.86;0.00;0
476;bunker;2684.87;11.00;493.26;0.00;0
476;fuel_silo;2672.03;11.00;498.62;0.00;0
476;radar_station;2672.54;11.00;486.51;0.00;0
476;nuclear_reactor_spawn;2670.49;11.00;444.43;0.00;0
476;rocket_site_spawn;2679.78;11.00;475.32;0.00;0
476;synthetic_refinery;2649.81;11.00;482.18;0.00;0
476;supply_node;2656.93;11.00;496.88;0.00;0
477;arms_factory;3129.18;11.00;391.15;0.00;0
477;industrial_complex;3125.22;11.00;364.80;0.00;0
477;air_base;3144.07;11.00;387.83;0.00;0
477;anti_air_building;3134.32;11.00;352.56;0.00;0
477;bunker;3140.85;11.00;363.06;0.00;0
477;fuel_silo;3114.75;11.00;376.39;0.00;0
477;radar_station;3114.95;11.00;361.39;0.00;0
477;nuclear_reactor_spawn;3166.59;11.00;370.11;0.00;0
477;rocket_site_spawn;3154.27;11.00;378.20;0.00;0
477;synthetic_refinery;3151.52;11.00;363.65;0.00;0
477;supply_node;3147.08;11.00;342.29;0.00;0
478;arms_factory;3188.62;11.00;266.42;0.00;0
478;industrial_complex;3167.07;11.00;256.28;0.00;0
478;air_base;3155.93;11.00;287.63;0.00;0
478;anti_air_building;3154.64;11.00;271.39;0.00;0
478;bunker;3140.69;11.00;280.85;0.00;0
478;fuel_silo;3190.61;11.00;278.51;0.00;0
478;radar_station;3177.07;11.00;260.59;0.00;0
478;nuclear_reactor_spawn;3168.02;11.00;270.27;0.00;0
478;rocket_site_spawn;3163.29;11.00;280.32;0.00;0
478;synthetic_refinery;3198.16;11.00;248.66;0.00;0
478;supply_node;3147.19;11.00;284.78;0.00;0
478;dockyard;3178.02;11.00;275.72;0.00;0
478;coastal_bunker;3145.93;11.00;270.94;0.00;0
479;arms_factory;3138.42;11.00;687.41;0.00;0
479;industrial_complex;3153.51;11.00;666.16;0.00;0
479;air_base;3157.33;11.00;625.85;0.00;0
479;anti_air_building;3171.74;11.00;649.15;0.00;0
479;bunker;3139.27;11.00;656.50;0.00;0
479;fuel_silo;3176.29;11.00;672.07;0.00;0
479;radar_station;3167.43;11.00;661.14;0.00;0
479;nuclear_reactor_spawn;3159.22;11.00;649.79;0.00;0
479;rocket_site_spawn;3188.31;11.00;631.61;0.00;0
479;synthetic_refinery;3163.90;11.00;674.84;0.00;0
479;supply_node;3137.57;11.00;640.00;0.00;0
480;arms_factory;3666.69;11.00;401.62;0.00;0
480;industrial_complex;3669.16;11.00;386.73;0.00;0
480;air_base;3639.86;11.00;399.70;0.00;0
480;anti_air_building;3662.53;11.00;358.89;0.00;0
480;bunker;3635.06;11.00;373.72;0.00;0
480;fuel_silo;3641.91;11.00;357.49;0.00;0
480;radar_station;3668.89;11.00;364.86;0.00;0
480;nuclear_reactor_spawn;3632.20;11.00;387.51;0.00;0
480;rocket_site_spawn;3656.67;11.00;378.13;0.00;0
480;synthetic_refinery;3618.46;11.00;382.67;0.00;0
480;supply_node;3644.12;11.00;383.09;0.00;0
480;dockyard;3655.09;11.00;398.63;0.00;0
480;coastal_bunker;3667.14;11.00;375.00;0.00;0
481;arms_factory;3542.62;11.00;334.34;0.00;0
481;industrial_complex;3528.38;11.00;342.36;0.00;0
481;air_base;3569.82;11.00;336.30;0.00;0
481;anti_air_building;3562.95;11.00;350.77;0.00;0
481;bunker;3525.45;11.00;374.06;0.00;0
481;fuel_silo;3550.99;11.00;363.41;0.00;0
481;radar_station;3527.12;11.00;364.63;0.00;0
481;nuclear_reactor_spawn;3547.57;11.00;382.38;0.00;0
481;rocket_site_spawn;3512.42;11.00;360.36;0.00;0
481;synthetic_refinery;3547.52;11.00;347.40;0.00;0
481;supply_node;3530.31;11.00;379.06;0.00;0
482;arms_factory;2686.76;11.00;419.77;0.00;0
482;industrial_complex;2682.22;11.00;384.74;0.00;0
482;air_base;2688.19;11.00;395.62;0.00;0
482;anti_air_building;2697.95;11.00;422.39;0.00;0
482;bunker;2720.40;11.00;403.02;0.00;0
482;fuel_silo;2695.81;11.00;407.78;0.00;0
482;radar_station;2678.38;11.00;434.31;0.00;0
482;nuclear_reactor_spawn;2699.50;11.00;383.68;0.00;0
482;rocket_site_spawn;2711.92;11.00;391.33;0.00;0
482;synthetic_refinery;2673.94;11.00;422.09;0.00;0
482;supply_node;2691.91;11.00;434.97;0.00;0
483;arms_factory;3693.77;11.00;228.79;0.00;0
483;industrial_complex;3665.83;11.00;267.68;0.00;0
483;air_base;3656.59;11.00;234.56;0.00;0
483;anti_air_building;3690.92;11.00;262.52;0.00;0
483;bunker;3675.25;11.00;281.57;0.00;0
483;fuel_silo;3698.35;11.00;236.14;0.00;0
483;radar_station;3678.10;11.00;224.80;0.00;0
483;nuclear_reactor_spawn;3684.44;11.00;234.22;0.00;0
483;rocket_site_spawn;3717.57;11.00;257.71;0.00;0
483;synthetic_refinery;3669.28;11.00;232.41;0.00;0
483;supply_node;3702.10;11.00;254.42;0.00;0
483;dockyard;3703.74;11.00;267.03;0.00;0
483;coastal_bunker;3677.93;11.00;215.50;0.00;0
484;arms_factory;3211.73;11.00;721.35;0.00;0
484;industrial_complex;3261.85;11.00;744.37;0.00;0
484;air_base;3231.93;11.00;725.10;0.00;0
484;anti_air_building;3216.83;11.00;706.38;0.00;0
484;bunker;3245.45;11.00;745.17;0.00;0
484;fuel_silo;3240.04;11.00;735.51;0.00;0
484;radar_station;3252.44;11.00;697.73;0.00;0
484;nuclear_reactor_spawn;3269.09;11.00;723.06;0.00;0
484;rocket_site_spawn;3246.45;11.00;723.27;0.00;0
484;synthetic_refinery;3226.50;11.00;738.69;0.00;0
484;supply_node;3242.14;11.00;687.32;0.00;0
485;arms_factory;2563.02;11.00;341.10;0.00;0
485;industrial_complex;2589.50;11.00;316.58;0.00;0
485;air_base;2541.59;11.00;298.95;0.00;0
485;anti_air_building;2520.24;11.00;299.11;0.00;0
485;bunker;2532.93;11.00;302.66;0.00;0
485;fuel_silo;2551.84;11.00;304.33;0.00;0
485;radar_station;2562.22;11.00;297.03;0.00;0
485;nuclear_reactor_spawn;2578.66;11.00;306.55;0.00;0
485;rocket_site_spawn;2587.65;11.00;303.35;0.00;0
485;synthetic_refinery;2594.28;11.00;296.00;0.00;0
485;supply_node;2542.64;11.00;314.70;0.00;0
485;dockyard;2581.59;11.00;337.41;0.00;0
485;coastal_bunker;2524.23;11.00;309.66;0.00;0
486;arms_factory;3666.16;11.00;288.11;0.00;0
486;industrial_complex;3622.55;11.00;307.47;0.00;0
486;air_base;3652.64;11.00;265.24;0.00;0
486;anti_air_building;3620.21;11.00;295.63;0.00;0
486;bunker;3609.93;11.00;283.36;0.00;0
486;fuel_silo;3654.79;11.00;293.19;0.00;0
486;radar_station;3607.77;11.00;294.88;0.00;0
486;nuclear_reactor_spawn;3632.83;11.00;310.47;0.00;0
486;rocket_site_spawn;3628.29;11.00;284.61;0.00;0
486;synthetic_refinery;3649.61;11.00;303.93;0.00;0
486;supply_node;3650.71;11.00;314.02;0.00;0
486;dockyard;3637.87;11.00;316.54;0.00;0
486;coastal_bunker;3644.97;11.00;279.84;0.00;0
487;arms_factory;2265.61;11.00;497.05;0.00;0
487;industrial_complex;2275.63;11.00;432.96;0.00;0
487;air_base;2245.91;11.00;458.54;0.00;0
487;anti_air_building;2250.92;11.00;447.71;0.00;0
487;bunker;2252.52;11.00;485.40;0.00;0
487;fuel_silo;2275.75;11.00;493.05;0.00;0
487;radar_station;2300.11;11.00;450.77;0.00;0
487;nuclear_reactor_spawn;2264.02;11.00;445.97;0.00;0
487;rocket_site_spawn;2287.39;11.00;472.18;0.00;0
487;synthetic_refinery;2278.59;11.00;483.41;0.00;0
487;supply_node;2257.19;11.00;475.20;0.00;0
488;arms_factory;2748.82;11.00;510.66;0.00;0
488;industrial_complex;2728.87;11.00;520.36;0.00;0
488;air_base;2741.96;11.00;524.29;0.00;0
488;anti_air_building;2706.36;11.00;522.16;0.00;0
488;bunker;2717.62;11.00;526.31;0.00;0
488;fuel_silo;2692.98;11.00;518.22;0.00;0
488;radar_station;2707.39;11.00;535.88;0.00;0
488;nuclear_reactor_spawn;2725.72;11.00;489.37;0.00;0
488;rocket_site_spawn;2699.63;11.00;509.26;0.00;0
488;synthetic_refinery;2723.81;11.00;506.13;0.00;0
488;supply_node;2729.44;11.00;533.57;0.00;0
489;arms_factory;2673.35;11.00;641.68;0.00;0
489;industrial_complex;2695.29;11.00;625.58;0.00;0
489;air_base;2673.44;11.00;582.47;0.00;0
489;anti_air_building;2691.05;11.00;578.65;0.00;0
489;bunker;2660.21;11.00;605.83;0.00;0
489;fuel_silo;2682.75;11.00;621.64;0.00;0
489;radar_station;2673.56;11.00;629.36;0.00;0
489;nuclear_reactor_spawn;2659.50;11.00;617.02;0.00;0
489;rocket_site_spawn;2683.12;11.00;599.52;0.00;0
489;synthetic_refinery;2684.80;11.00;589.07;0.00;0
489;supply_node;2705.81;11.00;615.68;0.00;0
490;arms_factory;3499.28;11.00;578.30;0.00;0
490;industrial_complex;3480.81;11.00;542.19;0.00;0
490;air_base;3495.86;11.00;546.79;0.00;0
490;anti_air_building;3466.50;11.00;531.73;0.00;0
490;bunker;3472.27;11.00;562.83;0.00;0
490;fuel_silo;3479.15;11.00;518.43;0.00;0
490;radar_station;3512.18;11.00;568.39;0.00;0
490;nuclear_reactor_spawn;3487.52;11.00;531.40;0.00;0
490;rocket_site_spawn;3486.26;11.00;555.32;0.00;0
490;synthetic_refinery;3520.40;11.00;556.87;0.00;0
490;supply_node;3488.00;11.00;588.00;0.00;0
490;dockyard;3467.41;11.00;542.71;0.00;0
490;coastal_bunker;3499.48;11.00;562.90;0.00;0
491;arms_factory;2101.54;11.00;887.84;0.00;0
491;industrial_complex;2068.55;11.00;850.08;0.00;0
491;air_base;2108.89;11.00;876.53;0.00;0
491;anti_air_building;2090.19;11.00;858.19;0.00;0
491;bunker;2077.01;11.00;852.70;0.00;0
491;fuel_silo;2091.58;11.00;884.85;0.00;0
491;radar_station;2084.50;11.00;843.99;0.00;0
491;nuclear_reactor_spawn;2106.67;11.00;864.85;0.00;0
491;rocket_site_spawn;2083.31;11.00;864.51;0.00;0
491;synthetic_refinery;2080.73;11.00;873.96;0.00;0
491;supply_node;2118.26;11.00;860.24;0.00;0
491;dockyard;2097.42;11.00;872.70;0.00;0
491;coastal_bunker;2107.95;11.00;850.48;0.00;0
492;arms_factory;2277.72;11.00;951.79;0.00;0
492;industrial_complex;2228.46;11.00;914.74;0.00;0
492;air_base;2254.86;11.00;940.57;0.00;0
492;anti_air_building;2285.31;11.00;952.36;0.00;0
492;bunker;2253.07;11.00;917.62;0.00;0
492;fuel_silo;2242.70;11.00;938.93;0.00;0
492;radar_station;2238.32;11.00;904.21;0.00;0
492;nuclear_reactor_spawn;2277.90;11.00;925.94;0.00;0
492;rocket_site_spawn;2227.08;11.00;939.94;0.00;0
492;synthetic_refinery;2238.78;11.00;927.12;0.00;0
492;supply_node;2225.91;11.00;926.61;0.00;0
492;dockyard;2268.50;11.00;935.65;0.00;0
492;coastal_bunker;2257.37;11.00;927.30;0.00;0
493;arms_factory;3426.12;11.00;77.34;0.00;0
493;industrial_complex;3412.17;11.00;71.94;0.00;0
493;air_base;3379.05;11.00;62.34;0.00;0
493;anti_air_building;3429.44;11.00;52.21;0.00;0
493;bunker;3418.33;11.00;98.66;0.00;0
493;fuel_silo;3415.33;11.00;48.23;0.00;0
493;radar_station;3429.94;11.00;99.21;0.00;0
493;nuclear_reactor_spawn;3376.38;11.00;45.50;0.00;0
493;rocket_site_spawn;3438.24;11.00;88.33;0.00;0
493;synthetic_refinery;3404.41;11.00;83.81;0.00;0
493;supply_node;3389.43;11.00;45.75;0.00;0
493;dockyard;3441.39;11.00;58.31;0.00;0
493;coastal_bunker;3400.80;11.00;42.60;0.00;0
494;arms_factory;3200.59;11.00;373.78;0.00;0
494;industrial_complex;3225.98;11.00;354.53;0.00;0
494;air_base;3201.97;11.00;362.88;0.00;0
494;anti_air_building;3213.41;11.00;348.49;0.00;0
494;bunker;3229.17;11.00;337.91;0.00;0
494;fuel_silo;3238.48;11.00;347.91;0.00;0
494;radar_station;3210.35;11.00;320.16;0.00;0
494;nuclear_reactor_spawn;3198.89;11.00;339.93;0.00;0
494;rocket_site_spawn;3214.00;11.00;365.92;0.00;0
494;synthetic_refinery;3235.29;11.00;320.44;0.00;0
494;supply_node;3253.05;11.00;342.09;0.00;0
495;arms_factory;2184.78;11.00;662.04;0.00;0
495;industrial_complex;2198.94;11.00;663.94;0.00;0
495;air_base;2156.01;11.00;629.44;0.00;0
495;anti_air_building;2190.85;11.00;628.52;0.00;0
495;bunker;2213.35;11.00;664.91;0.00;0
495;fuel_silo;2181.93;11.00;642.47;0.00;0
495;radar_station;2171.65;11.00;651.13;0.00;0
495;nuclear_reactor_spawn;2178.38;11.00;622.65;0.00;0
495;rocket_site_spawn;2203.38;11.00;637.83;0.00;0
495;synthetic_refinery;2168.05;11.00;638.32;0.00;0
495;supply_node;2193.43;11.00;646.96;0.00;0
496;arms_factory;3335.52;11.00;404.94;0.00;0
496;industrial_complex;3297.11;11.00;433.35;0.00;0
496;air_base;3308.14;11.00;403.06;0.00;0
496;anti_air_building;3295.94;11.00;400.51;0.00;0
496;bunker;3294.12;11.00;421.75;0.00;0
496;fuel_silo;3322.76;11.00;405.78;0.00;0
496;radar_station;3304.56;11.00;448.67;0.00;0
496;nuclear_reactor_spawn;3326.72;11.00;430.29;0.00;0
496;rocket_site_spawn;3272.13;11.00;436.40;0.00;0
496;synthetic_refinery;3294.04;11.00;388.37;0.00;0
496;supply_node;3277.29;11.00;424.74;0.00;0
497;arms_factory;3280.26;11.00;488.83;0.00;0
497;industrial_complex;3255.63;11.00;462.85;0.00;0
497;air_base;3299.63;11.00;490.01;0.00;0
497;anti_air_building;3289.86;11.00;482.33;0.00;0
497;bunker;3276.17;11.00;480.45;0.00;0
497;fuel_silo;3310.16;11.00;503.83;0.00;0
497;radar_station;3274.05;11.00;470.16;0.00;0
497;nuclear_reactor_spawn;3270.01;11.00;459.67;0.00;0
497;rocket_site_spawn;3266.76;11.00;504.31;0.00;0
497;synthetic_refinery;3296.64;11.00;459.80;0.00;0
497;supply_node;3246.05;11.00;489.56;0.00;0
497;dockyard;3270.04;11.00;448.88;0.00;0
497;coastal_bunker;3312.22;11.00;485.00;0.00;0
498;arms_factory;3582.93;11.00;479.98;0.00;0
498;industrial_complex;3589.23;11.00;486.99;0.00;0
498;air_base;3604.37;11.00;508.66;0.00;0
498;anti_air_building;3608.22;11.00;495.05;0.00;0
498;bunker;3566.56;11.00;527.96;0.00;0
498;fuel_silo;3595.44;11.00;520.78;0.00;0
498;radar_station;3592.09;11.00;508.87;0.00;0
498;nuclear_reactor_spawn;3597.03;11.00;494.36;0.00;0
498;rocket_site_spawn;3607.01;11.00;483.35;0.00;0
498;synthetic_refinery;3567.95;11.00;518.31;0.00;0
498;supply_node;3581.88;11.00;529.03;0.00;0
498;dockyard;3571.98;11.00;534.15;0.00;0
498;coastal_bunker;3584.63;11.00;499.50;0.00;0
499;arms_factory;3207.57;11.00;225.34;0.00;0
499;industrial_complex;3241.07;11.00;198.31;0.00;0
499;air_base;3201.56;11.00;235.84;0.00;0
499;anti_air_building;3225.10;11.00;242.24;0.00;0
499;bunker;3192.13;11.00;236.23;0.00;0
499;fuel_silo;3226.94;11.00;201.10;0.00;0
499;radar_station;3229.72;11.00;230.30;0.00;0
499;nuclear_reactor_spawn;3210.62;11.00;245.68;0.00;0
499;rocket_site_spawn;3241.37;11.00;247.03;0.00;0
499;synthetic_refinery;3235.82;11.00;219.52;0.00;0
499;supply_node;3214.75;11.00;233.74;0.00;0
499;dockyard;3218.83;11.00;217.65;0.00;0
499;coastal_bunker;3251.12;11.00;221.46;0.00;0
500;arms_factory;3225.29;11.00;784.27;0.00;0
500;industrial_complex;3222.21;11.00;798.14;0.00;0
500;air_base;3232.60;11.00;793.62;0.00;0
500;anti_air_building;3225.80;11.00;762.54;0.00;0
500;bunker;3244.82;11.00;762.96;0.00;0
500;fuel_silo;3223.18;11.00;750.75;0.00;0
500;radar_station;3257.91;11.00;784.22;0.00;0
500;nuclear_reactor_spawn;3246.89;11.00;785.77;0.00;0
500;rocket_site_spawn;3238.01;11.00;753.83;0.00;0
500;synthetic_refinery;3210.46;11.00;761.14;0.00;0
500;supply_node;3256.44;11.00;757.31;0.00;0
500;dockyard;3216.74;11.00;788.24;0.00;0
500;coastal_bunker;3262.27;11.00;772.66;0.00;0
501;arms_factory;3137.27;11.00;699.86;0.00;0
501;industrial_complex;3089.18;11.00;689.42;0.00;0
501;air_base;3135.48;11.00;714.87;0.00;0
501;anti_air_building;3100.46;11.00;686.65;0.00;0
501;bunker;3066.68;11.00;716.27;0.00;0
501;fuel_silo;3068.46;11.00;727.78;0.00;0
501;radar_station;3105.37;11.00;700.34;0.00;0
501;nuclear_reactor_spawn;3080.07;11.00;713.53;0.00;0
501;rocket_site_spawn;3122.40;11.00;737.20;0.00;0
501;synthetic_refinery;3082.54;11.00;701.25;0.00;0
501;supply_node;3093.29;11.00;736.70;0.00;0
502;arms_factory;3412.65;11.00;317.09;0.00;0
502;industrial_complex;3454.77;11.00;305.78;0.00;0
502;air_base;3431.98;11.00;286.70;0.00;0
502;anti_air_building;3405.80;11.00;327.80;0.00;0
502;bunker;3410.01;11.00;339.89;0.00;0
502;fuel_silo;3416.96;11.00;305.52;0.00;0
502;radar_station;3438.60;11.00;348.33;0.00;0
502;nuclear_reactor_spawn;3402.08;11.00;309.13;0.00;0
502;rocket_site_spawn;3421.17;11.00;337.99;0.00;0
502;synthetic_refinery;3440.11;11.00;326.88;0.00;0
502;supply_node;3434.03;11.00;335.57;0.00;0
503;arms_factory;3441.58;11.00;155.83;0.00;0
503;industrial_complex;3476.21;11.00;111.96;0.00;0
503;air_base;3466.21;11.00;158.52;0.00;0
503;anti_air_building;3456.14;11.00;145.58;0.00;0
503;bunker;3479.16;11.00;158.89;0.00;0
503;fuel_silo;3473.02;11.00;138.51;0.00;0
503;radar_station;3452.43;11.00;131.92;0.00;0
503;nuclear_reactor_spawn;3452.79;11.00;103.35;0.00;0
503;rocket_site_spawn;3439.10;11.00;140.14;0.00;0
503;synthetic_refinery;3441.08;11.00;102.48;0.00;0
503;supply_node;3474.21;11.00;148.71;0.00;0
504;arms_factory;2778.63;11.00;846.34;0.00;0
504;industrial_complex;2799.89;11.00;829.34;0.00;0
504;air_base;2749.69;11.00;845.07;0.00;0
504;anti_air_building;2780.10;11.00;869.01;0.00;0
504;bunker;2801.27;11.00;840.05;0.00;0
504;fuel_silo;2747.13;11.00;856.29;0.00;0
504;radar_station;2782.34;11.00;831.77;0.00;0
504;nuclear_reactor_spawn;2791.31;11.00;873.94;0.00;0
504;rocket_site_spawn;2791.51;11.00;843.03;0.00;0
504;synthetic_refinery;2764.81;11.00;828.04;0.00;0
504;supply_node;2764.91;11.00;840.61;0.00;0
504;dockyard;2788.54;11.00;863.92;0.00;0
504;coastal_bunker;2770.27;11.00;863.22;0.00;0
505;arms_factory;2902.77;11.00;363.67;0.00;0
505;industrial_complex;2889.15;11.00;363.12;0.00;0
505;air_base;2922.79;11.00;341.59;0.00;0
505;anti_air_building;2885.48;11.00;355.38;0.00;0
505;bunker;2919.72;11.00;354.05;0.00;0
505;fuel_silo;2918.11;11.00;333.19;0.00;0
505;radar_station;2903.85;11.00;335.95;0.00;0
505;nuclear_reactor_spawn;2932.05;11.00;345.81;0.00;0
505;rocket_site_spawn;2932.78;11.00;362.83;0.00;0
505;synthetic_refinery;2905.39;11.00;353.49;0.00;0
505;supply_node;2894.81;11.00;347.35;0.00;0
505;dockyard;2910.66;11.00;382.47;0.00;0
505;coastal_bunker;2897.77;11.00;374.99;0.00;0
506;arms_factory;2921.08;11.00;470.31;0.00;0
506;industrial_complex;2907.49;11.00;495.02;0.00;0
506;air_base;2886.76;11.00;458.40;0.00;0
506;anti_air_building;2931.05;11.00;477.02;0.00;0
506;bunker;2911.71;11.00;482.44;0.00;0
506;fuel_silo;2896.16;11.00;496.81;0.00;0
506;radar_station;2909.48;11.00;469.80;0.00;0
506;nuclear_reactor_spawn;2912.17;11.00;456.03;0.00;0
506;rocket_site_spawn;2899.99;11.00;461.49;0.00;0
506;synthetic_refinery;2919.44;11.00;499.50;0.00;0
506;supply_node;2923.74;11.00;486.15;0.00;0
506;dockyard;2894.59;11.00;485.73;0.00;0
506;coastal_bunker;2898.70;11.00;474.71;0.00;0
507;arms_factory;2052.52;11.00;496.10;0.00;0
507;industrial_complex;2067.63;11.00;496.48;0.00;0
507;air_base;2055.96;11.00;451.68;0.00;0
507;anti_air_building;2076.17;11.00;452.95;0.00;0
507;bunker;2112.61;11.00;494.14;0.00;0
507;fuel_silo;2051.19;11.00;461.34;0.00;0
507;radar_station;2095.14;11.00;484.81;0.00;0
507;nuclear_reactor_spawn;2080.31;11.00;469.18;0.00;0
507;rocket_site_spawn;2048.56;11.00;472.98;0.00;0
507;synthetic_refinery;2038.52;11.00;493.01;0.00;0
507;supply_node;2063.44;11.00;510.60;0.00;0
507;dockyard;2056.75;11.00;484.89;0.00;0
507;coastal_bunker;2092.05;11.00;458.60;0.00;0
508;arms_factory;2766.37;11.00;676.45;0.00;0
508;industrial_complex;2814.83;11.00;679.65;0.00;0
508;air_base;2760.65;11.00;659.85;0.00;0
508;anti_air_building;2778.46;11.00;675.47;0.00;0
508;bunker;2771.04;11.00;708.64;0.00;0
508;fuel_silo;2791.35;11.00;670.24;0.00;0
508;radar_station;2752.68;11.00;693.97;0.00;0
508;nuclear_reactor_spawn;2793.00;11.00;653.00;0.00;0
508;rocket_site_spawn;2788.00;11.00;686.30;0.00;0
508;synthetic_refinery;2804.12;11.00;666.49;0.00;0
508;supply_node;2790.67;11.00;699.06;0.00;0
508;dockyard;2800.83;11.00;679.15;0.00;0
508;coastal_bunker;2782.93;11.00;662.48;0.00;0
509;arms_factory;3302.05;11.00;645.79;0.00;0
509;industrial_complex;3263.17;11.00;648.63;0.00;0
509;air_base;3294.67;11.00;650.29;0.00;0
509;anti_air_building;3303.80;11.00;598.14;0.00;0
509;bunker;3274.19;11.00;616.08;0.00;0
509;fuel_silo;3261.07;11.00;620.50;0.00;0
509;radar_station;3285.61;11.00;618.50;0.00;0
509;nuclear_reactor_spawn;3261.16;11.00;633.12;0.00;0
509;rocket_site_spawn;3287.22;11.00;631.14;0.00;0
509;synthetic_refinery;3274.00;11.00;636.21;0.00;0
509;supply_node;3319.54;11.00;641.27;0.00;0
510;arms_factory;3313.41;11.00;362.55;0.00;0
510;industrial_complex;3291.70;11.00;376.74;0.00;0
510;air_base;3328.84;11.00;351.74;0.00;0
510;anti_air_building;3332.90;11.00;337.28;0.00;0
510;bunker;3329.07;11.00;364.99;0.00;0
510;fuel_silo;3342.27;11.00;365.45;0.00;0
510;radar_station;3318.02;11.00;378.70;0.00;0
510;nuclear_reactor_spawn;3346.41;11.00;377.09;0.00;0
510;rocket_site_spawn;3342.29;11.00;350.01;0.00;0
510;synthetic_refinery;3330.64;11.00;377.97;0.00;0
510;supply_node;3324.03;11.00;328.80;0.00;0
511;arms_factory;2272.67;11.00;870.34;0.00;0
511;industrial_complex;2292.28;11.00;890.71;0.00;0
511;air_base;2280.39;11.00;883.76;0.00;0
511;anti_air_building;2236.52;11.00;891.15;0.00;0
511;bunker;2308.57;11.00;891.03;0.00;0
511;fuel_silo;2285.73;11.00;916.54;0.00;0
511;radar_station;2262.10;11.00;871.50;0.00;0
511;nuclear_reactor_spawn;2244.93;11.00;880.28;0.00;0
511;rocket_site_spawn;2252.71;11.00;890.24;0.00;0
511;synthetic_refinery;2254.82;11.00;903.61;0.00;0
511;supply_node;2301.01;11.00;877.88;0.00;0
512;arms_factory;2166.88;11.00;614.32;0.00;0
512;industrial_complex;2192.31;11.00;597.96;0.00;0
512;air_base;2191.67;11.00;578.27;0.00;0
512;anti_air_building;2157.55;11.00;577.97;0.00;0
512;bunker;2215.15;11.00;568.99;0.00;0
512;fuel_silo;2203.59;11.00;590.57;0.00;0
512;radar_station;2228.00;11.00;579.34;0.00;0
512;nuclear_reactor_spawn;2166.32;11.00;603.02;0.00;0
512;rocket_site_spawn;2179.05;11.00;580.08;0.00;0
512;synthetic_refinery;2180.83;11.00;593.45;0.00;0
512;supply_node;2217.90;11.00;587.62;0.00;0
513;arms_factory;2565.01;11.00;810.78;0.00;0
513;industrial_complex;2594.04;11.00;829.99;0.00;0
513;air_base;2576.26;11.00;826.05;0.00;0
513;anti_air_building;2562.08;11.00;797.12;0.00;0
513;bunker;2554.04;11.00;817.92;0.00;0
513;fuel_silo;2601.87;11.00;833.38;0.00;0
513;radar_station;2547.24;11.00;838.06;0.00;0
513;nuclear_reactor_spawn;2568.06;11.00;830.18;0.00;0
513;rocket_site_spawn;2577.98;11.00;809.00;0.00;0
513;synthetic_refinery;2545.94;11.00;806.41;0.00;0
513;supply_node;2549.75;11.00;828.17;0.00;0
513;dockyard;2585.38;11.00;833.46;0.00;0
513;coastal_bunker;2587.24;11.00;798.60;0.00;0
514;arms_factory;2995.59;11.00;531.54;0.00;0
514;industrial_complex;2970.17;11.00;506.70;0.00;0
514;air_base;3014.37;11.00;499.96;0.00;0
514;anti_air_building;2982.10;11.00;531.22;0.00;0
514;bunker;2993.65;11.00;508.68;0.00;0
514;fuel_silo;3009.21;11.00;527.24;0.00;0
514;radar_station;2971.83;11.00;494.41;0.00;0
514;nuclear_reactor_spawn;2982.40;11.00;484.95;0.00;0
514;rocket_site_spawn;2968.26;11.00;484.23;0.00;0
514;synthetic_refinery;3006.96;11.00;475.39;0.00;0
514;supply_node;3017.95;11.00;515.70;0.00;0
514;dockyard;2970.61;11.00;516.51;0.00;0
514;coastal_bunker;2992.41;11.00;474.48;0.00;0
515;arms_factory;2177.57;11.00;784.06;0.00;0
515;industrial_complex;2164.16;11.00;722.50;0.00;0
515;air_base;2180.04;11.00;735.83;0.00;0
515;anti_air_building;2152.20;11.00;771.52;0.00;0
515;bunker;2150.94;11.00;747.74;0.00;0
515;fuel_silo;2178.74;11.00;751.38;0.00;0
515;radar_station;2165.09;11.00;784.93;0.00;0
515;nuclear_reactor_spawn;2154.89;11.00;760.03;0.00;0
515;rocket_site_spawn;2183.15;11.00;770.91;0.00;0
515;synthetic_refinery;2168.44;11.00;734.47;0.00;0
515;supply_node;2151.69;11.00;783.93;0.00;0
516;arms_factory;3101.99;11.00;547.58;0.00;0
516;industrial_complex;3074.12;11.00;572.55;0.00;0
516;air_base;3116.83;11.00;558.30;0.00;0
516;anti_air_building;3087.13;11.00;582.96;0.00;0
516;bunker;3088.59;11.00;567.84;0.00;0
516;fuel_silo;3115.29;11.00;546.64;0.00;0
516;radar_station;3118.45;11.00;581.63;0.00;0
516;nuclear_reactor_spawn;3102.34;11.00;580.62;0.00;0
516;rocket_site_spawn;3127.74;11.00;569.04;0.00;0
516;synthetic_refinery;3115.70;11.00;570.49;0.00;0
516;supply_node;3107.46;11.00;536.18;0.00;0
517;arms_factory;3526.05;11.00;506.95;0.00;0
517;industrial_complex;3554.40;11.00;526.85;0.00;0
517;air_base;3535.62;11.00;496.02;0.00;0
517;anti_air_building;3528.10;11.00;548.05;0.00;0
517;bunker;3550.32;11.00;498.12;0.00;0
517;fuel_silo;3508.54;11.00;519.69;0.00;0
517;radar_station;3535.18;11.00;521.00;0.00;0
517;nuclear_reactor_spawn;3513.85;11.00;506.59;0.00;0
517;rocket_site_spawn;3549.52;11.00;515.46;0.00;0
517;synthetic_refinery;3509.38;11.00;532.57;0.00;0
517;supply_node;3537.98;11.00;509.41;0.00;0
517;dockyard;3521.47;11.00;528.77;0.00;0
517;coastal_bunker;3523.21;11.00;517.86;0.00;0
518;arms_factory;2882.40;11.00;811.01;0.00;0
518;industrial_complex;2896.86;11.00;778.13;0.00;0
518;air_base;2886.73;11.00;800.74;0.00;0
518;anti_air_building;2865.48;11.00;769.98;0.00;0
518;bunker;2916.45;11.00;792.25;0.00;0
518;fuel_silo;2914.09;11.00;771.80;0.00;0
518;radar_station;2870.51;11.00;780.64;0.00;0
518;nuclear_reactor_spawn;2868.77;11.00;791.71;0.00;0
518;rocket_site_spawn;2897.61;11.00;763.23;0.00;0
518;synthetic_refinery;2922.07;11.00;805.64;0.00;0
518;supply_node;2888.47;11.00;785.90;0.00;0
518;dockyard;2900.44;11.00;794.79;0.00;0
518;coastal_bunker;2908.08;11.00;782.18;0.00;0
519;arms_factory;2816.76;11.00;388.00;0.00;0
519;industrial_complex;2811.28;11.00;409.45;0.00;0
519;air_base;2851.65;11.00;401.76;0.00;0
519;anti_air_building;2831.11;11.00;395.78;0.00;0
519;bunker;2807.94;11.00;395.88;0.00;0
519;fuel_silo;2842.64;11.00;389.20;0.00;0
519;radar_station;2800.57;11.00;404.56;0.00;0
519;nuclear_reactor_spawn;2818.92;11.00;400.05;0.00;0
519;rocket_site_spawn;2837.51;11.00;376.86;0.00;0
519;synthetic_refinery;2827.85;11.00;383.09;0.00;0
519;supply_node;2840.01;11.00;406.73;0.00;0
519;dockyard;2824.78;11.00;411.05;0.00;0
519;coastal_bunker;2816.76;11.00;388.00;0.00;0
520;arms_factory;3150.24;11.00;842.31;0.00;0
520;industrial_complex;3142.47;11.00;821.81;0.00;0
520;air_base;3128.90;11.00;833.02;0.00;0
520;anti_air_building;3119.43;11.00;839.77;0.00;0
520;bunker;3106.19;11.00;874.01;0.00;0
520;fuel_silo;3130.47;11.00;884.27;0.00;0
520;radar_station;3115.22;11.00;817.40;0.00;0
520;nuclear_reactor_spawn;3104.61;11.00;853.94;0.00;0
520;rocket_site_spawn;3136.14;11.00;843.61;0.00;0
520;synthetic_refinery;3137.71;11.00;875.68;0.00;0
520;supply_node;3122.79;11.00;879.47;0.00;0
520;dockyard;3096.33;11.00;822.73;0.00;0
520;coastal_bunker;3099.68;11.00;866.22;0.00;0
521;arms_factory;2260.51;11.00;783.74;0.00;0
521;industrial_complex;2249.99;11.00;738.92;0.00;0
521;air_base;2276.00;11.00;756.34;0.00;0
521;anti_air_building;2282.04;11.00;773.44;0.00;0
521;bunker;2243.33;11.00;747.23;0.00;0
521;fuel_silo;2260.89;11.00;732.84;0.00;0
521;radar_station;2239.54;11.00;759.88;0.00;0
521;nuclear_reactor_spawn;2250.69;11.00;758.21;0.00;0
521;rocket_site_spawn;2251.14;11.00;770.17;0.00;0
521;synthetic_refinery;2239.41;11.00;772.71;0.00;0
521;supply_node;2276.71;11.00;744.88;0.00;0
521;dockyard;2287.27;11.00;764.24;0.00;0
521;coastal_bunker;2245.60;11.00;782.36;0.00;0
522;arms_factory;3260.36;11.00;193.91;0.00;0
522;industrial_complex;3282.36;11.00;148.40;0.00;0
522;air_base;3264.67;11.00;158.88;0.00;0
522;anti_air_building;3263.58;11.00;173.36;0.00;0
522;bunker;3261.75;11.00;144.46;0.00;0
522;fuel_silo;3296.01;11.00;183.13;0.00;0
522;radar_station;3254.29;11.00;165.45;0.00;0
522;nuclear_reactor_spawn;3294.52;11.00;152.24;0.00;0
522;rocket_site_spawn;3283.43;11.00;178.66;0.00;0
522;synthetic_refinery;3292.37;11.00;193.66;0.00;0
522;supply_node;3283.75;11.00;135.26;0.00;0
522;dockyard;3251.03;11.00;189.08;0.00;0
522;coastal_bunker;3303.57;11.00;173.73;0.00;0
523;arms_factory;3185.89;11.00;696.78;0.00;0
523;industrial_complex;3165.38;11.00;702.27;0.00;0
523;air_base;3184.51;11.00;711.44;0.00;0
523;anti_air_building;3149.96;11.00;711.03;0.00;0
523;bunker;3154.12;11.00;697.55;0.00;0
523;fuel_silo;3162.47;11.00;743.85;0.00;0
523;radar_station;3162.79;11.00;715.47;0.00;0
523;nuclear_reactor_spawn;3177.88;11.00;723.40;0.00;0
523;rocket_site_spawn;3195.13;11.00;724.36;0.00;0
523;synthetic_refinery;3136.06;11.00;732.66;0.00;0
523;supply_node;3175.55;11.00;760.56;0.00;0
524;arms_factory;2289.44;11.00;554.10;0.00;0
524;industrial_complex;2282.72;11.00;542.87;0.00;0
524;air_base;2256.74;11.00;535.84;0.00;0
524;anti_air_building;2285.33;11.00;532.84;0.00;0
524;bunker;2247.43;11.00;581.42;0.00;0
524;fuel_silo;2266.61;11.00;576.97;0.00;0
524;radar_station;2283.28;11.00;565.42;0.00;0
524;nuclear_reactor_spawn;2294.99;11.00;542.55;0.00;0
524;rocket_site_spawn;2274.83;11.00;592.50;0.00;0
524;synthetic_refinery;2282.45;11.00;580.37;0.00;0
524;supply_node;2237.90;11.00;571.72;0.00;0
525;arms_factory;2891.07;11.00;544.83;0.00;0
525;industrial_complex;2889.66;11.00;509.68;0.00;0
525;air_base;2901.85;11.00;525.62;0.00;0
525;anti_air_building;2875.88;11.00;543.86;0.00;0
525;bunker;2866.99;11.00;533.52;0.00;0
525;fuel_silo;2901.84;11.00;509.02;0.00;0
525;radar_station;2874.65;11.00;498.17;0.00;0
525;nuclear_reactor_spawn;2877.19;11.00;513.24;0.00;0
525;rocket_site_spawn;2888.54;11.00;525.33;0.00;0
525;synthetic_refinery;2884.86;11.00;495.99;0.00;0
525;supply_node;2878.32;11.00;529.90;0.00;0
526;arms_factory;3270.51;11.00;666.25;0.00;0
526;industrial_complex;3269.61;11.00;708.49;0.00;0
526;air_base;3297.01;11.00;689.74;0.00;0
526;anti_air_building;3286.16;11.00;658.08;0.00;0
526;bunker;3307.17;11.00;677.30;0.00;0
526;fuel_silo;3296.03;11.00;675.43;0.00;0
526;radar_station;3283.22;11.00;699.67;0.00;0
526;nuclear_reactor_spawn;3303.48;11.00;706.94;0.00;0
526;rocket_site_spawn;3296.13;11.00;701.76;0.00;0
526;synthetic_refinery;3310.02;11.00;693.58;0.00;0
526;supply_node;3309.12;11.00;663.45;0.00;0
527;arms_factory;3568.36;11.00;418.69;0.00;0
527;industrial_complex;3584.07;11.00;378.85;0.00;0
527;air_base;3554.54;11.00;397.89;0.00;0
527;anti_air_building;3572.38;11.00;402.87;0.00;0
527;bunker;3607.52;11.00;388.48;0.00;0
527;fuel_silo;3568.31;11.00;388.71;0.00;0
527;radar_station;3585.41;11.00;397.63;0.00;0
527;nuclear_reactor_spawn;3581.16;11.00;409.95;0.00;0
527;rocket_site_spawn;3578.20;11.00;431.26;0.00;0
527;synthetic_refinery;3605.95;11.00;398.15;0.00;0
527;supply_node;3556.73;11.00;415.68;0.00;0
528;arms_factory;3394.90;11.00;488.33;0.00;0
528;industrial_complex;3438.52;11.00;497.99;0.00;0
528;air_base;3463.36;11.00;493.46;0.00;0
528;anti_air_building;3469.01;11.00;507.73;0.00;0
528;bunker;3412.24;11.00;487.51;0.00;0
528;fuel_silo;3431.06;11.00;464.80;0.00;0
528;radar_station;3399.85;11.00;510.00;0.00;0
528;nuclear_reactor_spawn;3403.36;11.00;475.87;0.00;0
528;rocket_site_spawn;3406.62;11.00;498.58;0.00;0
528;synthetic_refinery;3426.17;11.00;490.74;0.00;0
528;supply_node;3412.28;11.00;508.63;0.00;0
528;dockyard;3442.55;11.00;513.98;0.00;0
528;coastal_bunker;3455.58;11.00;510.24;0.00;0
529;arms_factory;2666.18;11.00;654.50;0.00;0
529;industrial_complex;2634.59;11.00;628.83;0.00;0
529;air_base;2631.96;11.00;642.60;0.00;0
529;anti_air_building;2624.45;11.00;654.31;0.00;0
529;bunker;2621.78;11.00;676.28;0.00;0
529;fuel_silo;2642.23;11.00;652.15;0.00;0
529;radar_station;2623.50;11.00;629.32;0.00;0
529;nuclear_reactor_spawn;2613.48;11.00;625.62;0.00;0
529;rocket_site_spawn;2601.76;11.00;631.09;0.00;0
529;synthetic_refinery;2635.55;11.00;678.86;0.00;0
529;supply_node;2615.34;11.00;639.67;0.00;0
530;arms_factory;3520.54;11.00;634.31;0.00;0
530;industrial_complex;3535.97;11.00;633.12;0.00;0
530;air_base;3506.27;11.00;633.43;0.00;0
530;anti_air_building;3537.45;11.00;643.94;0.00;0
530;bunker;3533.73;11.00;653.97;0.00;0
530;fuel_silo;3528.89;11.00;626.46;0.00;0
530;radar_station;3506.42;11.00;650.31;0.00;0
530;nuclear_reactor_spawn;3510.42;11.00;663.41;0.00;0
530;rocket_site_spawn;3522.32;11.00;647.04;0.00;0
530;synthetic_refinery;3548.19;11.00;638.33;0.00;0
530;supply_node;3521.64;11.00;662.25;0.00;0
530;dockyard;3548.87;11.00;664.81;0.00;0
530;coastal_bunker;3525.31;11.00;675.27;0.00;0
531;arms_factory;3023.46;11.00;687.03;0.00;0
531;industrial_complex;2996.05;11.00;687.92;0.00;0
531;air_base;2972.05;11.00;723.69;0.00;0
531;anti_air_building;2974.98;11.00;711.92;0.00;0
531;bunker;3043.78;11.00;703.45;0.00;0
531;fuel_silo;2982.82;11.00;697.71;0.00;0
531;radar_station;3009.56;11.00;739.40;0.00;0
531;nuclear_reactor_spawn;2995.12;11.00;673.74;0.00;0
531;rocket_site_spawn;3009.82;11.00;688.63;0.00;0
531;synthetic_refinery;3031.46;11.00;717.71;0.00;0
531;supply_node;3014.20;11.00;723.33;0.00;0
532;arms_factory;2208.10;11.00;712.84;0.00;0
532;industrial_complex;2217.31;11.00;709.42;0.00;0
532;air_base;2176.69;11.00;714.37;0.00;0
532;anti_air_building;2194.21;11.00;713.04;0.00;0
532;bunker;2178.75;11.00;678.34;0.00;0
532;fuel_silo;2188.57;11.00;689.25;0.00;0
532;radar_station;2192.81;11.00;676.97;0.00;0
532;nuclear_reactor_spawn;2203.00;11.00;687.27;0.00;0
532;rocket_site_spawn;2213.01;11.00;698.62;0.00;0
532;synthetic_refinery;2176.47;11.00;701.70;0.00;0
532;supply_node;2203.91;11.00;722.27;0.00;0
533;arms_factory;2708.51;11.00;703.49;0.00;0
533;industrial_complex;2716.20;11.00;681.05;0.00;0
533;air_base;2717.43;11.00;643.04;0.00;0
533;anti_air_building;2723.97;11.00;700.02;0.00;0
533;bunker;2726.43;11.00;683.90;0.00;0
533;fuel_silo;2686.23;11.00;676.01;0.00;0
533;radar_station;2698.27;11.00;680.42;0.00;0
533;nuclear_reactor_spawn;2706.67;11.00;664.44;0.00;0
533;rocket_site_spawn;2728.12;11.00;666.59;0.00;0
533;synthetic_refinery;2720.45;11.00;656.10;0.00;0
533;supply_node;2683.38;11.00;687.60;0.00;0
534;arms_factory;3353.94;11.00;403.10;0.00;0
534;industrial_complex;3342.25;11.00;433.16;0.00;0
534;air_base;3388.09;11.00;433.96;0.00;0
534;anti_air_building;3389.14;11.00;449.09;0.00;0
534;bunker;3378.00;11.00;438.93;0.00;0
534;fuel_silo;3382.68;11.00;421.62;0.00;0
534;radar_station;3340.94;11.00;419.79;0.00;0
534;nuclear_reactor_spawn;3356.73;11.00;415.37;0.00;0
534;rocket_site_spawn;3366.74;11.00;402.39;0.00;0
534;synthetic_refinery;3393.22;11.00;407.51;0.00;0
534;supply_node;3370.62;11.00;427.11;0.00;0
535;arms_factory;2435.28;11.00;334.19;0.00;0
535;industrial_complex;2392.05;11.00;336.84;0.00;0
535;air_base;2393.38;11.00;319.01;0.00;0
535;anti_air_building;2384.88;11.00;323.32;0.00;0
535;bunker;2408.84;11.00;314.11;0.00;0
535;fuel_silo;2398.95;11.00;312.18;0.00;0
535;radar_station;2431.12;11.00;310.60;0.00;0
535;nuclear_reactor_spawn;2438.20;11.00;320.71;0.00;0
535;rocket_site_spawn;2423.33;11.00;316.87;0.00;0
535;synthetic_refinery;2381.45;11.00;343.76;0.00;0
535;supply_node;2418.25;11.00;352.85;0.00;0
535;dockyard;2418.59;11.00;310.11;0.00;0
535;coastal_bunker;2403.13;11.00;329.33;0.00;0
536;arms_factory;2466.50;11.00;807.52;0.00;0
536;industrial_complex;2420.07;11.00;830.82;0.00;0
536;air_base;2430.91;11.00;818.68;0.00;0
536;anti_air_building;2457.21;11.00;826.82;0.00;0
536;bunker;2410.48;11.00;808.01;0.00;0
536;fuel_silo;2444.61;11.00;793.52;0.00;0
536;radar_station;2409.22;11.00;794.52;0.00;0
536;nuclear_reactor_spawn;2422.27;11.00;809.78;0.00;0
536;rocket_site_spawn;2433.53;11.00;834.18;0.00;0
536;synthetic_refinery;2420.91;11.00;842.51;0.00;0
536;supply_node;2445.47;11.00;834.20;0.00;0
537;arms_factory;3723.97;11.00;615.85;0.00;0
537;industrial_complex;3691.05;11.00;611.02;0.00;0
537;air_base;3714.17;11.00;619.52;0.00;0
537;anti_air_building;3699.13;11.00;590.90;0.00;0
537;bunker;3714.69;11.00;574.76;0.00;0
537;fuel_silo;3703.95;11.00;567.78;0.00;0
537;radar_station;3745.06;11.00;601.28;0.00;0
537;nuclear_reactor_spawn;3701.83;11.00;580.69;0.00;0
537;rocket_site_spawn;3731.91;11.00;607.04;0.00;0
537;synthetic_refinery;3716.65;11.00;591.37;0.00;0
537;supply_node;3697.21;11.00;601.06;0.00;0
537;dockyard;3716.54;11.00;602.58;0.00;0
537;coastal_bunker;3727.16;11.00;582.77;0.00;0
538;arms_factory;2865.24;11.00;383.76;0.00;0
538;industrial_complex;2875.87;11.00;363.07;0.00;0
538;air_base;2864.92;11.00;373.48;0.00;0
538;anti_air_building;2843.30;11.00;369.86;0.00;0
538;bunker;2894.81;11.00;389.21;0.00;0
538;fuel_silo;2852.02;11.00;378.72;0.00;0
538;radar_station;2876.72;11.00;372.34;0.00;0
538;nuclear_reactor_spawn;2863.12;11.00;363.86;0.00;0
538;rocket_site_spawn;2867.02;11.00;395.88;0.00;0
538;synthetic_refinery;2865.76;11.00;407.23;0.00;0
538;supply_node;2880.48;11.00;399.24;0.00;0
538;dockyard;2877.38;11.00;385.82;0.00;0
538;coastal_bunker;2855.77;11.00;390.33;0.00;0
539;arms_factory;3042.16;11.00;309.26;0.00;0
539;industrial_complex;3011.20;11.00;354.98;0.00;0
539;air_base;3049.61;11.00;336.42;0.00;0
539;anti_air_building;3028.84;11.00;344.30;0.00;0
539;bunker;3000.67;11.00;343.06;0.00;0
539;fuel_silo;3000.74;11.00;330.50;0.00;0
539;radar_station;3032.32;11.00;310.29;0.00;0
539;nuclear_reactor_spawn;3029.01;11.00;358.31;0.00;0
539;rocket_site_spawn;3054.03;11.00;321.54;0.00;0
539;synthetic_refinery;3029.42;11.00;330.01;0.00;0
539;supply_node;3042.43;11.00;328.55;0.00;0
539;dockyard;3017.15;11.00;333.42;0.00;0
539;coastal_bunker;3046.74;11.00;348.73;0.00;0
540;arms_factory;3480.97;11.00;720.22;0.00;0
540;industrial_complex;3461.05;11.00;705.98;0.00;0
540;air_base;3461.59;11.00;719.66;0.00;0
540;anti_air_building;3451.94;11.00;714.77;0.00;0
540;bunker;3491.57;11.00;714.86;0.00;0
540;fuel_silo;3471.61;11.00;715.88;0.00;0
540;radar_station;3481.72;11.00;706.79;0.00;0
540;nuclear_reactor_spawn;3471.41;11.00;699.36;0.00;0
540;rocket_site_spawn;3480.97;11.00;720.22;0.00;0
540;synthetic_refinery;3461.05;11.00;705.98;0.00;0
540;supply_node;3461.59;11.00;719.66;0.00;0
540;dockyard;3451.94;11.00;714.77;0.00;0
540;coastal_bunker;3491.57;11.00;714.86;0.00;0
541;arms_factory;3787.26;11.00;434.11;0.00;0
541;industrial_complex;3808.08;11.00;414.52;0.00;0
541;air_base;3822.65;11.00;412.62;0.00;0
541;anti_air_building;3811.22;11.00;400.99;0.00;0
541;bunker;3833.63;11.00;393.01;0.00;0
541;fuel_silo;3823.78;11.00;401.45;0.00;0
541;radar_station;3801.05;11.00;426.83;0.00;0
541;nuclear_reactor_spawn;3801.23;11.00;441.22;0.00;0
541;rocket_site_spawn;3797.29;11.00;410.39;0.00;0
541;synthetic_refinery;3842.02;11.00;393.69;0.00;0
541;supply_node;3823.87;11.00;388.66;0.00;0
541;dockyard;3813.47;11.00;434.51;0.00;0
541;coastal_bunker;3816.75;11.00;422.31;0.00;0
542;arms_factory;3737.60;11.00;573.68;0.00;0
542;industrial_complex;3727.19;11.00;566.84;0.00;0
542;air_base;3737.67;11.00;555.08;0.00;0
542;anti_air_building;3761.66;11.00;555.76;0.00;0
542;bunker;3727.15;11.00;551.50;0.00;0
542;fuel_silo;3747.13;11.00;559.95;0.00;0
542;radar_station;3745.91;11.00;581.04;0.00;0
542;nuclear_reactor_spawn;3755.01;11.00;586.21;0.00;0
542;rocket_site_spawn;3715.77;11.00;559.49;0.00;0
542;synthetic_refinery;3759.78;11.00;576.72;0.00;0
542;supply_node;3746.99;11.00;591.47;0.00;0
542;dockyard;3750.36;11.00;547.05;0.00;0
542;coastal_bunker;3749.80;11.00;569.49;0.00;0
543;arms_factory;3007.23;11.00;605.60;0.00;0
543;industrial_complex;2999.74;11.00;660.75;0.00;0
543;air_base;2949.41;11.00;625.02;0.00;0
543;anti_air_building;3023.99;11.00;637.90;0.00;0
543;bunker;3014.55;11.00;663.64;0.00;0
543;fuel_silo;2983.07;11.00;665.68;0.00;0
543;radar_station;2967.17;11.00;637.28;0.00;0
543;nuclear_reactor_spawn;2976.32;11.00;601.90;0.00;0
543;rocket_site_spawn;2996.15;11.00;647.71;0.00;0
543;synthetic_refinery;2954.42;11.00;642.25;0.00;0
543;supply_node;2968.37;11.00;615.05;0.00;0
544;arms_factory;2610.99;11.00;380.54;0.00;0
544;industrial_complex;2589.04;11.00;374.16;0.00;0
544;air_base;2572.38;11.00;349.10;0.00;0
544;anti_air_building;2576.53;11.00;378.40;0.00;0
544;bunker;2588.73;11.00;397.46;0.00;0
544;fuel_silo;2578.07;11.00;364.03;0.00;0
544;radar_station;2577.02;11.00;390.83;0.00;0
544;nuclear_reactor_spawn;2552.21;11.00;374.61;0.00;0
544;rocket_site_spawn;2553.71;11.00;352.96;0.00;0
544;synthetic_refinery;2602.34;11.00;372.40;0.00;0
544;supply_node;2603.89;11.00;353.83;0.00;0
545;arms_factory;2421.38;11.00;856.70;0.00;0
545;industrial_complex;2406.64;11.00;874.65;0.00;0
545;air_base;2385.77;11.00;866.54;0.00;0
545;anti_air_building;2408.32;11.00;858.29;0.00;0
545;bunker;2378.94;11.00;856.75;0.00;0
545;fuel_silo;2393.28;11.00;851.16;0.00;0
545;radar_station;2391.94;11.00;877.40;0.00;0
545;nuclear_reactor_spawn;2434.99;11.00;878.73;0.00;0
545;rocket_site_spawn;2406.33;11.00;842.67;0.00;0
545;synthetic_refinery;2374.08;11.00;868.20;0.00;0
545;supply_node;2420.01;11.00;874.50;0.00;0
545;dockyard;2381.11;11.00;881.09;0.00;0
545;coastal_bunker;2433.41;11.00;867.45;0.00;0
546;arms_factory;3548.88;11.00;225.60;0.00;0
546;industrial_complex;3523.30;11.00;208.16;0.00;0
546;air_base;3546.93;11.00;206.39;0.00;0
546;anti_air_building;3534.56;11.00;223.48;0.00;0
546;bunker;3546.10;11.00;249.00;0.00;0
546;fuel_silo;3560.02;11.00;223.57;0.00;0
546;radar_station;3534.80;11.00;211.47;0.00;0
546;nuclear_reactor_spawn;3544.05;11.00;236.72;0.00;0
546;rocket_site_spawn;3558.25;11.00;257.86;0.00;0
546;synthetic_refinery;3575.18;11.00;226.72;0.00;0
546;supply_node;3531.57;11.00;242.43;0.00;0
546;dockyard;3512.54;11.00;220.33;0.00;0
546;coastal_bunker;3521.87;11.00;230.92;0.00;0
547;arms_factory;2906.13;11.00;441.08;0.00;0
547;industrial_complex;2889.60;11.00;431.93;0.00;0
547;air_base;2912.89;11.00;432.79;0.00;0
547;anti_air_building;2887.10;11.00;443.13;0.00;0
547;bunker;2898.74;11.00;449.10;0.00;0
547;fuel_silo;2875.62;11.00;426.67;0.00;0
547;radar_station;2908.32;11.00;419.73;0.00;0
547;nuclear_reactor_spawn;2913.08;11.00;407.27;0.00;0
547;rocket_site_spawn;2898.42;11.00;426.20;0.00;0
547;synthetic_refinery;2875.22;11.00;415.34;0.00;0
547;supply_node;2886.03;11.00;415.16;0.00;0
548;arms_factory;2299.01;11.00;854.79;0.00;0
548;industrial_complex;2295.09;11.00;817.65;0.00;0
548;air_base;2300.02;11.00;843.17;0.00;0
548;anti_air_building;2317.83;11.00;833.28;0.00;0
548;bunker;2311.89;11.00;864.84;0.00;0
548;fuel_silo;2331.76;11.00;822.40;0.00;0
548;radar_station;2296.85;11.00;865.56;0.00;0
548;nuclear_reactor_spawn;2321.40;11.00;870.50;0.00;0
548;rocket_site_spawn;2285.05;11.00;842.92;0.00;0
548;synthetic_refinery;2345.94;11.00;844.22;0.00;0
548;supply_node;2337.89;11.00;857.09;0.00;0
549;arms_factory;2794.81;11.00;414.93;0.00;0
549;industrial_complex;2791.32;11.00;436.79;0.00;0
549;air_base;2767.25;11.00;416.37;0.00;0
549;anti_air_building;2789.95;11.00;453.11;0.00;0
549;bunker;2762.54;11.00;454.75;0.00;0
549;fuel_silo;2758.89;11.00;425.86;0.00;0
549;radar_station;2784.70;11.00;418.27;0.00;0
549;nuclear_reactor_spawn;2809.76;11.00;444.89;0.00;0
549;rocket_site_spawn;2808.38;11.00;420.57;0.00;0
549;synthetic_refinery;2783.84;11.00;444.85;0.00;0
549;supply_node;2772.76;11.00;455.97;0.00;0
549;dockyard;2786.20;11.00;426.98;0.00;0
549;coastal_bunker;2771.78;11.00;408.55;0.00;0
550;arms_factory;2946.96;11.00;497.89;0.00;0
550;industrial_complex;2927.34;11.00;512.16;0.00;0
550;air_base;2918.89;11.00;532.35;0.00;0
550;anti_air_building;2954.46;11.00;511.22;0.00;0
550;bunker;2919.71;11.00;545.24;0.00;0
550;fuel_silo;2958.86;11.00;545.78;0.00;0
550;radar_station;2964.10;11.00;534.90;0.00;0
550;nuclear_reactor_spawn;2934.60;11.00;546.96;0.00;0
550;rocket_site_spawn;2937.67;11.00;507.34;0.00;0
550;synthetic_refinery;2933.88;11.00;494.14;0.00;0
550;supply_node;2921.60;11.00;521.69;0.00;0
550;dockyard;2951.05;11.00;531.62;0.00;0
550;coastal_bunker;2946.57;11.00;543.60;0.00;0
551;arms_factory;2993.84;11.00;784.38;0.00;0
551;industrial_complex;2981.46;11.00;778.56;0.00;0
551;air_base;2942.60;11.00;793.58;0.00;0
551;anti_air_building;2949.04;11.00;802.81;0.00;0
551;bunker;2996.38;11.00;749.69;0.00;0
551;fuel_silo;2957.71;11.00;726.60;0.00;0
551;radar_station;2941.50;11.00;743.69;0.00;0
551;nuclear_reactor_spawn;2971.54;11.00;749.10;0.00;0
551;rocket_site_spawn;2930.31;11.00;752.26;0.00;0
551;synthetic_refinery;2981.83;11.00;740.22;0.00;0
551;supply_node;2947.78;11.00;752.10;0.00;0
552;arms_factory;3352.34;11.00;179.61;0.00;0
552;industrial_complex;3342.27;11.00;216.45;0.00;0
552;air_base;3366.55;11.00;187.04;0.00;0
552;anti_air_building;3366.12;11.00;172.90;0.00;0
552;bunker;3376.89;11.00;222.81;0.00;0
552;fuel_silo;3357.13;11.00;162.15;0.00;0
552;radar_station;3330.67;11.00;203.69;0.00;0
552;nuclear_reactor_spawn;3344.39;11.00;167.10;0.00;0
552;rocket_site_spawn;3330.59;11.00;192.36;0.00;0
552;synthetic_refinery;3379.73;11.00;208.23;0.00;0
552;supply_node;3312.91;11.00;191.75;0.00;0
553;arms_factory;2669.10;11.00;326.94;0.00;0
553;industrial_complex;2669.05;11.00;362.26;0.00;0
553;air_base;2680.92;11.00;319.00;0.00;0
553;anti_air_building;2705.94;11.00;354.38;0.00;0
553;bunker;2708.84;11.00;341.27;0.00;0
553;fuel_silo;2680.13;11.00;355.62;0.00;0
553;radar_station;2668.57;11.00;312.08;0.00;0
553;nuclear_reactor_spawn;2673.85;11.00;373.54;0.00;0
553;rocket_site_spawn;2674.08;11.00;342.55;0.00;0
553;synthetic_refinery;2694.89;11.00;328.79;0.00;0
553;supply_node;2705.27;11.00;368.06;0.00;0
553;dockyard;2690.09;11.00;340.41;0.00;0
553;coastal_bunker;2658.46;11.00;354.50;0.00;0
554;arms_factory;2441.31;11.00;423.42;0.00;0
554;industrial_complex;2434.97;11.00;444.79;0.00;0
554;air_base;2462.10;11.00;425.96;0.00;0
554;anti_air_building;2449.67;11.00;444.10;0.00;0
554;bunker;2470.00;11.00;415.33;0.00;0
554;fuel_silo;2454.30;11.00;433.13;0.00;0
554;radar_station;2480.42;11.00;443.83;0.00;0
554;nuclear_reactor_spawn;2455.73;11.00;409.92;0.00;0
554;rocket_site_spawn;2450.46;11.00;464.15;0.00;0
554;synthetic_refinery;2468.23;11.00;458.47;0.00;0
554;supply_node;2449.03;11.00;416.51;0.00;0
555;arms_factory;3607.69;11.00;462.68;0.00;0
555;industrial_complex;3613.14;11.00;473.01;0.00;0
555;air_base;3620.41;11.00;458.50;0.00;0
555;anti_air_building;3625.20;11.00;446.01;0.00;0
555;bunker;3604.78;11.00;424.38;0.00;0
555;fuel_silo;3616.20;11.00;420.01;0.00;0
555;radar_station;3644.10;11.00;427.66;0.00;0
555;nuclear_reactor_spawn;3609.41;11.00;440.33;0.00;0
555;rocket_site_spawn;3629.12;11.00;415.41;0.00;0
555;synthetic_refinery;3638.81;11.00;452.11;0.00;0
555;supply_node;3594.06;11.00;449.39;0.00;0
556;arms_factory;3287.04;11.00;267.28;0.00;0
556;industrial_complex;3348.14;11.00;245.20;0.00;0
556;air_base;3343.74;11.00;257.16;0.00;0
556;anti_air_building;3343.62;11.00;232.34;0.00;0
556;bunker;3330.40;11.00;275.44;0.00;0
556;fuel_silo;3317.53;11.00;234.04;0.00;0
556;radar_station;3310.17;11.00;220.49;0.00;0
556;nuclear_reactor_spawn;3322.06;11.00;221.83;0.00;0
556;rocket_site_spawn;3312.69;11.00;245.46;0.00;0
556;synthetic_refinery;3328.00;11.00;245.21;0.00;0
556;supply_node;3298.02;11.00;243.72;0.00;0
557;arms_factory;2558.59;11.00;687.21;0.00;0
557;industrial_complex;2563.82;11.00;663.70;0.00;0
557;air_base;2563.09;11.00;722.30;0.00;0
557;anti_air_building;2583.83;11.00;660.13;0.00;0
557;bunker;2554.65;11.00;675.13;0.00;0
557;fuel_silo;2577.01;11.00;709.82;0.00;0
557;radar_station;2551.41;11.00;705.65;0.00;0
557;nuclear_reactor_spawn;2566.93;11.00;696.49;0.00;0
557;rocket_site_spawn;2586.39;11.00;699.35;0.00;0
557;synthetic_refinery;2544.24;11.00;686.84;0.00;0
557;supply_node;2587.57;11.00;671.53;0.00;0
558;arms_factory;2811.91;11.00;830.98;0.00;0
558;industrial_complex;2834.79;11.00;786.27;0.00;0
558;air_base;2820.58;11.00;822.06;0.00;0
558;anti_air_building;2838.23;11.00;810.39;0.00;0
558;bunker;2837.45;11.00;796.35;0.00;0
558;fuel_silo;2827.14;11.00;781.55;0.00;0
558;radar_station;2809.06;11.00;798.03;0.00;0
558;nuclear_reactor_spawn;2841.95;11.00;821.42;0.00;0
558;rocket_site_spawn;2830.79;11.00;770.91;0.00;0
558;synthetic_refinery;2832.62;11.00;823.58;0.00;0
558;supply_node;2813.83;11.00;780.26;0.00;0
558;dockyard;2850.70;11.00;813.24;0.00;0
558;coastal_bunker;2817.87;11.00;791.32;0.00;0
559;arms_factory;2528.46;11.00;549.27;0.00;0
559;industrial_complex;2536.05;11.00;568.14;0.00;0
559;air_base;2504.86;11.00;588.90;0.00;0
559;anti_air_building;2491.30;11.00;575.87;0.00;0
559;bunker;2508.55;11.00;557.57;0.00;0
559;fuel_silo;2528.22;11.00;588.33;0.00;0
559;radar_station;2489.87;11.00;587.20;0.00;0
559;nuclear_reactor_spawn;2516.84;11.00;579.22;0.00;0
559;rocket_site_spawn;2543.40;11.00;578.81;0.00;0
559;synthetic_refinery;2494.91;11.00;565.11;0.00;0
559;supply_node;2503.16;11.00;578.03;0.00;0
560;arms_factory;3377.85;11.00;323.15;0.00;0
560;industrial_complex;3349.30;11.00;322.84;0.00;0
560;air_base;3369.33;11.00;346.28;0.00;0
560;anti_air_building;3363.30;11.00;301.06;0.00;0
560;bunker;3341.88;11.00;291.20;0.00;0
560;fuel_silo;3354.18;11.00;335.38;0.00;0
560;radar_station;3331.17;11.00;294.22;0.00;0
560;nuclear_reactor_spawn;3352.19;11.00;298.56;0.00;0
560;rocket_site_spawn;3378.60;11.00;310.52;0.00;0
560;synthetic_refinery;3344.78;11.00;337.95;0.00;0
560;supply_node;3362.20;11.00;328.11;0.00;0
561;arms_factory;3309.62;11.00;547.89;0.00;0
561;industrial_complex;3303.50;11.00;535.41;0.00;0
561;air_base;3321.32;11.00;579.35;0.00;0
561;anti_air_building;3316.32;11.00;568.25;0.00;0
561;bunker;3307.85;11.00;578.01;0.00;0
561;fuel_silo;3338.18;11.00;548.77;0.00;0
561;radar_station;3297.99;11.00;583.92;0.00;0
561;nuclear_reactor_spawn;3340.18;11.00;558.93;0.00;0
561;rocket_site_spawn;3342.50;11.00;569.24;0.00;0
561;synthetic_refinery;3284.70;11.00;580.81;0.00;0
561;supply_node;3296.72;11.00;530.56;0.00;0
561;dockyard;3314.23;11.00;589.78;0.00;0
561;coastal_bunker;3298.10;11.00;549.03;0.00;0
562;arms_factory;2673.14;11.00;724.17;0.00;0
562;industrial_complex;2683.03;11.00;760.31;0.00;0
562;air_base;2670.82;11.00;761.46;0.00;0
562;anti_air_building;2705.44;11.00;721.34;0.00;0
562;bunker;2698.57;11.00;750.78;0.00;0
562;fuel_silo;2685.32;11.00;701.74;0.00;0
562;radar_station;2704.43;11.00;744.27;0.00;0
562;nuclear_reactor_spawn;2675.13;11.00;712.15;0.00;0
562;rocket_site_spawn;2688.06;11.00;736.97;0.00;0
562;synthetic_refinery;2683.57;11.00;747.18;0.00;0
562;supply_node;2661.33;11.00;733.03;0.00;0
563;arms_factory;3078.39;11.00;478.50;0.00;0
563;industrial_complex;3102.59;11.00;485.17;0.00;0
563;air_base;3089.40;11.00;506.76;0.00;0
563;anti_air_building;3103.14;11.00;458.46;0.00;0
563;bunker;3114.92;11.00;495.79;0.00;0
563;fuel_silo;3115.64;11.00;487.12;0.00;0
563;radar_station;3104.66;11.00;505.03;0.00;0
563;nuclear_reactor_spawn;3114.11;11.00;469.28;0.00;0
563;rocket_site_spawn;3080.40;11.00;487.10;0.00;0
563;synthetic_refinery;3088.27;11.00;466.38;0.00;0
563;supply_node;3100.10;11.00;468.73;0.00;0
563;dockyard;3079.76;11.00;496.42;0.00;0
563;coastal_bunker;3092.74;11.00;497.70;0.00;0
564;arms_factory;3660.46;11.00;514.40;0.00;0
564;industrial_complex;3642.69;11.00;485.45;0.00;0
564;air_base;3666.66;11.00;500.64;0.00;0
564;anti_air_building;3651.12;11.00;493.25;0.00;0
564;bunker;3649.94;11.00;506.46;0.00;0
564;fuel_silo;3625.13;11.00;483.82;0.00;0
564;radar_station;3639.18;11.00;515.71;0.00;0
564;nuclear_reactor_spawn;3653.91;11.00;458.29;0.00;0
564;rocket_site_spawn;3642.34;11.00;475.61;0.00;0
564;synthetic_refinery;3624.01;11.00;497.66;0.00;0
564;supply_node;3644.06;11.00;464.36;0.00;0
565;arms_factory;2821.21;11.00;612.41;0.00;0
565;industrial_complex;2826.89;11.00;601.00;0.00;0
565;air_base;2816.79;11.00;623.33;0.00;0
565;anti_air_building;2813.10;11.00;636.18;0.00;0
565;bunker;2849.74;11.00;613.14;0.00;0
565;fuel_silo;2840.71;11.00;622.03;0.00;0
565;radar_station;2821.30;11.00;654.84;0.00;0
565;nuclear_reactor_spawn;2790.89;11.00;629.29;0.00;0
565;rocket_site_spawn;2829.29;11.00;618.63;0.00;0
565;synthetic_refinery;2830.69;11.00;652.92;0.00;0
565;supply_node;2824.54;11.00;636.55;0.00;0
565;dockyard;2803.52;11.00;634.41;0.00;0
565;coastal_bunker;2833.11;11.00;630.10;0.00;0
566;arms_factory;2463.58;11.00;716.59;0.00;0
566;industrial_complex;2445.02;11.00;688.64;0.00;0
566;air_base;2479.69;11.00;708.65;0.00;0
566;anti_air_building;2492.32;11.00;699.22;0.00;0
566;bunker;2456.10;11.00;679.86;0.00;0
566;fuel_silo;2488.76;11.00;677.13;0.00;0
566;radar_station;2460.93;11.00;668.27;0.00;0
566;nuclear_reactor_spawn;2466.98;11.00;700.12;0.00;0
566;rocket_site_spawn;2492.79;11.00;687.03;0.00;0
566;synthetic_refinery;2454.82;11.00;698.01;0.00;0
566;supply_node;2479.99;11.00;656.65;0.00;0
567;arms_factory;2361.41;11.00;458.11;0.00;0
567;industrial_complex;2394.02;11.00;458.62;0.00;0
567;air_base;2391.85;11.00;475.48;0.00;0
567;anti_air_building;2373.72;11.00;473.85;0.00;0
567;bunker;2405.49;11.00;451.29;0.00;0
567;fuel_silo;2383.77;11.00;467.37;0.00;0
567;radar_station;2383.51;11.00;489.98;0.00;0
567;nuclear_reactor_spawn;2380.72;11.00;438.20;0.00;0
567;rocket_site_spawn;2356.24;11.00;468.64;0.00;0
567;synthetic_refinery;2370.13;11.00;487.10;0.00;0
567;supply_node;2406.95;11.00;472.94;0.00;0
568;arms_factory;2835.10;11.00;537.60;0.00;0
568;industrial_complex;2852.45;11.00;508.90;0.00;0
568;air_base;2841.79;11.00;560.17;0.00;0
568;anti_air_building;2840.63;11.00;508.68;0.00;0
568;bunker;2850.47;11.00;533.92;0.00;0
568;fuel_silo;2839.04;11.00;520.85;0.00;0
568;radar_station;2850.61;11.00;522.68;0.00;0
568;nuclear_reactor_spawn;2828.66;11.00;527.33;0.00;0
568;rocket_site_spawn;2860.20;11.00;541.26;0.00;0
568;synthetic_refinery;2849.53;11.00;550.12;0.00;0
568;supply_node;2859.03;11.00;554.22;0.00;0
569;arms_factory;2950.89;11.00;354.08;0.00;0
569;industrial_complex;2958.59;11.00;330.23;0.00;0
569;air_base;2951.02;11.00;364.27;0.00;0
569;anti_air_building;2974.34;11.00;344.88;0.00;0
569;bunker;2932.52;11.00;334.18;0.00;0
569;fuel_silo;2972.14;11.00;370.32;0.00;0
569;radar_station;2946.33;11.00;333.61;0.00;0
569;nuclear_reactor_spawn;2960.12;11.00;348.07;0.00;0
569;rocket_site_spawn;2981.10;11.00;354.47;0.00;0
569;synthetic_refinery;2962.35;11.00;338.32;0.00;0
569;supply_node;2972.83;11.00;331.12;0.00;0
569;dockyard;2947.17;11.00;341.71;0.00;0
569;coastal_bunker;2966.76;11.00;358.39;0.00;0
570;arms_factory;2145.23;11.00;663.98;0.00;0
570;industrial_complex;2141.27;11.00;682.57;0.00;0
570;air_base;2135.07;11.00;713.88;0.00;0
570;anti_air_building;2155.19;11.00;691.98;0.00;0
570;bunker;2117.91;11.00;678.04;0.00;0
570;fuel_silo;2145.00;11.00;652.48;0.00;0
570;radar_station;2129.02;11.00;688.78;0.00;0
570;nuclear_reactor_spawn;2155.11;11.00;667.86;0.00;0
570;rocket_site_spawn;2157.48;11.00;678.47;0.00;0
570;synthetic_refinery;2121.88;11.00;664.39;0.00;0
570;supply_node;2160.32;11.00;707.55;0.00;0
571;arms_factory;3292.79;11.00;893.23;0.00;0
571;industrial_complex;3300.55;11.00;866.16;0.00;0
571;air_base;3287.81;11.00;906.98;0.00;0
571;anti_air_building;3300.43;11.00;907.93;0.00;0
571;bunker;3311.00;11.00;898.96;0.00;0
571;fuel_silo;3289.03;11.00;871.05;0.00;0
571;radar_station;3283.52;11.00;880.74;0.00;0
571;nuclear_reactor_spawn;3276.17;11.00;909.80;0.00;0
571;rocket_site_spawn;3305.84;11.00;882.41;0.00;0
571;synthetic_refinery;3305.10;11.00;919.42;0.00;0
571;supply_node;3276.98;11.00;895.12;0.00;0
571;dockyard;3292.79;11.00;893.23;0.00;0
571;coastal_bunker;3300.55;11.00;866.16;0.00;0
572;arms_factory;3295.95;11.00;931.73;0.00;0
572;industrial_complex;3258.44;11.00;922.96;0.00;0
572;air_base;3280.97;11.00;934.52;0.00;0
572;anti_air_building;3293.34;11.00;941.20;0.00;0
572;bunker;3242.28;11.00;942.54;0.00;0
572;fuel_silo;3268.62;11.00;917.40;0.00;0
572;radar_station;3269.36;11.00;930.92;0.00;0
572;nuclear_reactor_spawn;3271.55;11.00;956.72;0.00;0
572;rocket_site_spawn;3273.85;11.00;945.67;0.00;0
572;synthetic_refinery;3285.99;11.00;946.16;0.00;0
572;supply_node;3254.68;11.00;936.36;0.00;0
572;dockyard;3260.55;11.00;958.66;0.00;0
572;coastal_bunker;3262.36;11.00;945.18;0.00;0
573;arms_factory;3208.53;11.00;908.34;0.00;0
573;industrial_complex;3213.59;11.00;890.42;0.00;0
573;air_base;3245.37;11.00;926.31;0.00;0
573;anti_air_building;3223.69;11.00;938.36;0.00;0
573;bunker;3223.66;11.00;925.69;0.00;0
573;fuel_silo;3249.51;11.00;912.77;0.00;0
573;radar_station;3213.54;11.00;938.10;0.00;0
573;nuclear_reactor_spawn;3233.50;11.00;895.51;0.00;0
573;rocket_site_spawn;3221.13;11.00;912.25;0.00;0
573;synthetic_refinery;3233.91;11.00;906.15;0.00;0
573;supply_node;3235.16;11.00;918.21;0.00;0
573;dockyard;3217.21;11.00;899.57;0.00;0
573;coastal_bunker;3220.94;11.00;884.14;0.00;0
574;arms_factory;3227.63;11.00;868.59;0.00;0
574;industrial_complex;3244.36;11.00;866.82;0.00;0
574;air_base;3252.48;11.00;852.98;0.00;0
574;anti_air_building;3230.80;11.00;875.34;0.00;0
574;bunker;3247.13;11.00;898.58;0.00;0
574;fuel_silo;3258.54;11.00;862.00;0.00;0
574;radar_station;3269.89;11.00;853.24;0.00;0
574;nuclear_reactor_spawn;3269.78;11.00;882.25;0.00;0
574;rocket_site_spawn;3255.32;11.00;874.09;0.00;0
574;synthetic_refinery;3231.31;11.00;886.25;0.00;0
574;supply_node;3256.34;11.00;885.87;0.00;0
574;dockyard;3261.56;11.00;905.33;0.00;0
574;coastal_bunker;3243.23;11.00;882.11;0.00;0
575;arms_factory;3541.28;11.00;761.99;0.00;0
575;industrial_complex;3527.72;11.00;757.83;0.00;0
575;air_base;3552.35;11.00;774.64;0.00;0
575;anti_air_building;3547.24;11.00;740.24;0.00;0
575;bunker;3539.12;11.00;771.66;0.00;0
575;fuel_silo;3537.51;11.00;730.67;0.00;0
575;radar_station;3527.88;11.00;735.59;0.00;0
575;nuclear_reactor_spawn;3526.03;11.00;745.42;0.00;0
575;rocket_site_spawn;3549.87;11.00;725.89;0.00;0
575;synthetic_refinery;3551.99;11.00;755.26;0.00;0
575;supply_node;3538.07;11.00;749.31;0.00;0
575;dockyard;3541.28;11.00;761.99;0.00;0
575;coastal_bunker;3527.72;11.00;757.83;0.00;0
576;arms_factory;3562.93;11.00;767.41;0.00;0
576;industrial_complex;3562.37;11.00;723.60;0.00;0
576;air_base;3585.79;11.00;769.79;0.00;0
576;anti_air_building;3560.44;11.00;737.91;0.00;0
576;bunker;3573.42;11.00;736.26;0.00;0
576;fuel_silo;3587.84;11.00;746.92;0.00;0
576;radar_station;3574.09;11.00;751.10;0.00;0
576;nuclear_reactor_spawn;3582.69;11.00;723.84;0.00;0
576;rocket_site_spawn;3572.19;11.00;774.51;0.00;0
576;synthetic_refinery;3577.64;11.00;761.41;0.00;0
576;supply_node;3592.47;11.00;758.44;0.00;0
576;dockyard;3588.29;11.00;734.72;0.00;0
576;coastal_bunker;3562.89;11.00;751.24;0.00;0
577;arms_factory;3856.83;11.00;420.29;0.00;0
577;industrial_complex;3862.31;11.00;427.79;0.00;0
577;air_base;3841.86;11.00;425.18;0.00;0
577;anti_air_building;3849.07;11.00;433.46;0.00;0
577;bunker;3862.40;11.00;437.25;0.00;0
577;fuel_silo;3855.63;11.00;443.97;0.00;0
577;radar_station;3836.90;11.00;440.21;0.00;0
577;nuclear_reactor_spawn;3843.31;11.00;449.62;0.00;0
577;rocket_site_spawn;3853.16;11.00;453.73;0.00;0
577;synthetic_refinery;3838.54;11.00;461.30;0.00;0
577;supply_node;3826.57;11.00;447.70;0.00;0
577;dockyard;3826.30;11.00;431.96;0.00;0
577;coastal_bunker;3832.01;11.00;420.77;0.00;0
28;naval_base_spawn;3108.50;11.00;995.50;0.00;11788
29;naval_base_spawn;2784.50;11.00;1975.50;0.00;11460
36;naval_base_spawn;2614.50;11.00;1978.50;0.00;11562
50;naval_base_spawn;2923.50;11.00;1941.50;0.00;11773
81;naval_base_spawn;2403.50;11.00;1453.50;0.00;11941
94;naval_base_spawn;2784.50;11.00;906.50;0.00;11599
95;naval_base_spawn;3006.50;11.00;1322.50;0.00;11970
113;naval_base_spawn;3006.50;11.00;923.50;0.00;11766
95;naval_base_spawn;2995.50;11.00;1328.50;0.00;11970
12;naval_base_spawn;2955.50;11.00;1921.50;0.00;11773
118;naval_base_spawn;2364.50;11.00;1302.50;0.00;11859
172;naval_base_spawn;3136.50;11.00;1078.50;0.00;11788
175;naval_base_spawn;3268.50;11.00;1392.50;0.00;11406
10;naval_base_spawn;2820.50;11.00;1378.50;0.00;11970
179;naval_base_spawn;2318.50;11.00;1382.50;0.00;11738
99;naval_base_spawn;2844.50;11.00;1329.50;0.00;11970
17;naval_base_spawn;3198.50;11.00;1678.50;0.00;11669
154;naval_base_spawn;3136.50;11.00;1175.50;0.00;11693
183;naval_base_spawn;2779.50;11.00;1570.50;0.00;11969
175;naval_base_spawn;3256.50;11.00;1378.50;0.00;11406
99;naval_base_spawn;2840.50;11.00;1357.50;0.00;11970
213;naval_base_spawn;3085.50;11.00;1129.50;0.00;11553
222;naval_base_spawn;2954.50;11.00;1348.50;0.00;11970
25;naval_base_spawn;2423.50;11.00;1470.50;0.00;11941
50;naval_base_spawn;2941.50;11.00;1934.50;0.00;11773
31;naval_base_spawn;2564.50;11.00;1437.50;0.00;11831
234;naval_base_spawn;3136.50;11.00;912.50;0.00;11505
175;naval_base_spawn;3266.50;11.00;1411.50;0.00;11406
36;naval_base_spawn;2606.50;11.00;1983.50;0.00;11562
194;naval_base_spawn;2775.50;11.00;1536.50;0.00;11969
175;naval_base_spawn;3260.50;11.00;1455.50;0.00;11406
99;naval_base_spawn;2841.50;11.00;1350.50;0.00;11970
237;naval_base_spawn;2415.50;11.00;1323.50;0.00;11859
175;naval_base_spawn;3256.50;11.00;1465.50;0.00;11406
138;naval_base_spawn;3179.50;11.00;1702.50;0.00;11669
94;naval_base_spawn;2796.50;11.00;911.50;0.00;11599
192;naval_base_spawn;3221.50;11.00;1267.50;0.00;11552
81;naval_base_spawn;2383.50;11.00;1439.50;0.00;11941
221;naval_base_spawn;2475.50;11.00;1048.50;0.00;11413
161;naval_base_spawn;2944.50;11.00;923.50;0.00;11597
239;naval_base_spawn;2358.50;11.00;1421.50;0.00;11941
172;naval_base_spawn;3125.50;11.00;1054.50;0.00;11788
175;naval_base_spawn;3265.50;11.00;1445.50;0.00;11406
55;naval_base_spawn;2803.50;11.00;1961.50;0.00;11460
179;naval_base_spawn;2290.50;11.00;1354.50;0.00;11738
88;naval_base_spawn;2793.50;11.00;1432.50;0.00;11969
213;naval_base_spawn;3101.50;11.00;1122.50;0.00;11553
206;naval_base_spawn;2560.50;11.00;2020.50;0.00;11562
150;naval_base_spawn;3106.50;11.00;948.50;0.00;11505
192;naval_base_spawn;3231.50;11.00;1284.50;0.00;11552
13;naval_base_spawn;3241.50;11.00;1560.50;0.00;11501
144;naval_base_spawn;3019.50;11.00;1319.50;0.00;11970
106;naval_base_spawn;3250.50;11.00;1507.50;0.00;11501
252;naval_base_spawn;2335.50;11.00;1112.50;0.00;11874
192;naval_base_spawn;3226.50;11.00;1277.50;0.00;11552
194;naval_base_spawn;2776.50;11.00;1480.50;0.00;11969
99;naval_base_spawn;2834.50;11.00;1363.50;0.00;11970
19;naval_base_spawn;3067.50;11.00;1874.50;0.00;11957
17;naval_base_spawn;3207.50;11.00;1664.50;0.00;11764
18;naval_base_spawn;2390.50;11.00;1137.50;0.00;11874
221;naval_base_spawn;2456.50;11.00;1043.50;0.00;11413
25;naval_base_spawn;2433.50;11.00;1473.50;0.00;11941
12;naval_base_spawn;2976.50;11.00;1909.50;0.00;11773
207;naval_base_spawn;3136.50;11.00;1792.50;0.00;11497
50;naval_base_spawn;2932.50;11.00;1937.50;0.00;11773
149;naval_base_spawn;3086.50;11.00;1851.50;0.00;11957
145;naval_base_spawn;2488.50;11.00;1513.50;0.00;11771
1;naval_base_spawn;3239.50;11.00;1338.50;0.00;11552
158;naval_base_spawn;2679.50;11.00;1984.50;0.00;11460
172;naval_base_spawn;3149.50;11.00;1082.50;0.00;11683
94;naval_base_spawn;2801.50;11.00;923.50;0.00;11599
10;naval_base_spawn;2788.50;11.00;1409.50;0.00;11969
252;naval_base_spawn;2347.50;11.00;1116.50;0.00;11874
224;naval_base_spawn;3218.50;11.00;1255.50;0.00;11552
175;naval_base_spawn;3269.50;11.00;1423.50;0.00;11406
88;naval_base_spawn;2781.50;11.00;1468.50;0.00;11969
88;naval_base_spawn;2786.50;11.00;1419.50;0.00;11969
252;naval_base_spawn;2319.50;11.00;1105.50;0.00;11874
127;naval_base_spawn;3065.50;11.00;1149.50;0.00;11790
138;naval_base_spawn;3188.50;11.00;1698.50;0.00;11669
10;naval_base_spawn;2795.50;11.00;1404.50;0.00;11969
149;naval_base_spawn;3107.50;11.00;1832.50;0.00;11957
183;naval_base_spawn;2772.50;11.00;1547.50;0.00;11969
13;naval_base_spawn;3254.50;11.00;1519.50;0.00;11501
10;naval_base_spawn;2813.50;11.00;1385.50;0.00;11969
179;naval_base_spawn;2308.50;11.00;1368.50;0.00;11738
127;naval_base_spawn;3103.50;11.00;1162.50;0.00;11693
252;naval_base_spawn;2363.50;11.00;1125.50;0.00;11874
207;naval_base_spawn;3119.50;11.00;1814.50;0.00;11497
207;naval_base_spawn;3142.50;11.00;1781.50;0.00;11497
154;naval_base_spawn;3148.50;11.00;1177.50;0.00;11693
237;naval_base_spawn;2386.50;11.00;1314.50;0.00;11972
55;naval_base_spawn;2813.50;11.00;1956.50;0.00;11773
45;naval_base_spawn;2842.50;11.00;924.50;0.00;11599
25;naval_base_spawn;2454.50;11.00;1481.50;0.00;11971
161;naval_base_spawn;2955.50;11.00;930.50;0.00;11597
252;naval_base_spawn;2325.50;11.00;1112.50;0.00;11874
239;naval_base_spawn;2334.50;11.00;1413.50;0.00;11859
194;naval_base_spawn;2770.50;11.00;1505.50;0.00;11969
18;naval_base_spawn;2398.50;11.00;1144.50;0.00;11874
1;naval_base_spawn;3238.50;11.00;1316.50;0.00;11552
99;naval_base_spawn;2845.50;11.00;1341.50;0.00;11970
81;naval_base_spawn;2367.50;11.00;1435.50;0.00;11941
81;naval_base_spawn;2392.50;11.00;1449.50;0.00;11941
150;naval_base_spawn;3115.50;11.00;945.50;0.00;11505
18;naval_base_spawn;2377.50;11.00;1133.50;0.00;11874
25;naval_base_spawn;2444.50;11.00;1477.50;0.00;11941
154;naval_base_spawn;3126.50;11.00;1167.50;0.00;11693
207;naval_base_spawn;3121.50;11.00;1804.50;0.00;11497
13;naval_base_spawn;3243.50;11.00;1606.50;0.00;11501
234;naval_base_spawn;3142.50;11.00;923.50;0.00;11505
10;naval_base_spawn;2832.50;11.00;1371.50;0.00;11970
241;naval_base_spawn;3184.50;11.00;1196.50;0.00;11776
239;naval_base_spawn;2331.50;11.00;1400.50;0.00;11859
12;naval_base_spawn;2964.50;11.00;1921.50;0.00;11773
175;naval_base_spawn;3273.50;11.00;1404.50;0.00;11406
192;naval_base_spawn;3238.50;11.00;1287.50;0.00;11552
95;naval_base_spawn;2981.50;11.00;1337.50;0.00;11970
12;naval_base_spawn;2985.50;11.00;1903.50;0.00;11773
17;naval_base_spawn;3235.50;11.00;1616.50;0.00;11501
149;naval_base_spawn;3111.50;11.00;1823.50;0.00;11497
55;naval_base_spawn;2824.50;11.00;1949.50;0.00;11773
25;naval_base_spawn;2426.50;11.00;1483.50;0.00;11971
207;naval_base_spawn;3149.50;11.00;1770.50;0.00;11497
221;naval_base_spawn;2466.50;11.00;1048.50;0.00;11413
206;naval_base_spawn;2583.50;11.00;1988.50;0.00;11562
171;naval_base_spawn;3109.50;11.00;1006.50;0.00;11788
139;naval_base_spawn;2296.50;11.00;1094.50;0.00;11874
139;naval_base_spawn;2286.50;11.00;1090.50;0.00;11874
99;naval_base_spawn;2851.50;11.00;1311.50;0.00;11970
13;naval_base_spawn;3242.50;11.00;1580.50;0.00;11501
25;naval_base_spawn;2437.50;11.00;1486.50;0.00;11971
10;naval_base_spawn;2807.50;11.00;1393.50;0.00;11969
234;naval_base_spawn;3136.50;11.00;928.50;0.00;11505
158;naval_base_spawn;2698.50;11.00;1985.50;0.00;11460
171;naval_base_spawn;3118.50;11.00;1033.50;0.00;11788
25;naval_base_spawn;2455.50;11.00;1492.50;0.00;11971
172;naval_base_spawn;3154.50;11.00;1087.50;0.00;11683
55;naval_base_spawn;2833.50;11.00;1943.50;0.00;11773
28;naval_base_spawn;3104.50;11.00;985.50;0.00;11788
236;naval_base_spawn;2763.50;11.00;898.50;0.00;11881
222;naval_base_spawn;2942.50;11.00;1351.50;0.00;11970
234;naval_base_spawn;3144.50;11.00;913.50;0.00;11505
213;naval_base_spawn;3113.50;11.00;1116.50;0.00;11553
28;naval_base_spawn;3107.50;11.00;965.50;0.00;11788
175;naval_base_spawn;3264.50;11.00;1383.50;0.00;11406
172;naval_base_spawn;3134.50;11.00;1106.50;0.00;11693
95;naval_base_spawn;2971.50;11.00;1342.50;0.00;11970
244;naval_base_spawn;2360.50;11.00;1892.50;0.00;11690
107;naval_base_spawn;2528.50;11.00;1375.50;0.00;11831
192;naval_base_spawn;3238.50;11.00;1305.50;0.00;11552
19;naval_base_spawn;3075.50;11.00;1862.50;0.00;11957
207;naval_base_spawn;3127.50;11.00;1797.50;0.00;11497
95;naval_base_spawn;2988.50;11.00;1332.50;0.00;11970
138;naval_base_spawn;3168.50;11.00;1739.50;0.00;11669
122;naval_base_spawn;2892.50;11.00;924.50;0.00;11820
171;naval_base_spawn;3110.50;11.00;1029.50;0.00;11788
206;naval_base_spawn;2580.50;11.00;2001.50;0.00;11562
241;naval_base_spawn;3204.50;11.00;1221.50;0.00;11776
8;naval_base_spawn;2586.50;11.00;1031.50;0.00;11521
135;naval_base_spawn;2270.50;11.00;1341.50;0.00;11738
145;naval_base_spawn;2500.50;11.00;1526.50;0.00;11771
138;naval_base_spawn;3161.50;11.00;1751.50;0.00;11497
234;naval_base_spawn;3126.50;11.00;943.50;0.00;11505
135;naval_base_spawn;2265.50;11.00;1332.50;0.00;11738
135;naval_base_spawn;2280.50;11.00;1344.50;0.00;11738
224;naval_base_spawn;3204.50;11.00;1233.50;0.00;11776
1;naval_base_spawn;3237.50;11.00;1349.50;0.00;11552
13;naval_base_spawn;3242.50;11.00;1538.50;0.00;11501
13;naval_base_spawn;3247.50;11.00;1529.50;0.00;11501
76;naval_base_spawn;2660.50;11.00;906.50;0.00;11528
29;naval_base_spawn;2793.50;11.00;1967.50;0.00;11460
160;naval_base_spawn;2519.50;11.00;1521.50;0.00;11771
13;naval_base_spawn;3243.50;11.00;1592.50;0.00;11501
127;naval_base_spawn;3074.50;11.00;1144.50;0.00;11790
206;naval_base_spawn;2572.50;11.00;2012.50;0.00;11562
135;naval_base_spawn;2247.50;11.00;1329.50;0.00;11738
145;naval_base_spawn;2474.50;11.00;1497.50;0.00;11771
161;naval_base_spawn;2915.50;11.00;926.50;0.00;11820
145;naval_base_spawn;2482.50;11.00;1503.50;0.00;11771
171;naval_base_spawn;3123.50;11.00;1043.50;0.00;11788
101;naval_base_spawn;3246.50;11.00;1376.50;0.00;11552
1;naval_base_spawn;3239.50;11.00;1326.50;0.00;11552
17;naval_base_spawn;3216.50;11.00;1661.50;0.00;11764
19;naval_base_spawn;3058.50;11.00;1879.50;0.00;11957
17;naval_base_spawn;3231.50;11.00;1632.50;0.00;11764
135;naval_base_spawn;2258.50;11.00;1328.50;0.00;11738
10;naval_base_spawn;2798.50;11.00;1396.50;0.00;11969
17;naval_base_spawn;3192.50;11.00;1687.50;0.00;11669
241;naval_base_spawn;3195.50;11.00;1197.50;0.00;11776
50;naval_base_spawn;2916.50;11.00;1947.50;0.00;11773
172;naval_base_spawn;3128.50;11.00;1067.50;0.00;11788
17;naval_base_spawn;3221.50;11.00;1652.50;0.00;11764
138;naval_base_spawn;3180.50;11.00;1713.50;0.00;11669
81;naval_base_spawn;2413.50;11.00;1462.50;0.00;11941
194;naval_base_spawn;2774.50;11.00;1523.50;0.00;11969
88;naval_base_spawn;2788.50;11.00;1445.50;0.00;11969
172;naval_base_spawn;3123.50;11.00;1109.50;0.00;11553
138;naval_base_spawn;3154.50;11.00;1760.50;0.00;11497
172;naval_base_spawn;3147.50;11.00;1094.50;0.00;11693
45;naval_base_spawn;2864.50;11.00;925.50;0.00;11820
236;naval_base_spawn;2775.50;11.00;903.50;0.00;11599
224;naval_base_spawn;3210.50;11.00;1245.50;0.00;11776
234;naval_base_spawn;3132.50;11.00;936.50;0.00;11505
36;naval_base_spawn;2596.50;11.00;1988.50;0.00;11562
139;naval_base_spawn;2309.50;11.00;1102.50;0.00;11874
135;naval_base_spawn;2228.50;11.00;1316.50;0.00;11806
127;naval_base_spawn;3063.50;11.00;1160.50;0.00;11790
239;naval_base_spawn;2343.50;11.00;1418.50;0.00;11859
158;naval_base_spawn;2687.50;11.00;1989.50;0.00;11460
17;naval_base_spawn;3205.50;11.00;1672.50;0.00;11669
154;naval_base_spawn;3114.50;11.00;1171.50;0.00;11693
241;naval_base_spawn;3181.50;11.00;1187.50;0.00;11776
29;naval_base_spawn;2775.50;11.00;1980.50;0.00;11460
138;naval_base_spawn;3176.50;11.00;1727.50;0.00;11669
106;naval_base_spawn;3255.50;11.00;1481.50;0.00;11406
12;naval_base_spawn;2946.50;11.00;1926.50;0.00;11773
17;naval_base_spawn;3229.50;11.00;1643.50;0.00;11764
127;naval_base_spawn;3077.50;11.00;1136.50;0.00;11553
241;naval_base_spawn;3203.50;11.00;1199.50;0.00;11776
175;naval_base_spawn;3266.50;11.00;1435.50;0.00;11406
145;naval_base_spawn;2468.50;11.00;1488.50;0.00;11771
19;naval_base_spawn;3051.50;11.00;1888.50;0.00;11957
237;naval_base_spawn;2394.50;11.00;1327.50;0.00;11972
241;naval_base_spawn;3207.50;11.00;1208.50;0.00;11776
241;naval_base_spawn;3160.50;11.00;1185.50;0.00;11693
88;naval_base_spawn;2784.50;11.00;1457.50;0.00;11969
13;naval_base_spawn;3239.50;11.00;1570.50;0.00;11501
106;naval_base_spawn;3256.50;11.00;1497.50;0.00;11501
135;naval_base_spawn;2244.50;11.00;1321.50;0.00;11738
118;naval_base_spawn;2376.50;11.00;1304.50;0.00;11859
237;naval_base_spawn;2405.50;11.00;1327.50;0.00;11859
251;naval_base_spawn;2995.50;11.00;1898.50;0.00;11773
194;naval_base_spawn;2774.50;11.00;1494.50;0.00;11969
95;naval_base_spawn;2963.50;11.00;1342.50;0.00;11970
1;naval_base_spawn;3242.50;11.00;1358.50;0.00;11552
192;naval_base_spawn;3239.50;11.00;1295.50;0.00;11552
28;naval_base_spawn;3107.50;11.00;978.50;0.00;11788
17;naval_base_spawn;3238.50;11.00;1627.50;0.00;11764
183;naval_base_spawn;2777.50;11.00;1558.50;0.00;11969
251;naval_base_spawn;3008.50;11.00;1894.50;0.00;11957
149;naval_base_spawn;3096.50;11.00;1842.50;0.00;11957
172;naval_base_spawn;3138.50;11.00;1098.50;0.00;11693
13;naval_base_spawn;3239.50;11.00;1548.50;0.00;11501
206;naval_base_spawn;2544.50;11.00;2019.50;0.00;11562
171;naval_base_spawn;3109.50;11.00;1018.50;0.00;11788
179;naval_base_spawn;2297.50;11.00;1364.50;0.00;11738
255;naval_base_spawn;3361.50;11.00;1790.50;0.00;11502
260;naval_base_spawn;3413.50;11.00;1725.50;0.00;11825
261;naval_base_spawn;3338.50;11.00;1836.50;0.00;11502
263;naval_base_spawn;3429.50;11.00;1671.50;0.00;11825
257;naval_base_spawn;3457.50;11.00;1576.50;0.00;11431
257;naval_base_spawn;3459.50;11.00;1624.50;0.00;11825
254;naval_base_spawn;3319.50;11.00;1458.50;0.00;11406
257;naval_base_spawn;3449.50;11.00;1633.50;0.00;11825
264;naval_base_spawn;3277.50;11.00;1876.50;0.00;11502
254;naval_base_spawn;3364.50;11.00;1499.50;0.00;11661
255;naval_base_spawn;3369.50;11.00;1771.50;0.00;11502
255;naval_base_spawn;3378.50;11.00;1733.50;0.00;11825
257;naval_base_spawn;3442.50;11.00;1632.50;0.00;11825
267;naval_base_spawn;3377.50;11.00;1542.50;0.00;11431
257;naval_base_spawn;3470.50;11.00;1610.50;0.00;11825
260;naval_base_spawn;3382.50;11.00;1721.50;0.00;11825
268;naval_base_spawn;3331.50;11.00;1706.50;0.00;11764
264;naval_base_spawn;3263.50;11.00;1887.50;0.00;11502
267;naval_base_spawn;3377.50;11.00;1516.50;0.00;11661
254;naval_base_spawn;3358.50;11.00;1471.50;0.00;11661
255;naval_base_spawn;3371.50;11.00;1758.50;0.00;11502
261;naval_base_spawn;3342.50;11.00;1828.50;0.00;11502
254;naval_base_spawn;3350.50;11.00;1463.50;0.00;11661
254;naval_base_spawn;3309.50;11.00;1441.50;0.00;11406
263;naval_base_spawn;3423.50;11.00;1648.50;0.00;11825
254;naval_base_spawn;3370.50;11.00;1489.50;0.00;11661
260;naval_base_spawn;3421.50;11.00;1722.50;0.00;11825
257;naval_base_spawn;3408.50;11.00;1604.50;0.00;11431
260;naval_base_spawn;3434.50;11.00;1702.50;0.00;11825
267;naval_base_spawn;3385.50;11.00;1552.50;0.00;11431
254;naval_base_spawn;3366.50;11.00;1478.50;0.00;11661
263;naval_base_spawn;3426.50;11.00;1659.50;0.00;11825
267;naval_base_spawn;3375.50;11.00;1530.50;0.00;11431
264;naval_base_spawn;3308.50;11.00;1853.50;0.00;11502
260;naval_base_spawn;3427.50;11.00;1713.50;0.00;11825
268;naval_base_spawn;3324.50;11.00;1713.50;0.00;11764
257;naval_base_spawn;3469.50;11.00;1595.50;0.00;11431
257;naval_base_spawn;3418.50;11.00;1610.50;0.00;11431
268;naval_base_spawn;3314.50;11.00;1715.50;0.00;11764
253;naval_base_spawn;3341.50;11.00;1694.50;0.00;11764
261;naval_base_spawn;3344.50;11.00;1821.50;0.00;11502
267;naval_base_spawn;3389.50;11.00;1570.50;0.00;11431
264;naval_base_spawn;3272.50;11.00;1884.50;0.00;11502
264;naval_base_spawn;3298.50;11.00;1861.50;0.00;11502
267;naval_base_spawn;3370.50;11.00;1506.50;0.00;11661
261;naval_base_spawn;3352.50;11.00;1813.50;0.00;11502
257;naval_base_spawn;3469.50;11.00;1581.50;0.00;11431
267;naval_base_spawn;3399.50;11.00;1580.50;0.00;11431
260;naval_base_spawn;3390.50;11.00;1708.50;0.00;11825
263;naval_base_spawn;3429.50;11.00;1636.50;0.00;11825
261;naval_base_spawn;3328.50;11.00;1839.50;0.00;11502
261;naval_base_spawn;3320.50;11.00;1848.50;0.00;11502
262;naval_base_spawn;3235.50;11.00;1885.50;0.00;11502
257;naval_base_spawn;3407.50;11.00;1593.50;0.00;11431
260;naval_base_spawn;3438.50;11.00;1685.50;0.00;11825
261;naval_base_spawn;3353.50;11.00;1801.50;0.00;11502
264;naval_base_spawn;3279.50;11.00;1866.50;0.00;11502
262;naval_base_spawn;3224.50;11.00;1886.50;0.00;11497
254;naval_base_spawn;3293.50;11.00;1437.50;0.00;11406
255;naval_base_spawn;3376.50;11.00;1747.50;0.00;11825
270;naval_base_spawn;2090.50;11.00;1712.50;0.00;11569
270;naval_base_spawn;2082.50;11.00;1676.50;0.00;11569
270;naval_base_spawn;2072.50;11.00;1669.50;0.00;11569
270;naval_base_spawn;2086.50;11.00;1688.50;0.00;11569
269;naval_base_spawn;2090.50;11.00;1761.50;0.00;11780
270;naval_base_spawn;2087.50;11.00;1700.50;0.00;11569
269;naval_base_spawn;2099.50;11.00;1723.50;0.00;11569
269;naval_base_spawn;2101.50;11.00;1753.50;0.00;11923
269;naval_base_spawn;2103.50;11.00;1737.50;0.00;11569
271;naval_base_spawn;2120.50;11.00;1659.50;0.00;11569
271;naval_base_spawn;2134.50;11.00;1654.50;0.00;11569
271;naval_base_spawn;2139.50;11.00;1637.50;0.00;11569
271;naval_base_spawn;2117.50;11.00;1612.50;0.00;11965
271;naval_base_spawn;2132.50;11.00;1621.50;0.00;11965
273;naval_base_spawn;2093.50;11.00;1376.50;0.00;11878
274;naval_base_spawn;2131.50;11.00;1267.50;0.00;11806
274;naval_base_spawn;2113.50;11.00;1317.50;0.00;11878
275;naval_base_spawn;2091.50;11.00;1401.50;0.00;11878
273;naval_base_spawn;2109.50;11.00;1333.50;0.00;11878
274;naval_base_spawn;2131.50;11.00;1281.50;0.00;11806
273;naval_base_spawn;2103.50;11.00;1357.50;0.00;11878
273;naval_base_spawn;2102.50;11.00;1368.50;0.00;11878
275;naval_base_spawn;2071.50;11.00;1412.50;0.00;11878
274;naval_base_spawn;2115.50;11.00;1303.50;0.00;11878
273;naval_base_spawn;2106.50;11.00;1346.50;0.00;11878
275;naval_base_spawn;2082.50;11.00;1410.50;0.00;11878
274;naval_base_spawn;2113.50;11.00;1263.50;0.00;11670
275;naval_base_spawn;2092.50;11.00;1388.50;0.00;11878
274;naval_base_spawn;2130.50;11.00;1293.50;0.00;11806
276;naval_base_spawn;3398.50;11.00;1388.50;0.00;11661
276;naval_base_spawn;3399.50;11.00;1378.50;0.00;11661
276;naval_base_spawn;3403.50;11.00;1367.50;0.00;11661
276;naval_base_spawn;3400.50;11.00;1355.50;0.00;11783
276;naval_base_spawn;3384.50;11.00;1331.50;0.00;11783
276;naval_base_spawn;3400.50;11.00;1338.50;0.00;11783
276;naval_base_spawn;3390.50;11.00;1393.50;0.00;11661
277;naval_base_spawn;3262.50;11.00;1256.50;0.00;11552
277;naval_base_spawn;3274.50;11.00;1253.50;0.00;11552
277;naval_base_spawn;3280.50;11.00;1240.50;0.00;11552
277;naval_base_spawn;3281.50;11.00;1218.50;0.00;11552
277;naval_base_spawn;3261.50;11.00;1193.50;0.00;11776
277;naval_base_spawn;3274.50;11.00;1198.50;0.00;11776
278;naval_base_spawn;2594.50;11.00;951.50;0.00;11678
279;naval_base_spawn;2601.50;11.00;970.50;0.00;11678
278;naval_base_spawn;2599.50;11.00;959.50;0.00;11678
278;naval_base_spawn;2569.50;11.00;936.50;0.00;11678
279;naval_base_spawn;2606.50;11.00;982.50;0.00;11678
279;naval_base_spawn;2611.50;11.00;995.50;0.00;11521
279;naval_base_spawn;2590.50;11.00;1013.50;0.00;11521
279;naval_base_spawn;2606.50;11.00;1009.50;0.00;11521
278;naval_base_spawn;2585.50;11.00;947.50;0.00;11678
282;naval_base_spawn;2488.50;11.00;929.50;0.00;11812
282;naval_base_spawn;2498.50;11.00;946.50;0.00;11812
280;naval_base_spawn;2446.50;11.00;914.50;0.00;11448
282;naval_base_spawn;2484.50;11.00;917.50;0.00;11812
281;naval_base_spawn;2490.50;11.00;990.50;0.00;11413
281;naval_base_spawn;2498.50;11.00;981.50;0.00;11812
282;naval_base_spawn;2499.50;11.00;957.50;0.00;11812
282;naval_base_spawn;2488.50;11.00;940.50;0.00;11812
282;naval_base_spawn;2470.50;11.00;910.50;0.00;11448
281;naval_base_spawn;2480.50;11.00;994.50;0.00;11413
281;naval_base_spawn;2467.50;11.00;996.50;0.00;11413
281;naval_base_spawn;2500.50;11.00;969.50;0.00;11812
317;naval_base_spawn;3352.50;11.00;695.50;0.00;11870
319;naval_base_spawn;3822.50;11.00;493.50;0.00;11754
321;naval_base_spawn;2996.50;11.00;353.50;0.00;11980
324;naval_base_spawn;3369.50;11.00;626.50;0.00;11487
330;naval_base_spawn;2241.50;11.00;858.50;0.00;11973
354;naval_base_spawn;2331.50;11.00;944.50;0.00;11909
363;naval_base_spawn;2447.50;11.00;871.50;0.00;11448
390;naval_base_spawn;3723.50;11.00;277.50;0.00;11951
391;naval_base_spawn;3164.50;11.00;474.50;0.00;11699
393;naval_base_spawn;2659.50;11.00;842.50;0.00;11528
398;naval_base_spawn;2751.50;11.00;463.50;0.00;11914
400;naval_base_spawn;2357.50;11.00;921.50;0.00;11909
577;naval_base_spawn;3862.50;11.00;427.50;0.00;11754
412;naval_base_spawn;3712.50;11.00;138.50;0.00;11692
416;naval_base_spawn;3575.50;11.00;663.50;0.00;11405
419;naval_base_spawn;3756.50;11.00;339.50;0.00;11490
349;naval_base_spawn;3787.50;11.00;378.50;0.00;11951
390;naval_base_spawn;3726.50;11.00;287.50;0.00;11951
285;naval_base_spawn;2685.50;11.00;835.50;0.00;11528
466;naval_base_spawn;3568.50;11.00;94.50;0.00;11692
447;naval_base_spawn;2629.50;11.00;299.50;0.00;11899
283;naval_base_spawn;3626.50;11.00;192.50;0.00;11822
317;naval_base_spawn;3355.50;11.00;683.50;0.00;11870
289;naval_base_spawn;2851.50;11.00;856.50;0.00;11820
419;naval_base_spawn;3729.50;11.00;372.50;0.00;11490
475;naval_base_spawn;3043.50;11.00;408.50;0.00;11871
367;naval_base_spawn;3290.50;11.00;765.50;0.00;11870
419;naval_base_spawn;3751.50;11.00;343.50;0.00;11490
352;naval_base_spawn;3481.50;11.00;58.50;0.00;11804
354;naval_base_spawn;2308.50;11.00;954.50;0.00;11710
577;naval_base_spawn;3853.50;11.00;453.50;0.00;11754
412;naval_base_spawn;3743.50;11.00;179.50;0.00;11959
412;naval_base_spawn;3732.50;11.00;192.50;0.00;11822
405;naval_base_spawn;3210.50;11.00;862.50;0.00;11828
486;naval_base_spawn;3623.50;11.00;306.50;0.00;11879
521;naval_base_spawn;2261.50;11.00;783.50;0.00;11973
317;naval_base_spawn;3369.50;11.00;647.50;0.00;11870
485;naval_base_spawn;2542.50;11.00;298.50;0.00;11535
335;naval_base_spawn;3234.50;11.00;509.50;0.00;11920
508;naval_base_spawn;2815.50;11.00;679.50;0.00;11975
537;naval_base_spawn;3724.50;11.00;615.50;0.00;11443
539;naval_base_spawn;3042.50;11.00;308.50;0.00;11645
540;naval_base_spawn;3481.50;11.00;719.50;0.00;11405
537;naval_base_spawn;3691.50;11.00;610.50;0.00;11443
577;naval_base_spawn;3862.50;11.00;436.50;0.00;11754
405;naval_base_spawn;3207.50;11.00;842.50;0.00;11974
311;naval_base_spawn;3576.50;11.00;306.50;0.00;11546
500;naval_base_spawn;3222.50;11.00;797.50;0.00;11828
299;naval_base_spawn;3687.50;11.00;637.50;0.00;11443
342;naval_base_spawn;2208.50;11.00;953.50;0.00;11710
367;naval_base_spawn;3325.50;11.00;740.50;0.00;11870
352;naval_base_spawn;3497.50;11.00;66.50;0.00;11804
346;naval_base_spawn;3268.50;11.00;521.50;0.00;11811
558;naval_base_spawn;2835.50;11.00;785.50;0.00;11723
466;naval_base_spawn;3554.50;11.00;82.50;0.00;11692
419;naval_base_spawn;3745.50;11.00;366.50;0.00;11490
396;naval_base_spawn;2829.50;11.00;744.50;0.00;11723
324;naval_base_spawn;3363.50;11.00;579.50;0.00;11487
342;naval_base_spawn;2196.50;11.00;961.50;0.00;11710
299;naval_base_spawn;3683.50;11.00;623.50;0.00;11443
561;naval_base_spawn;3303.50;11.00;534.50;0.00;11811
395;naval_base_spawn;2290.50;11.00;605.50;0.00;11976
453;naval_base_spawn;3642.50;11.00;579.50;0.00;11443
521;naval_base_spawn;2282.50;11.00;772.50;0.00;11973
374;naval_base_spawn;3782.50;11.00;535.50;0.00;11796
385;naval_base_spawn;2832.50;11.00;700.50;0.00;11895
563;naval_base_spawn;3078.50;11.00;477.50;0.00;11871
330;naval_base_spawn;2248.50;11.00;803.50;0.00;11973
374;naval_base_spawn;3784.50;11.00;528.50;0.00;11796
393;naval_base_spawn;2638.50;11.00;846.50;0.00;11528
347;naval_base_spawn;3700.50;11.00;122.50;0.00;11692
480;naval_base_spawn;3663.50;11.00;358.50;0.00;11879
347;naval_base_spawn;3685.50;11.00;118.50;0.00;11692
492;naval_base_spawn;2243.50;11.00;938.50;0.00;11710
500;naval_base_spawn;3233.50;11.00;793.50;0.00;11828
305;naval_base_spawn;2945.50;11.00;871.50;0.00;11597
317;naval_base_spawn;3370.50;11.00;657.50;0.00;11870
405;naval_base_spawn;3181.50;11.00;881.50;0.00;11505
450;naval_base_spawn;3607.50;11.00;319.50;0.00;11879
396;naval_base_spawn;2832.50;11.00;724.50;0.00;11723
330;naval_base_spawn;2233.50;11.00;831.50;0.00;11973
462;naval_base_spawn;3061.50;11.00;311.50;0.00;11645
413;naval_base_spawn;2865.50;11.00;831.50;0.00;11820
410;naval_base_spawn;2515.50;11.00;852.50;0.00;11852
490;naval_base_spawn;3512.50;11.00;567.50;0.00;11977
549;naval_base_spawn;2767.50;11.00;415.50;0.00;11914
367;naval_base_spawn;3276.50;11.00;772.50;0.00;11870
517;naval_base_spawn;3528.50;11.00;547.50;0.00;11977
437;naval_base_spawn;3026.50;11.00;432.50;0.00;11871
493;naval_base_spawn;3429.50;11.00;51.50;0.00;11804
434;naval_base_spawn;3619.50;11.00;111.50;0.00;11692
454;naval_base_spawn;3641.50;11.00;659.50;0.00;11443
539;naval_base_spawn;3001.50;11.00;329.50;0.00;11980
506;naval_base_spawn;2931.50;11.00;476.50;0.00;11979
466;naval_base_spawn;3559.50;11.00;89.50;0.00;11692
335;naval_base_spawn;3222.50;11.00;510.50;0.00;11810
447;naval_base_spawn;2613.50;11.00;296.50;0.00;11899
294;naval_base_spawn;2278.50;11.00;319.50;0.00;11531
453;naval_base_spawn;3682.50;11.00;602.50;0.00;11443
410;naval_base_spawn;2506.50;11.00;853.50;0.00;11852
483;naval_base_spawn;3718.50;11.00;257.50;0.00;11951
374;naval_base_spawn;3765.50;11.00;543.50;0.00;11796
367;naval_base_spawn;3332.50;11.00;733.50;0.00;11870
561;naval_base_spawn;3338.50;11.00;548.50;0.00;11487
508;naval_base_spawn;2793.50;11.00;652.50;0.00;11975
319;naval_base_spawn;3802.50;11.00;512.50;0.00;11796
563;naval_base_spawn;3103.50;11.00;484.50;0.00;11871
545;naval_base_spawn;2392.50;11.00;876.50;0.00;11448
419;naval_base_spawn;3748.50;11.00;358.50;0.00;11490
426;naval_base_spawn;3507.50;11.00;701.50;0.00;11405
542;naval_base_spawn;3762.50;11.00;555.50;0.00;11796
545;naval_base_spawn;2435.50;11.00;878.50;0.00;11448
324;naval_base_spawn;3371.50;11.00;637.50;0.00;11870
558;naval_base_spawn;2837.50;11.00;795.50;0.00;11723
561;naval_base_spawn;3340.50;11.00;558.50;0.00;11487
330;naval_base_spawn;2244.50;11.00;819.50;0.00;11973
393;naval_base_spawn;2649.50;11.00;845.50;0.00;11528
393;naval_base_spawn;2670.50;11.00;838.50;0.00;11528
553;naval_base_spawn;2669.50;11.00;311.50;0.00;11899
311;naval_base_spawn;3584.50;11.00;313.50;0.00;11546
390;naval_base_spawn;3739.50;11.00;303.50;0.00;11951
391;naval_base_spawn;3191.50;11.00;455.50;0.00;11699
466;naval_base_spawn;3591.50;11.00;105.50;0.00;11692
483;naval_base_spawn;3678.50;11.00;215.50;0.00;11822
490;naval_base_spawn;3520.50;11.00;556.50;0.00;11977
549;naval_base_spawn;2759.50;11.00;425.50;0.00;11914
364;naval_base_spawn;3434.50;11.00;700.50;0.00;11600
405;naval_base_spawn;3188.50;11.00;874.50;0.00;11505
317;naval_base_spawn;3342.50;11.00;716.50;0.00;11870
537;naval_base_spawn;3745.50;11.00;600.50;0.00;11443
508;naval_base_spawn;2804.50;11.00;665.50;0.00;11975
569;naval_base_spawn;2974.50;11.00;344.50;0.00;11980
561;naval_base_spawn;3297.50;11.00;530.50;0.00;11811
500;naval_base_spawn;3258.50;11.00;783.50;0.00;11828
400;naval_base_spawn;2371.50;11.00;902.50;0.00;11909
299;naval_base_spawn;3675.50;11.00;648.50;0.00;11443
438;naval_base_spawn;2768.50;11.00;393.50;0.00;11914
435;naval_base_spawn;2935.50;11.00;463.50;0.00;11979
354;naval_base_spawn;2291.50;11.00;957.50;0.00;11710
480;naval_base_spawn;3669.50;11.00;364.50;0.00;11879
399;naval_base_spawn;3151.50;11.00;499.50;0.00;11699
413;naval_base_spawn;2851.50;11.00;843.50;0.00;11820
374;naval_base_spawn;3773.50;11.00;535.50;0.00;11796
437;naval_base_spawn;3002.50;11.00;455.50;0.00;11871
447;naval_base_spawn;2646.50;11.00;304.50;0.00;11899
346;naval_base_spawn;3246.50;11.00;514.50;0.00;11920
528;naval_base_spawn;3443.50;11.00;513.50;0.00;11487
299;naval_base_spawn;3686.50;11.00;630.50;0.00;11443
367;naval_base_spawn;3321.50;11.00;747.50;0.00;11870
283;naval_base_spawn;3665.50;11.00;211.50;0.00;11822
448;naval_base_spawn;3584.50;11.00;217.50;0.00;11822
447;naval_base_spawn;2658.50;11.00;306.50;0.00;11899
466;naval_base_spawn;3580.50;11.00;100.50;0.00;11692
385;naval_base_spawn;2830.50;11.00;688.50;0.00;11895
462;naval_base_spawn;3068.50;11.00;317.50;0.00;11645
485;naval_base_spawn;2594.50;11.00;295.50;0.00;11899
528;naval_base_spawn;3456.50;11.00;509.50;0.00;11487
425;naval_base_spawn;2498.50;11.00;314.50;0.00;11535
421;naval_base_spawn;3724.50;11.00;400.50;0.00;11490
537;naval_base_spawn;3732.50;11.00;606.50;0.00;11443
435;naval_base_spawn;2953.50;11.00;460.50;0.00;11979
563;naval_base_spawn;3116.50;11.00;486.50;0.00;11871
405;naval_base_spawn;3168.50;11.00;886.50;0.00;11505
319;naval_base_spawn;3814.50;11.00;507.50;0.00;11796
412;naval_base_spawn;3723.50;11.00;156.50;0.00;11959
421;naval_base_spawn;3693.50;11.00;376.50;0.00;11490
346;naval_base_spawn;3257.50;11.00;517.50;0.00;11811
558;naval_base_spawn;2831.50;11.00;770.50;0.00;11723
289;naval_base_spawn;2841.50;11.00;877.50;0.00;11599
438;naval_base_spawn;2755.50;11.00;345.50;0.00;11914
391;naval_base_spawn;3184.50;11.00;459.50;0.00;11699
553;naval_base_spawn;2705.50;11.00;318.50;0.00;11899
521;naval_base_spawn;2287.50;11.00;763.50;0.00;11973
297;naval_base_spawn;3742.50;11.00;412.50;0.00;11490
513;naval_base_spawn;2547.50;11.00;837.50;0.00;11852
395;naval_base_spawn;2295.50;11.00;616.50;0.00;11976
324;naval_base_spawn;3355.50;11.00;572.50;0.00;11487
553;naval_base_spawn;2678.50;11.00;309.50;0.00;11899
426;naval_base_spawn;3501.50;11.00;708.50;0.00;11405
405;naval_base_spawn;3214.50;11.00;853.50;0.00;11828
412;naval_base_spawn;3754.50;11.00;172.50;0.00;11959
541;naval_base_spawn;3842.50;11.00;393.50;0.00;11951
493;naval_base_spawn;3401.50;11.00;42.50;0.00;11804
289;naval_base_spawn;2852.50;11.00;873.50;0.00;11599
283;naval_base_spawn;3639.50;11.00;190.50;0.00;11822
352;naval_base_spawn;3488.50;11.00;64.50;0.00;11804
299;naval_base_spawn;3654.50;11.00;659.50;0.00;11443
354;naval_base_spawn;2299.50;11.00;955.50;0.00;11710
413;naval_base_spawn;2852.50;11.00;823.50;0.00;11820
390;naval_base_spawn;3734.50;11.00;294.50;0.00;11951
546;naval_base_spawn;3575.50;11.00;226.50;0.00;11822
497;naval_base_spawn;3267.50;11.00;503.50;0.00;11811
450;naval_base_spawn;3638.50;11.00;341.50;0.00;11879
549;naval_base_spawn;2785.50;11.00;417.50;0.00;11914
513;naval_base_spawn;2568.50;11.00;829.50;0.00;11852
346;naval_base_spawn;3290.50;11.00;525.50;0.00;11811
395;naval_base_spawn;2299.50;11.00;594.50;0.00;11976
577;naval_base_spawn;3849.50;11.00;413.50;0.00;11754
421;naval_base_spawn;3721.50;11.00;392.50;0.00;11490
437;naval_base_spawn;3017.50;11.00;446.50;0.00;11871
350;naval_base_spawn;3535.50;11.00;71.50;0.00;11804
412;naval_base_spawn;3724.50;11.00;201.50;0.00;11822
311;naval_base_spawn;3565.50;11.00;266.50;0.00;11546
410;naval_base_spawn;2535.50;11.00;839.50;0.00;11852
354;naval_base_spawn;2338.50;11.00;937.50;0.00;11909
577;naval_base_spawn;3857.50;11.00;419.50;0.00;11754
419;naval_base_spawn;3738.50;11.00;368.50;0.00;11490
521;naval_base_spawn;2273.50;11.00;778.50;0.00;11973
298;naval_base_spawn;3224.50;11.00;832.50;0.00;11828
438;naval_base_spawn;2764.50;11.00;385.50;0.00;11914
514;naval_base_spawn;2992.50;11.00;473.50;0.00;11871
483;naval_base_spawn;3710.50;11.00;233.50;0.00;11822
298;naval_base_spawn;3209.50;11.00;821.50;0.00;11974
311;naval_base_spawn;3557.50;11.00;281.50;0.00;11546
561;naval_base_spawn;3328.50;11.00;539.50;0.00;11487
483;naval_base_spawn;3716.50;11.00;245.50;0.00;11951
553;naval_base_spawn;2692.50;11.00;315.50;0.00;11899
319;naval_base_spawn;3830.50;11.00;488.50;0.00;11754
538;naval_base_spawn;2863.50;11.00;363.50;0.00;11914
480;naval_base_spawn;3653.50;11.00;354.50;0.00;11879
410;naval_base_spawn;2496.50;11.00;857.50;0.00;11852
528;naval_base_spawn;3396.50;11.00;519.50;0.00;11487
561;naval_base_spawn;3350.50;11.00;561.50;0.00;11487
363;naval_base_spawn;2455.50;11.00;866.50;0.00;11448
528;naval_base_spawn;3431.50;11.00;511.50;0.00;11487
528;naval_base_spawn;3407.50;11.00;518.50;0.00;11487
483;naval_base_spawn;3701.50;11.00;222.50;0.00;11822
311;naval_base_spawn;3566.50;11.00;289.50;0.00;11546
391;naval_base_spawn;3151.50;11.00;479.50;0.00;11699
297;naval_base_spawn;3746.50;11.00;425.50;0.00;11490
398;naval_base_spawn;2744.50;11.00;447.50;0.00;11914
437;naval_base_spawn;2990.50;11.00;454.50;0.00;11871
352;naval_base_spawn;3454.50;11.00;54.50;0.00;11804
421;naval_base_spawn;3701.50;11.00;385.50;0.00;11490
354;naval_base_spawn;2347.50;11.00;932.50;0.00;11909
342;naval_base_spawn;2219.50;11.00;956.50;0.00;11710
312;naval_base_spawn;2299.50;11.00;761.50;0.00;11973
569;naval_base_spawn;2981.50;11.00;353.50;0.00;11980
421;naval_base_spawn;3678.50;11.00;367.50;0.00;11490
438;naval_base_spawn;2742.50;11.00;334.50;0.00;11770
453;naval_base_spawn;3656.50;11.00;589.50;0.00;11443
299;naval_base_spawn;3663.50;11.00;651.50;0.00;11443
558;naval_base_spawn;2851.50;11.00;812.50;0.00;11820
299;naval_base_spawn;3683.50;11.00;643.50;0.00;11443
367;naval_base_spawn;3334.50;11.00;722.50;0.00;11870
350;naval_base_spawn;3522.50;11.00;69.50;0.00;11804
497;naval_base_spawn;3278.50;11.00;503.50;0.00;11978
437;naval_base_spawn;3026.50;11.00;415.50;0.00;11871
542;naval_base_spawn;3755.50;11.00;585.50;0.00;11443
561;naval_base_spawn;3315.50;11.00;535.50;0.00;11811
399;naval_base_spawn;3138.50;11.00;495.50;0.00;11699
521;naval_base_spawn;2244.50;11.00;792.50;0.00;11973
319;naval_base_spawn;3796.50;11.00;523.50;0.00;11796
396;naval_base_spawn;2832.50;11.00;759.50;0.00;11723
385;naval_base_spawn;2836.50;11.00;666.50;0.00;11895
473;naval_base_spawn;3362.50;11.00;39.50;0.00;11804
546;naval_base_spawn;3567.50;11.00;254.50;0.00;11546
563;naval_base_spawn;3100.50;11.00;468.50;0.00;11871
412;naval_base_spawn;3736.50;11.00;165.50;0.00;11959
483;naval_base_spawn;3688.50;11.00;220.50;0.00;11822
517;naval_base_spawn;3539.50;11.00;529.50;0.00;11977
415;naval_base_spawn;3571.50;11.00;571.50;0.00;11977
349;naval_base_spawn;3829.50;11.00;381.50;0.00;11951
546;naval_base_spawn;3566.50;11.00;234.50;0.00;11822
492;naval_base_spawn;2231.50;11.00;949.50;0.00;11710
289;naval_base_spawn;2832.50;11.00;880.50;0.00;11599
444;naval_base_spawn;3202.50;11.00;455.50;0.00;11699
528;naval_base_spawn;3419.50;11.00;515.50;0.00;11487
399;naval_base_spawn;3127.50;11.00;489.50;0.00;11871
283;naval_base_spawn;3616.50;11.00;203.50;0.00;11822
321;naval_base_spawn;3031.50;11.00;402.50;0.00;11871
419;naval_base_spawn;3747.50;11.00;350.50;0.00;11490
405;naval_base_spawn;3220.50;11.00;844.50;0.00;11828
363;naval_base_spawn;2485.50;11.00;861.50;0.00;11852
569;naval_base_spawn;2973.50;11.00;330.50;0.00;11980
349;naval_base_spawn;3808.50;11.00;366.50;0.00;11951
550;naval_base_spawn;2934.50;11.00;493.50;0.00;11979
530;naval_base_spawn;3525.50;11.00;674.50;0.00;11405
553;naval_base_spawn;2712.50;11.00;327.50;0.00;11899
500;naval_base_spawn;3243.50;11.00;792.50;0.00;11828
453;naval_base_spawn;3658.50;11.00;611.50;0.00;11443
466;naval_base_spawn;3546.50;11.00;76.50;0.00;11804
546;naval_base_spawn;3560.50;11.00;243.50;0.00;11822
335;naval_base_spawn;3208.50;11.00;497.50;0.00;11810
549;naval_base_spawn;2772.50;11.00;408.50;0.00;11914
391;naval_base_spawn;3177.50;11.00;464.50;0.00;11699
346;naval_base_spawn;3279.50;11.00;520.50;0.00;11811
311;naval_base_spawn;3558.50;11.00;271.50;0.00;11546
305;naval_base_spawn;2933.50;11.00;870.50;0.00;11597
542;naval_base_spawn;3760.50;11.00;576.50;0.00;11796
539;naval_base_spawn;3051.50;11.00;309.50;0.00;11645
406;naval_base_spawn;3841.50;11.00;476.50;0.00;11754
438;naval_base_spawn;2759.50;11.00;359.50;0.00;11914
363;naval_base_spawn;2464.50;11.00;865.50;0.00;11448
412;naval_base_spawn;3711.50;11.00;125.50;0.00;11692
462;naval_base_spawn;3078.50;11.00;319.50;0.00;11645
540;naval_base_spawn;3492.50;11.00;714.50;0.00;11405
542;naval_base_spawn;3747.50;11.00;590.50;0.00;11443
416;naval_base_spawn;3558.50;11.00;671.50;0.00;11405
545;naval_base_spawn;2381.50;11.00;880.50;0.00;11448
341;naval_base_spawn;2979.50;11.00;862.50;0.00;11597
283;naval_base_spawn;3649.50;11.00;184.50;0.00;11822
448;naval_base_spawn;3607.50;11.00;211.50;0.00;11822
385;naval_base_spawn;2847.50;11.00;661.50;0.00;11895
298;naval_base_spawn;3209.50;11.00;807.50;0.00;11828
426;naval_base_spawn;3512.50;11.00;693.50;0.00;11405
398;naval_base_spawn;2748.50;11.00;431.50;0.00;11914
421;naval_base_spawn;3713.50;11.00;386.50;0.00;11490
347;naval_base_spawn;3655.50;11.00;114.50;0.00;11692
317;naval_base_spawn;3364.50;11.00;673.50;0.00;11870
549;naval_base_spawn;2770.50;11.00;400.50;0.00;11914
335;naval_base_spawn;3215.50;11.00;503.50;0.00;11810
448;naval_base_spawn;3595.50;11.00;215.50;0.00;11822
400;naval_base_spawn;2364.50;11.00;913.50;0.00;11909
415;naval_base_spawn;3559.50;11.00;567.50;0.00;11977
421;naval_base_spawn;3705.50;11.00;370.50;0.00;11490
367;naval_base_spawn;3301.50;11.00;761.50;0.00;11870
385;naval_base_spawn;2834.50;11.00;677.50;0.00;11895
324;naval_base_spawn;3367.50;11.00;590.50;0.00;11487
400;naval_base_spawn;2377.50;11.00;892.50;0.00;11448
421;naval_base_spawn;3690.50;11.00;362.50;0.00;11490
410;naval_base_spawn;2524.50;11.00;840.50;0.00;11852
390;naval_base_spawn;3719.50;11.00;267.50;0.00;11951
347;naval_base_spawn;3637.50;11.00;112.50;0.00;11692
390;naval_base_spawn;3747.50;11.00;308.50;0.00;11951
311;naval_base_spawn;3583.50;11.00;290.50;0.00;11546
497;naval_base_spawn;3259.50;11.00;494.50;0.00;11978
405;naval_base_spawn;3154.50;11.00;886.50;0.00;11505
426;naval_base_spawn;3516.50;11.00;683.50;0.00;11405
324;naval_base_spawn;3368.50;11.00;605.50;0.00;11487
405;naval_base_spawn;3206.50;11.00;872.50;0.00;11505
317;naval_base_spawn;3349.50;11.00;708.50;0.00;11870
298;naval_base_spawn;3222.50;11.00;818.50;0.00;11974
330;naval_base_spawn;2237.50;11.00;841.50;0.00;11973
396;naval_base_spawn;2833.50;11.00;712.50;0.00;11723
349;naval_base_spawn;3818.50;11.00;370.50;0.00;11951
354;naval_base_spawn;2321.50;11.00;947.50;0.00;11710
297;naval_base_spawn;3734.50;11.00;403.50;0.00;11490
363;naval_base_spawn;2475.50;11.00;865.50;0.00;11448
305;naval_base_spawn;2959.50;11.00;866.50;0.00;11597
569;naval_base_spawn;2986.50;11.00;327.50;0.00;11980
412;naval_base_spawn;3764.50;11.00;179.50;0.00;11959
530;naval_base_spawn;3541.50;11.00;672.50;0.00;11405
419;naval_base_spawn;3753.50;11.00;329.50;0.00;11951
352;naval_base_spawn;3507.50;11.00;68.50;0.00;11804
453;naval_base_spawn;3672.50;11.00;608.50;0.00;11443
396;naval_base_spawn;2833.50;11.00;734.50;0.00;11723
390;naval_base_spawn;3751.50;11.00;319.50;0.00;11951
517;naval_base_spawn;3533.50;11.00;537.50;0.00;11977
577;naval_base_spawn;3849.50;11.00;462.50;0.00;11754
438;naval_base_spawn;2761.50;11.00;373.50;0.00;11914
367;naval_base_spawn;3313.50;11.00;755.50;0.00;11870
577;naval_base_spawn;3846.50;11.00;403.50;0.00;11754
297;naval_base_spawn;3757.50;11.00;433.50;0.00;11490
542;naval_base_spawn;3762.50;11.00;566.50;0.00;11796
553;naval_base_spawn;2725.50;11.00;326.50;0.00;11770
577;naval_base_spawn;3856.50;11.00;443.50;0.00;11754
558;naval_base_spawn;2845.50;11.00;801.50;0.00;11599
450;naval_base_spawn;3621.50;11.00;332.50;0.00;11879
572;naval_base_spawn;3296.50;11.00;931.50;0.00;11524
571;naval_base_spawn;3301.50;11.00;865.50;0.00;11828
572;naval_base_spawn;3293.50;11.00;940.50;0.00;11524
574;naval_base_spawn;3270.50;11.00;852.50;0.00;11828
571;naval_base_spawn;3311.50;11.00;898.50;0.00;11828
572;naval_base_spawn;3272.50;11.00;956.50;0.00;11524
572;naval_base_spawn;3286.50;11.00;945.50;0.00;11524
571;naval_base_spawn;3306.50;11.00;881.50;0.00;11828
572;naval_base_spawn;3261.50;11.00;958.50;0.00;11524
574;naval_base_spawn;3285.50;11.00;856.50;0.00;11828
571;naval_base_spawn;3305.50;11.00;918.50;0.00;11524
572;naval_base_spawn;3281.50;11.00;952.50;0.00;11524
575;naval_base_spawn;3552.50;11.00;774.50;0.00;11793
576;naval_base_spawn;3586.50;11.00;769.50;0.00;11793
576;naval_base_spawn;3588.50;11.00;746.50;0.00;11664
576;naval_base_spawn;3583.50;11.00;723.50;0.00;11405
576;naval_base_spawn;3572.50;11.00;774.50;0.00;11793
576;naval_base_spawn;3592.50;11.00;757.50;0.00;11664
576;naval_base_spawn;3588.50;11.00;734.50;0.00;11405
576;naval_base_spawn;3572.50;11.00;718.50;0.00;11405
2;naval_base_spawn;2248.50;11.00;1272.50;0.00;11806
37;naval_base_spawn;2176.50;11.00;1569.50;0.00;11965
38;naval_base_spawn;2475.50;11.00;1330.50;0.00;11831
54;naval_base_spawn;3009.50;11.00;1467.50;0.00;11970
8;naval_base_spawn;2525.50;11.00;1043.50;0.00;11413
63;naval_base_spawn;2225.50;11.00;1805.50;0.00;11923
76;naval_base_spawn;2621.50;11.00;957.50;0.00;11678
107;naval_base_spawn;2506.50;11.00;1354.50;0.00;11831
16;naval_base_spawn;2457.50;11.00;1955.50;0.00;11872
31;naval_base_spawn;2558.50;11.00;1395.50;0.00;11831
56;naval_base_spawn;2512.50;11.00;2004.50;0.00;11872
85;naval_base_spawn;2862.50;11.00;1551.50;0.00;11969
76;naval_base_spawn;2623.50;11.00;968.50;0.00;11678
169;naval_base_spawn;2683.50;11.00;904.50;0.00;11528
181;naval_base_spawn;3068.50;11.00;914.50;0.00;11649
63;naval_base_spawn;2239.50;11.00;1819.50;0.00;11923
112;naval_base_spawn;2184.50;11.00;1195.50;0.00;11670
196;naval_base_spawn;2166.50;11.00;1389.50;0.00;11878
117;naval_base_spawn;2206.50;11.00;1123.50;0.00;11834
189;naval_base_spawn;2276.50;11.00;1849.50;0.00;11551
92;naval_base_spawn;2187.50;11.00;1700.50;0.00;11569
158;naval_base_spawn;2660.50;11.00;1977.50;0.00;11562
133;naval_base_spawn;3075.50;11.00;1358.50;0.00;11970
161;naval_base_spawn;2967.50;11.00;928.50;0.00;11597
3;naval_base_spawn;2917.50;11.00;1542.50;0.00;11969
56;naval_base_spawn;2500.50;11.00;1981.50;0.00;11872
137;naval_base_spawn;2576.50;11.00;1470.50;0.00;11771
129;naval_base_spawn;2161.50;11.00;1354.50;0.00;11878
236;naval_base_spawn;2743.50;11.00;898.50;0.00;11881
237;naval_base_spawn;2405.50;11.00;1309.50;0.00;11972
76;naval_base_spawn;2616.50;11.00;937.50;0.00;11678
98;naval_base_spawn;2324.50;11.00;1864.50;0.00;11690
15;naval_base_spawn;2637.50;11.00;986.50;0.00;11521
67;naval_base_spawn;2949.50;11.00;1510.50;0.00;11969
40;naval_base_spawn;2413.50;11.00;1127.50;0.00;11874
209;naval_base_spawn;2324.50;11.00;1288.50;0.00;11738
40;naval_base_spawn;2416.50;11.00;1095.50;0.00;11874
137;naval_base_spawn;2568.50;11.00;1483.50;0.00;11771
63;naval_base_spawn;2218.50;11.00;1799.50;0.00;11923
129;naval_base_spawn;2161.50;11.00;1342.50;0.00;11878
218;naval_base_spawn;2183.50;11.00;1180.50;0.00;11670
162;naval_base_spawn;2419.50;11.00;1923.50;0.00;11663
67;naval_base_spawn;2974.50;11.00;1495.50;0.00;11969
162;naval_base_spawn;2433.50;11.00;1941.50;0.00;11663
248;naval_base_spawn;2166.50;11.00;1521.50;0.00;11615
248;naval_base_spawn;2136.50;11.00;1488.50;0.00;11615
221;naval_base_spawn;2491.50;11.00;1054.50;0.00;11413
56;naval_base_spawn;2511.50;11.00;1996.50;0.00;11872
85;naval_base_spawn;2874.50;11.00;1552.50;0.00;11969
137;naval_base_spawn;2569.50;11.00;1452.50;0.00;11771
40;naval_base_spawn;2423.50;11.00;1080.50;0.00;11413
196;naval_base_spawn;2161.50;11.00;1404.50;0.00;11878
40;naval_base_spawn;2412.50;11.00;1113.50;0.00;11874
133;naval_base_spawn;3062.50;11.00;1377.50;0.00;11970
38;naval_base_spawn;2462.50;11.00;1326.50;0.00;11831
158;naval_base_spawn;2671.50;11.00;1990.50;0.00;11460
2;naval_base_spawn;2235.50;11.00;1259.50;0.00;11806
153;naval_base_spawn;2185.50;11.00;1606.50;0.00;11965
80;naval_base_spawn;2346.50;11.00;1878.50;0.00;11690
76;naval_base_spawn;2623.50;11.00;923.50;0.00;11678
36;naval_base_spawn;2630.50;11.00;1980.50;0.00;11562
54;naval_base_spawn;3002.50;11.00;1477.50;0.00;11970
112;naval_base_spawn;2224.50;11.00;1237.50;0.00;11806
150;naval_base_spawn;3080.50;11.00;911.50;0.00;11649
221;naval_base_spawn;2499.50;11.00;1044.50;0.00;11413
129;naval_base_spawn;2184.50;11.00;1316.50;0.00;11806
7;naval_base_spawn;2190.50;11.00;1650.50;0.00;11569
209;naval_base_spawn;2312.50;11.00;1286.50;0.00;11738
244;naval_base_spawn;2375.50;11.00;1900.50;0.00;11690
137;naval_base_spawn;2573.50;11.00;1444.50;0.00;11831
2;naval_base_spawn;2239.50;11.00;1266.50;0.00;11806
153;naval_base_spawn;2186.50;11.00;1615.50;0.00;11965
118;naval_base_spawn;2356.50;11.00;1297.50;0.00;11859
117;naval_base_spawn;2213.50;11.00;1103.50;0.00;11834
159;naval_base_spawn;3025.50;11.00;1453.50;0.00;11970
76;naval_base_spawn;2618.50;11.00;929.50;0.00;11678
7;naval_base_spawn;2186.50;11.00;1674.50;0.00;11569
37;naval_base_spawn;2175.50;11.00;1536.50;0.00;11965
63;naval_base_spawn;2211.50;11.00;1791.50;0.00;11923
56;naval_base_spawn;2486.50;11.00;1967.50;0.00;11872
31;naval_base_spawn;2558.50;11.00;1414.50;0.00;11831
96;naval_base_spawn;3055.50;11.00;1319.50;0.00;11970
212;naval_base_spawn;2610.50;11.00;1027.50;0.00;11521
219;naval_base_spawn;2149.50;11.00;1429.50;0.00;11878
8;naval_base_spawn;2537.50;11.00;1039.50;0.00;11413
67;naval_base_spawn;2962.50;11.00;1501.50;0.00;11969
96;naval_base_spawn;3070.50;11.00;1325.50;0.00;11970
218;naval_base_spawn;2183.50;11.00;1169.50;0.00;11670
189;naval_base_spawn;2265.50;11.00;1840.50;0.00;11551
3;naval_base_spawn;2909.50;11.00;1545.50;0.00;11969
162;naval_base_spawn;2425.50;11.00;1930.50;0.00;11663
117;naval_base_spawn;2197.50;11.00;1126.50;0.00;11834
3;naval_base_spawn;2898.50;11.00;1548.50;0.00;11969
15;naval_base_spawn;2645.50;11.00;993.50;0.00;11521
237;naval_base_spawn;2395.50;11.00;1308.50;0.00;11972
15;naval_base_spawn;2645.50;11.00;1009.50;0.00;11521
8;naval_base_spawn;2552.50;11.00;1033.50;0.00;11413
7;naval_base_spawn;2188.50;11.00;1687.50;0.00;11569
112;naval_base_spawn;2188.50;11.00;1214.50;0.00;11806
181;naval_base_spawn;3031.50;11.00;921.50;0.00;11766
3;naval_base_spawn;2925.50;11.00;1535.50;0.00;11969
221;naval_base_spawn;2428.50;11.00;1062.50;0.00;11413
218;naval_base_spawn;2194.50;11.00;1135.50;0.00;11834
118;naval_base_spawn;2346.50;11.00;1297.50;0.00;11738
248;naval_base_spawn;2153.50;11.00;1520.50;0.00;11615
158;naval_base_spawn;2662.50;11.00;1985.50;0.00;11562
107;naval_base_spawn;2519.50;11.00;1361.50;0.00;11831
189;naval_base_spawn;2256.50;11.00;1837.50;0.00;11551
40;naval_base_spawn;2413.50;11.00;1102.50;0.00;11874
67;naval_base_spawn;2945.50;11.00;1519.50;0.00;11969
37;naval_base_spawn;2174.50;11.00;1548.50;0.00;11965
7;naval_base_spawn;2187.50;11.00;1637.50;0.00;11569
189;naval_base_spawn;2247.50;11.00;1828.50;0.00;11551
112;naval_base_spawn;2188.50;11.00;1204.50;0.00;11806
183;naval_base_spawn;2813.50;11.00;1570.50;0.00;11969
221;naval_base_spawn;2438.50;11.00;1053.50;0.00;11413
31;naval_base_spawn;2564.50;11.00;1424.50;0.00;11831
37;naval_base_spawn;2181.50;11.00;1594.50;0.00;11965
159;naval_base_spawn;3018.50;11.00;1460.50;0.00;11970
67;naval_base_spawn;2935.50;11.00;1526.50;0.00;11969
92;naval_base_spawn;2185.50;11.00;1738.50;0.00;11923
2;naval_base_spawn;2248.50;11.00;1281.50;0.00;11806
218;naval_base_spawn;2190.50;11.00;1145.50;0.00;11834
244;naval_base_spawn;2369.50;11.00;1894.50;0.00;11690
237;naval_base_spawn;2436.50;11.00;1316.50;0.00;11859
76;naval_base_spawn;2615.50;11.00;947.50;0.00;11678
219;naval_base_spawn;2129.50;11.00;1457.50;0.00;11615
54;naval_base_spawn;2994.50;11.00;1476.50;0.00;11970
54;naval_base_spawn;2985.50;11.00;1483.50;0.00;11969
53;naval_base_spawn;2880.50;11.00;1329.50;0.00;11970
219;naval_base_spawn;2131.50;11.00;1475.50;0.00;11615
118;naval_base_spawn;2335.50;11.00;1290.50;0.00;11738
53;naval_base_spawn;2873.50;11.00;1321.50;0.00;11970
244;naval_base_spawn;2385.50;11.00;1905.50;0.00;11663
98;naval_base_spawn;2312.50;11.00;1858.50;0.00;11690
160;naval_base_spawn;2553.50;11.00;1497.50;0.00;11771
189;naval_base_spawn;2273.50;11.00;1842.50;0.00;11551
161;naval_base_spawn;2931.50;11.00;923.50;0.00;11597
248;naval_base_spawn;2170.50;11.00;1530.50;0.00;11965
218;naval_base_spawn;2184.50;11.00;1150.50;0.00;11834
133;naval_base_spawn;3084.50;11.00;1353.50;0.00;11970
244;naval_base_spawn;2402.50;11.00;1911.50;0.00;11663
38;naval_base_spawn;2488.50;11.00;1331.50;0.00;11831
234;naval_base_spawn;3115.50;11.00;910.50;0.00;11505
53;naval_base_spawn;2894.50;11.00;1335.50;0.00;11970
80;naval_base_spawn;2336.50;11.00;1873.50;0.00;11690
113;naval_base_spawn;2980.50;11.00;923.50;0.00;11766
56;naval_base_spawn;2497.50;11.00;1971.50;0.00;11872
127;naval_base_spawn;3088.50;11.00;1161.50;0.00;11790
107;naval_base_spawn;2521.50;11.00;1373.50;0.00;11831
159;naval_base_spawn;3032.50;11.00;1443.50;0.00;11970
218;naval_base_spawn;2186.50;11.00;1159.50;0.00;11670
248;naval_base_spawn;2144.50;11.00;1514.50;0.00;11615
236;naval_base_spawn;2715.50;11.00;901.50;0.00;11881
212;naval_base_spawn;2597.50;11.00;1032.50;0.00;11521
92;naval_base_spawn;2185.50;11.00;1729.50;0.00;11923
40;naval_base_spawn;2421.50;11.00;1088.50;0.00;11413
76;naval_base_spawn;2628.50;11.00;978.50;0.00;11678
112;naval_base_spawn;2215.50;11.00;1232.50;0.00;11806
2;naval_base_spawn;2225.50;11.00;1250.50;0.00;11806
222;naval_base_spawn;2909.50;11.00;1349.50;0.00;11970
15;naval_base_spawn;2637.50;11.00;1019.50;0.00;11521
244;naval_base_spawn;2394.50;11.00;1909.50;0.00;11663
221;naval_base_spawn;2430.50;11.00;1074.50;0.00;11413
139;naval_base_spawn;2275.50;11.00;1093.50;0.00;11834
37;naval_base_spawn;2174.50;11.00;1559.50;0.00;11965
37;naval_base_spawn;2178.50;11.00;1585.50;0.00;11965
221;naval_base_spawn;2445.50;11.00;1046.50;0.00;11413
160;naval_base_spawn;2537.50;11.00;1508.50;0.00;11771
7;naval_base_spawn;2189.50;11.00;1629.50;0.00;11569
60;naval_base_spawn;3053.50;11.00;1390.50;0.00;11970
181;naval_base_spawn;3057.50;11.00;918.50;0.00;11649
237;naval_base_spawn;2387.50;11.00;1301.50;0.00;11859
112;naval_base_spawn;2206.50;11.00;1224.50;0.00;11806
63;naval_base_spawn;2204.50;11.00;1782.50;0.00;11923
63;naval_base_spawn;2193.50;11.00;1774.50;0.00;11923
85;naval_base_spawn;2852.50;11.00;1560.50;0.00;11969
219;naval_base_spawn;2139.50;11.00;1448.50;0.00;11878
56;naval_base_spawn;2507.50;11.00;1987.50;0.00;11872
117;naval_base_spawn;2219.50;11.00;1093.50;0.00;11834
98;naval_base_spawn;2301.50;11.00;1853.50;0.00;11690
237;naval_base_spawn;2416.50;11.00;1312.50;0.00;11972
169;naval_base_spawn;2701.50;11.00;902.50;0.00;11528
237;naval_base_spawn;2387.50;11.00;1324.50;0.00;11859
16;naval_base_spawn;2468.50;11.00;1960.50;0.00;11872
117;naval_base_spawn;2205.50;11.00;1111.50;0.00;11834
76;naval_base_spawn;2631.50;11.00;923.50;0.00;11678
38;naval_base_spawn;2446.50;11.00;1318.50;0.00;11859
133;naval_base_spawn;3068.50;11.00;1368.50;0.00;11970
196;naval_base_spawn;2153.50;11.00;1416.50;0.00;11878
162;naval_base_spawn;2406.50;11.00;1915.50;0.00;11663
159;naval_base_spawn;3041.50;11.00;1438.50;0.00;11970
129;naval_base_spawn;2170.50;11.00;1322.50;0.00;11806
98;naval_base_spawn;2290.50;11.00;1852.50;0.00;11690
76;naval_base_spawn;2641.50;11.00;911.50;0.00;11678
181;naval_base_spawn;3041.50;11.00;918.50;0.00;11766
7;naval_base_spawn;2186.50;11.00;1661.50;0.00;11569
198;naval_base_spawn;2542.50;11.00;1383.50;0.00;11831
137;naval_base_spawn;2572.50;11.00;1462.50;0.00;11771
8;naval_base_spawn;2513.50;11.00;1044.50;0.00;11413
248;naval_base_spawn;2138.50;11.00;1503.50;0.00;11615
129;naval_base_spawn;2158.50;11.00;1331.50;0.00;11878
222;naval_base_spawn;2902.50;11.00;1340.50;0.00;11970
56;naval_base_spawn;2513.50;11.00;2012.50;0.00;11872
56;naval_base_spawn;2520.50;11.00;2021.50;0.00;11872
159;naval_base_spawn;3039.50;11.00;1428.50;0.00;11970
112;naval_base_spawn;2194.50;11.00;1220.50;0.00;11806
80;naval_base_spawn;2354.50;11.00;1886.50;0.00;11690
92;naval_base_spawn;2187.50;11.00;1749.50;0.00;11923
60;naval_base_spawn;3050.50;11.00;1402.50;0.00;11970
196;naval_base_spawn;2160.50;11.00;1372.50;0.00;11878
16;naval_base_spawn;2477.50;11.00;1963.50;0.00;11872
37;naval_base_spawn;2176.50;11.00;1578.50;0.00;11965
53;naval_base_spawn;2864.50;11.00;1312.50;0.00;11970
92;naval_base_spawn;2188.50;11.00;1762.50;0.00;11923
162;naval_base_spawn;2412.50;11.00;1918.50;0.00;11663
181;naval_base_spawn;3019.50;11.00;923.50;0.00;11766
107;naval_base_spawn;2496.50;11.00;1343.50;0.00;11831
60;naval_base_spawn;3047.50;11.00;1413.50;0.00;11970
222;naval_base_spawn;2920.50;11.00;1349.50;0.00;11970
219;naval_base_spawn;2139.50;11.00;1439.50;0.00;11878
133;naval_base_spawn;3075.50;11.00;1338.50;0.00;11970
198;naval_base_spawn;2537.50;11.00;1374.50;0.00;11831
183;naval_base_spawn;2800.50;11.00;1578.50;0.00;11969
63;naval_base_spawn;2231.50;11.00;1811.50;0.00;11923
92;naval_base_spawn;2187.50;11.00;1714.50;0.00;11569
256;naval_base_spawn;3291.50;11.00;1541.50;0.00;11501
254;naval_base_spawn;3286.50;11.00;1491.50;0.00;11406
259;naval_base_spawn;3303.50;11.00;1629.50;0.00;11501
259;naval_base_spawn;3302.50;11.00;1607.50;0.00;11501
257;naval_base_spawn;3450.50;11.00;1573.50;0.00;11431
266;naval_base_spawn;3311.50;11.00;1753.50;0.00;11764
266;naval_base_spawn;3278.50;11.00;1772.50;0.00;11764
255;naval_base_spawn;3334.50;11.00;1745.50;0.00;11764
262;naval_base_spawn;3203.50;11.00;1876.50;0.00;11497
262;naval_base_spawn;3201.50;11.00;1860.50;0.00;11497
262;naval_base_spawn;3216.50;11.00;1826.50;0.00;11497
258;naval_base_spawn;3229.50;11.00;1799.50;0.00;11497
257;naval_base_spawn;3429.50;11.00;1587.50;0.00;11431
260;naval_base_spawn;3405.50;11.00;1725.50;0.00;11825
257;naval_base_spawn;3430.50;11.00;1598.50;0.00;11431
259;naval_base_spawn;3305.50;11.00;1617.50;0.00;11501
259;naval_base_spawn;3302.50;11.00;1640.50;0.00;11764
255;naval_base_spawn;3345.50;11.00;1730.50;0.00;11764
266;naval_base_spawn;3301.50;11.00;1758.50;0.00;11764
268;naval_base_spawn;3296.50;11.00;1681.50;0.00;11764
258;naval_base_spawn;3240.50;11.00;1792.50;0.00;11497
256;naval_base_spawn;3298.50;11.00;1566.50;0.00;11501
268;naval_base_spawn;3304.50;11.00;1713.50;0.00;11764
256;naval_base_spawn;3300.50;11.00;1581.50;0.00;11501
256;naval_base_spawn;3288.50;11.00;1512.50;0.00;11501
254;naval_base_spawn;3333.50;11.00;1462.50;0.00;11406
256;naval_base_spawn;3294.50;11.00;1534.50;0.00;11501
266;naval_base_spawn;3291.50;11.00;1766.50;0.00;11764
259;naval_base_spawn;3301.50;11.00;1652.50;0.00;11764
258;naval_base_spawn;3267.50;11.00;1779.50;0.00;11764
253;naval_base_spawn;3347.50;11.00;1714.50;0.00;11764
268;naval_base_spawn;3296.50;11.00;1705.50;0.00;11764
254;naval_base_spawn;3282.50;11.00;1482.50;0.00;11406
254;naval_base_spawn;3277.50;11.00;1457.50;0.00;11406
256;naval_base_spawn;3299.50;11.00;1551.50;0.00;11501
259;naval_base_spawn;3301.50;11.00;1593.50;0.00;11501
266;naval_base_spawn;3322.50;11.00;1749.50;0.00;11764
268;naval_base_spawn;3299.50;11.00;1668.50;0.00;11764
262;naval_base_spawn;3212.50;11.00;1852.50;0.00;11497
254;naval_base_spawn;3281.50;11.00;1444.50;0.00;11406
258;naval_base_spawn;3224.50;11.00;1818.50;0.00;11497
260;naval_base_spawn;3396.50;11.00;1723.50;0.00;11825
256;naval_base_spawn;3290.50;11.00;1525.50;0.00;11501
262;naval_base_spawn;3213.50;11.00;1886.50;0.00;11497
258;naval_base_spawn;3228.50;11.00;1809.50;0.00;11497
257;naval_base_spawn;3434.50;11.00;1577.50;0.00;11431
258;naval_base_spawn;3253.50;11.00;1784.50;0.00;11497
262;naval_base_spawn;3213.50;11.00;1836.50;0.00;11497
268;naval_base_spawn;3295.50;11.00;1693.50;0.00;11764
254;naval_base_spawn;3277.50;11.00;1471.50;0.00;11406
262;naval_base_spawn;3250.50;11.00;1888.50;0.00;11502
254;naval_base_spawn;3288.50;11.00;1502.50;0.00;11501
257;naval_base_spawn;3442.50;11.00;1574.50;0.00;11431
269;naval_base_spawn;2067.50;11.00;1746.50;0.00;11780
270;naval_base_spawn;2054.50;11.00;1707.50;0.00;11780
270;naval_base_spawn;2057.50;11.00;1694.50;0.00;11780
270;naval_base_spawn;2060.50;11.00;1673.50;0.00;11588
269;naval_base_spawn;2061.50;11.00;1729.50;0.00;11780
269;naval_base_spawn;2079.50;11.00;1758.50;0.00;11780
269;naval_base_spawn;2071.50;11.00;1754.50;0.00;11780
269;naval_base_spawn;2069.50;11.00;1737.50;0.00;11780
269;naval_base_spawn;2058.50;11.00;1719.50;0.00;11780
270;naval_base_spawn;2050.50;11.00;1682.50;0.00;11780
271;naval_base_spawn;2097.50;11.00;1654.50;0.00;11569
271;naval_base_spawn;2108.50;11.00;1660.50;0.00;11569
271;naval_base_spawn;2093.50;11.00;1645.50;0.00;11965
271;naval_base_spawn;2094.50;11.00;1635.50;0.00;11965
271;naval_base_spawn;2100.50;11.00;1616.50;0.00;11965
271;naval_base_spawn;2091.50;11.00;1626.50;0.00;11965
275;naval_base_spawn;2046.50;11.00;1410.50;0.00;11614
272;naval_base_spawn;2044.50;11.00;1335.50;0.00;11614
274;naval_base_spawn;2085.50;11.00;1275.50;0.00;11919
272;naval_base_spawn;2047.50;11.00;1312.50;0.00;11614
274;naval_base_spawn;2079.50;11.00;1286.50;0.00;11919
275;naval_base_spawn;2032.50;11.00;1383.50;0.00;11614
275;naval_base_spawn;2031.50;11.00;1395.50;0.00;11614
275;naval_base_spawn;2058.50;11.00;1413.50;0.00;11878
272;naval_base_spawn;2034.50;11.00;1350.50;0.00;11614
275;naval_base_spawn;2036.50;11.00;1406.50;0.00;11614
272;naval_base_spawn;2038.50;11.00;1361.50;0.00;11614
274;naval_base_spawn;2097.50;11.00;1268.50;0.00;11919
274;naval_base_spawn;2072.50;11.00;1301.50;0.00;11919
272;naval_base_spawn;2046.50;11.00;1323.50;0.00;11614
272;naval_base_spawn;2056.50;11.00;1304.50;0.00;11919
275;naval_base_spawn;2032.50;11.00;1371.50;0.00;11614
276;naval_base_spawn;3373.50;11.00;1386.50;0.00;11661
276;naval_base_spawn;3384.50;11.00;1389.50;0.00;11661
276;naval_base_spawn;3370.50;11.00;1373.50;0.00;11661
276;naval_base_spawn;3366.50;11.00;1357.50;0.00;11783
276;naval_base_spawn;3371.50;11.00;1338.50;0.00;11783
277;naval_base_spawn;3252.50;11.00;1252.50;0.00;11552
277;naval_base_spawn;3246.50;11.00;1244.50;0.00;11552
277;naval_base_spawn;3245.50;11.00;1230.50;0.00;11776
277;naval_base_spawn;3244.50;11.00;1216.50;0.00;11776
277;naval_base_spawn;3245.50;11.00;1204.50;0.00;11776
277;naval_base_spawn;3249.50;11.00;1195.50;0.00;11776
279;naval_base_spawn;2572.50;11.00;1011.50;0.00;11521
278;naval_base_spawn;2553.50;11.00;939.50;0.00;11812
278;naval_base_spawn;2546.50;11.00;951.50;0.00;11812
279;naval_base_spawn;2564.50;11.00;998.50;0.00;11521
278;naval_base_spawn;2559.50;11.00;966.50;0.00;11812
278;naval_base_spawn;2565.50;11.00;974.50;0.00;11812
278;naval_base_spawn;2553.50;11.00;958.50;0.00;11812
278;naval_base_spawn;2562.50;11.00;984.50;0.00;11812
281;naval_base_spawn;2454.50;11.00;995.50;0.00;11413
280;naval_base_spawn;2423.50;11.00;953.50;0.00;11909
280;naval_base_spawn;2434.50;11.00;913.50;0.00;11448
280;naval_base_spawn;2434.50;11.00;967.50;0.00;11909
280;naval_base_spawn;2432.50;11.00;957.50;0.00;11909
280;naval_base_spawn;2424.50;11.00;942.50;0.00;11909
281;naval_base_spawn;2439.50;11.00;978.50;0.00;11909
281;naval_base_spawn;2445.50;11.00;987.50;0.00;11413
282;naval_base_spawn;2459.50;11.00;917.50;0.00;11448
280;naval_base_spawn;2419.50;11.00;933.50;0.00;11909
280;naval_base_spawn;2422.50;11.00;920.50;0.00;11448
311;naval_base_spawn;3584.50;11.00;280.50;0.00;11546
375;naval_base_spawn;2013.50;11.00;652.50;0.00;11603
349;naval_base_spawn;3798.50;11.00;366.50;0.00;11951
413;naval_base_spawn;2870.50;11.00;849.50;0.00;11820
421;naval_base_spawn;3718.50;11.00;373.50;0.00;11490
370;naval_base_spawn;2178.50;11.00;347.50;0.00;11601
336;naval_base_spawn;3631.50;11.00;568.50;0.00;11977
375;naval_base_spawn;2023.50;11.00;723.50;0.00;11800
431;naval_base_spawn;3622.50;11.00;221.50;0.00;11822
446;naval_base_spawn;3433.50;11.00;659.50;0.00;11805
453;naval_base_spawn;3670.50;11.00;594.50;0.00;11443
345;naval_base_spawn;3693.50;11.00;202.50;0.00;11822
459;naval_base_spawn;2032.50;11.00;580.50;0.00;11603
357;naval_base_spawn;2140.50;11.00;370.50;0.00;11601
356;naval_base_spawn;2037.50;11.00;745.50;0.00;11800
492;naval_base_spawn;2278.50;11.00;951.50;0.00;11710
497;naval_base_spawn;3280.50;11.00;488.50;0.00;11978
499;naval_base_spawn;3208.50;11.00;224.50;0.00;11482
413;naval_base_spawn;2883.50;11.00;858.50;0.00;11820
311;naval_base_spawn;3594.50;11.00;288.50;0.00;11546
459;naval_base_spawn;2023.50;11.00;612.50;0.00;11603
519;naval_base_spawn;2817.50;11.00;387.50;0.00;11914
375;naval_base_spawn;2017.50;11.00;711.50;0.00;11800
492;naval_base_spawn;2255.50;11.00;940.50;0.00;11710
491;naval_base_spawn;2069.50;11.00;849.50;0.00;11652
353;naval_base_spawn;3678.50;11.00;350.50;0.00;11879
497;naval_base_spawn;3300.50;11.00;489.50;0.00;11978
358;naval_base_spawn;2062.50;11.00;440.50;0.00;11601
538;naval_base_spawn;2876.50;11.00;362.50;0.00;11914
446;naval_base_spawn;3412.50;11.00;669.50;0.00;11870
492;naval_base_spawn;2285.50;11.00;951.50;0.00;11710
285;naval_base_spawn;2707.50;11.00;839.50;0.00;11528
472;naval_base_spawn;2855.50;11.00;729.50;0.00;11723
318;naval_base_spawn;2111.50;11.00;912.50;0.00;11652
549;naval_base_spawn;2795.50;11.00;414.50;0.00;11914
336;naval_base_spawn;3599.50;11.00;546.50;0.00;11977
478;naval_base_spawn;3167.50;11.00;255.50;0.00;11542
545;naval_base_spawn;2407.50;11.00;874.50;0.00;11448
330;naval_base_spawn;2255.50;11.00;849.50;0.00;11973
297;naval_base_spawn;3770.50;11.00;409.50;0.00;11490
403;naval_base_spawn;2055.50;11.00;831.50;0.00;11774
415;naval_base_spawn;3581.50;11.00;576.50;0.00;11977
343;naval_base_spawn;3389.50;11.00;514.50;0.00;11487
418;naval_base_spawn;2338.50;11.00;618.50;0.00;11976
490;naval_base_spawn;3466.50;11.00;531.50;0.00;11805
364;naval_base_spawn;3444.50;11.00;657.50;0.00;11805
520;naval_base_spawn;3106.50;11.00;873.50;0.00;11505
473;naval_base_spawn;3310.50;11.00;74.50;0.00;11482
505;naval_base_spawn;2885.50;11.00;354.50;0.00;11914
520;naval_base_spawn;3130.50;11.00;883.50;0.00;11505
283;naval_base_spawn;3634.50;11.00;212.50;0.00;11822
490;naval_base_spawn;3472.50;11.00;562.50;0.00;11805
341;naval_base_spawn;3010.50;11.00;867.50;0.00;11766
370;naval_base_spawn;2207.50;11.00;334.50;0.00;11916
507;naval_base_spawn;2056.50;11.00;451.50;0.00;11954
327;naval_base_spawn;3477.50;11.00;599.50;0.00;11805
330;naval_base_spawn;2281.50;11.00;808.50;0.00;11973
538;naval_base_spawn;2843.50;11.00;369.50;0.00;11914
537;naval_base_spawn;3714.50;11.00;619.50;0.00;11443
342;naval_base_spawn;2159.50;11.00;949.50;0.00;11513
285;naval_base_spawn;2736.50;11.00;853.50;0.00;11881
343;naval_base_spawn;3369.50;11.00;509.50;0.00;11487
486;naval_base_spawn;3620.50;11.00;295.50;0.00;11546
499;naval_base_spawn;3202.50;11.00;235.50;0.00;11542
345;naval_base_spawn;3670.50;11.00;179.50;0.00;11822
312;naval_base_spawn;2305.50;11.00;795.50;0.00;11973
393;naval_base_spawn;2623.50;11.00;844.50;0.00;11528
370;naval_base_spawn;2216.50;11.00;333.50;0.00;11916
357;naval_base_spawn;2165.50;11.00;353.50;0.00;11601
444;naval_base_spawn;3224.50;11.00;454.50;0.00;11699
518;naval_base_spawn;2865.50;11.00;769.50;0.00;11723
358;naval_base_spawn;2091.50;11.00;402.50;0.00;11601
522;naval_base_spawn;3262.50;11.00;143.50;0.00;11482
290;naval_base_spawn;3294.50;11.00;112.50;0.00;11482
327;naval_base_spawn;3449.50;11.00;629.50;0.00;11805
391;naval_base_spawn;3129.50;11.00;466.50;0.00;11871
472;naval_base_spawn;2856.50;11.00;714.50;0.00;11723
305;naval_base_spawn;2923.50;11.00;868.50;0.00;11597
285;naval_base_spawn;2726.50;11.00;850.50;0.00;11881
539;naval_base_spawn;3001.50;11.00;342.50;0.00;11980
353;naval_base_spawn;3655.50;11.00;323.50;0.00;11879
485;naval_base_spawn;2520.50;11.00;298.50;0.00;11535
318;naval_base_spawn;2125.50;11.00;924.50;0.00;11652
507;naval_base_spawn;2051.50;11.00;460.50;0.00;11954
356;naval_base_spawn;2044.50;11.00;762.50;0.00;11774
497;naval_base_spawn;3310.50;11.00;503.50;0.00;11978
499;naval_base_spawn;3192.50;11.00;235.50;0.00;11542
539;naval_base_spawn;3032.50;11.00;309.50;0.00;11645
422;naval_base_spawn;2013.50;11.00;518.50;0.00;11954
446;naval_base_spawn;3408.50;11.00;679.50;0.00;11870
357;naval_base_spawn;2155.50;11.00;364.50;0.00;11601
507;naval_base_spawn;2049.50;11.00;472.50;0.00;11954
375;naval_base_spawn;2013.50;11.00;666.50;0.00;11800
364;naval_base_spawn;3448.50;11.00;704.50;0.00;11600
385;naval_base_spawn;2861.50;11.00;689.50;0.00;11895
462;naval_base_spawn;3113.50;11.00;307.50;0.00;11542
498;naval_base_spawn;3567.50;11.00;527.50;0.00;11977
444;naval_base_spawn;3231.50;11.00;461.50;0.00;11699
318;naval_base_spawn;2117.50;11.00;918.50;0.00;11652
294;naval_base_spawn;2235.50;11.00;327.50;0.00;11916
569;naval_base_spawn;2959.50;11.00;329.50;0.00;11645
303;naval_base_spawn;3122.50;11.00;300.50;0.00;11542
343;naval_base_spawn;3324.50;11.00;491.50;0.00;11978
330;naval_base_spawn;2268.50;11.00;820.50;0.00;11973
330;naval_base_spawn;2276.50;11.00;817.50;0.00;11973
499;naval_base_spawn;3227.50;11.00;200.50;0.00;11482
327;naval_base_spawn;3459.50;11.00;610.50;0.00;11805
491;naval_base_spawn;2092.50;11.00;884.50;0.00;11652
549;naval_base_spawn;2763.50;11.00;454.50;0.00;11914
490;naval_base_spawn;3488.50;11.00;587.50;0.00;11805
305;naval_base_spawn;2902.50;11.00;869.50;0.00;11820
459;naval_base_spawn;2039.50;11.00;588.50;0.00;11603
330;naval_base_spawn;2264.50;11.00;845.50;0.00;11973
297;naval_base_spawn;3764.50;11.00;421.50;0.00;11490
431;naval_base_spawn;3612.50;11.00;230.50;0.00;11822
349;naval_base_spawn;3793.50;11.00;372.50;0.00;11951
327;naval_base_spawn;3450.50;11.00;621.50;0.00;11805
490;naval_base_spawn;3467.50;11.00;542.50;0.00;11805
478;naval_base_spawn;3141.50;11.00;280.50;0.00;11542
507;naval_base_spawn;2039.50;11.00;492.50;0.00;11954
486;naval_base_spawn;3608.50;11.00;294.50;0.00;11546
431;naval_base_spawn;3590.50;11.00;255.50;0.00;11822
486;naval_base_spawn;3633.50;11.00;309.50;0.00;11879
289;naval_base_spawn;2824.50;11.00;878.50;0.00;11599
472;naval_base_spawn;2858.50;11.00;742.50;0.00;11723
459;naval_base_spawn;2011.50;11.00;636.50;0.00;11603
357;naval_base_spawn;2128.50;11.00;380.50;0.00;11601
413;naval_base_spawn;2867.50;11.00;817.50;0.00;11820
472;naval_base_spawn;2859.50;11.00;755.50;0.00;11723
391;naval_base_spawn;3140.50;11.00;469.50;0.00;11699
565;naval_base_spawn;2821.50;11.00;654.50;0.00;11975
459;naval_base_spawn;2019.50;11.00;624.50;0.00;11603
473;naval_base_spawn;3316.50;11.00;61.50;0.00;11482
356;naval_base_spawn;2033.50;11.00;735.50;0.00;11800
422;naval_base_spawn;2013.50;11.00;568.50;0.00;11603
475;naval_base_spawn;3053.50;11.00;417.50;0.00;11871
294;naval_base_spawn;2247.50;11.00;323.50;0.00;11916
518;naval_base_spawn;2871.50;11.00;780.50;0.00;11723
345;naval_base_spawn;3693.50;11.00;195.50;0.00;11822
342;naval_base_spawn;2148.50;11.00;941.50;0.00;11513
513;naval_base_spawn;2602.50;11.00;832.50;0.00;11852
451;naval_base_spawn;3526.50;11.00;568.50;0.00;11977
475;naval_base_spawn;3057.50;11.00;432.50;0.00;11871
373;naval_base_spawn;2347.50;11.00;596.50;0.00;11976
358;naval_base_spawn;2087.50;11.00;411.50;0.00;11601
343;naval_base_spawn;3341.50;11.00;492.50;0.00;11978
385;naval_base_spawn;2856.50;11.00;666.50;0.00;11895
520;naval_base_spawn;3123.50;11.00;878.50;0.00;11505
475;naval_base_spawn;3063.50;11.00;442.50;0.00;11871
318;naval_base_spawn;2106.50;11.00;905.50;0.00;11652
446;naval_base_spawn;3409.50;11.00;689.50;0.00;11600
518;naval_base_spawn;2869.50;11.00;791.50;0.00;11723
312;naval_base_spawn;2306.50;11.00;785.50;0.00;11973
422;naval_base_spawn;2028.50;11.00;501.50;0.00;11954
285;naval_base_spawn;2696.50;11.00;837.50;0.00;11528
297;naval_base_spawn;3764.50;11.00;403.50;0.00;11490
504;naval_base_spawn;2780.50;11.00;868.50;0.00;11599
393;naval_base_spawn;2614.50;11.00;838.50;0.00;11852
375;naval_base_spawn;2008.50;11.00;696.50;0.00;11800
453;naval_base_spawn;3661.50;11.00;576.50;0.00;11443
375;naval_base_spawn;2010.50;11.00;705.50;0.00;11800
285;naval_base_spawn;2715.50;11.00;846.50;0.00;11881
343;naval_base_spawn;3370.50;11.00;497.50;0.00;11978
444;naval_base_spawn;3240.50;11.00;470.50;0.00;11699
318;naval_base_spawn;2100.50;11.00;897.50;0.00;11652
505;naval_base_spawn;2904.50;11.00;335.50;0.00;11914
435;naval_base_spawn;2948.50;11.00;481.50;0.00;11979
358;naval_base_spawn;2103.50;11.00;395.50;0.00;11601
403;naval_base_spawn;2051.50;11.00;817.50;0.00;11774
303;naval_base_spawn;3132.50;11.00;290.50;0.00;11542
413;naval_base_spawn;2869.50;11.00;841.50;0.00;11820
327;naval_base_spawn;3450.50;11.00;639.50;0.00;11805
504;naval_base_spawn;2747.50;11.00;855.50;0.00;11881
425;naval_base_spawn;2511.50;11.00;307.50;0.00;11535
330;naval_base_spawn;2252.50;11.00;858.50;0.00;11973
403;naval_base_spawn;2051.50;11.00;793.50;0.00;11774
375;naval_base_spawn;2008.50;11.00;684.50;0.00;11800
312;naval_base_spawn;2293.50;11.00;806.50;0.00;11973
349;naval_base_spawn;3777.50;11.00;380.50;0.00;11490
565;naval_base_spawn;2831.50;11.00;652.50;0.00;11975
478;naval_base_spawn;3146.50;11.00;270.50;0.00;11542
473;naval_base_spawn;3324.50;11.00;51.50;0.00;11804
499;naval_base_spawn;3219.50;11.00;217.50;0.00;11482
446;naval_base_spawn;3423.50;11.00;665.50;0.00;11805
403;naval_base_spawn;2052.50;11.00;805.50;0.00;11774
486;naval_base_spawn;3638.50;11.00;316.50;0.00;11879
422;naval_base_spawn;2007.50;11.00;548.50;0.00;11603
522;naval_base_spawn;3251.50;11.00;151.50;0.00;11482
294;naval_base_spawn;2262.50;11.00;324.50;0.00;11916
497;naval_base_spawn;3246.50;11.00;489.50;0.00;11920
422;naval_base_spawn;2000.50;11.00;539.50;0.00;11603
431;naval_base_spawn;3597.50;11.00;239.50;0.00;11822
475;naval_base_spawn;3070.50;11.00;449.50;0.00;11871
539;naval_base_spawn;3014.50;11.00;322.50;0.00;11645
519;naval_base_spawn;2808.50;11.00;395.50;0.00;11914
356;naval_base_spawn;2043.50;11.00;752.50;0.00;11774
520;naval_base_spawn;3091.50;11.00;869.50;0.00;11649
520;naval_base_spawn;3115.50;11.00;874.50;0.00;11505
459;naval_base_spawn;2032.50;11.00;600.50;0.00;11603
478;naval_base_spawn;3188.50;11.00;242.50;0.00;11542
505;naval_base_spawn;2895.50;11.00;346.50;0.00;11914
522;naval_base_spawn;3245.50;11.00;163.50;0.00;11482
422;naval_base_spawn;2023.50;11.00;511.50;0.00;11954
485;naval_base_spawn;2552.50;11.00;294.50;0.00;11535
475;naval_base_spawn;3058.50;11.00;424.50;0.00;11871
403;naval_base_spawn;2062.50;11.00;838.50;0.00;11652
342;naval_base_spawn;2168.50;11.00;948.50;0.00;11513
418;naval_base_spawn;2346.50;11.00;609.50;0.00;11976
330;naval_base_spawn;2267.50;11.00;835.50;0.00;11973
563;naval_base_spawn;3088.50;11.00;465.50;0.00;11871
539;naval_base_spawn;3023.50;11.00;315.50;0.00;11645
491;naval_base_spawn;2081.50;11.00;873.50;0.00;11652
446;naval_base_spawn;3425.50;11.00;698.50;0.00;11600
312;naval_base_spawn;2308.50;11.00;776.50;0.00;11973
473;naval_base_spawn;3334.50;11.00;44.50;0.00;11804
342;naval_base_spawn;2180.50;11.00;958.50;0.00;11513
311;naval_base_spawn;3581.50;11.00;272.50;0.00;11546
504;naval_base_spawn;2791.50;11.00;873.50;0.00;11599
311;naval_base_spawn;3583.50;11.00;263.50;0.00;11546
540;naval_base_spawn;3462.50;11.00;719.50;0.00;11405
522;naval_base_spawn;3281.50;11.00;124.50;0.00;11482
413;naval_base_spawn;2893.50;11.00;864.50;0.00;11820
498;naval_base_spawn;3572.50;11.00;533.50;0.00;11977
431;naval_base_spawn;3595.50;11.00;246.50;0.00;11822
518;naval_base_spawn;2870.50;11.00;803.50;0.00;11820
462;naval_base_spawn;3108.50;11.00;317.50;0.00;11542
473;naval_base_spawn;3304.50;11.00;88.50;0.00;11482
540;naval_base_spawn;3452.50;11.00;714.50;0.00;11600
549;naval_base_spawn;2786.50;11.00;426.50;0.00;11914
537;naval_base_spawn;3701.50;11.00;615.50;0.00;11443
545;naval_base_spawn;2420.50;11.00;874.50;0.00;11448
519;naval_base_spawn;2801.50;11.00;404.50;0.00;11914
422;naval_base_spawn;2002.50;11.00;530.50;0.00;11954
478;naval_base_spawn;3179.50;11.00;247.50;0.00;11542
565;naval_base_spawn;2806.50;11.00;649.50;0.00;11975
336;naval_base_spawn;3623.50;11.00;555.50;0.00;11977
519;naval_base_spawn;2838.50;11.00;376.50;0.00;11914
327;naval_base_spawn;3456.50;11.00;619.50;0.00;11805
507;naval_base_spawn;2043.50;11.00;482.50;0.00;11954
289;naval_base_spawn;2803.50;11.00;877.50;0.00;11599
353;naval_base_spawn;3678.50;11.00;337.50;0.00;11879
492;naval_base_spawn;2271.50;11.00;954.50;0.00;11710
497;naval_base_spawn;3249.50;11.00;477.50;0.00;11920
435;naval_base_spawn;2959.50;11.00;473.50;0.00;11979
519;naval_base_spawn;2828.50;11.00;382.50;0.00;11914
486;naval_base_spawn;3644.50;11.00;320.50;0.00;11879
294;naval_base_spawn;2269.50;11.00;317.50;0.00;11916
549;naval_base_spawn;2774.50;11.00;442.50;0.00;11914
563;naval_base_spawn;3078.50;11.00;457.50;0.00;11871
356;naval_base_spawn;2042.50;11.00;780.50;0.00;11774
504;naval_base_spawn;2770.50;11.00;862.50;0.00;11599
478;naval_base_spawn;3157.50;11.00;260.50;0.00;11542
499;naval_base_spawn;3237.50;11.00;186.50;0.00;11482
305;naval_base_spawn;2913.50;11.00;868.50;0.00;11597
422;naval_base_spawn;2009.50;11.00;559.50;0.00;11603
356;naval_base_spawn;2045.50;11.00;789.50;0.00;11774
370;naval_base_spawn;2200.50;11.00;338.50;0.00;11916
336;naval_base_spawn;3612.50;11.00;552.50;0.00;11977
345;naval_base_spawn;3684.50;11.00;189.50;0.00;11822
358;naval_base_spawn;2078.50;11.00;415.50;0.00;11601
318;naval_base_spawn;2138.50;11.00;931.50;0.00;11513
353;naval_base_spawn;3668.50;11.00;329.50;0.00;11879
490;naval_base_spawn;3465.50;11.00;553.50;0.00;11805
492;naval_base_spawn;2266.50;11.00;946.50;0.00;11710
539;naval_base_spawn;3002.50;11.00;321.50;0.00;11645
327;naval_base_spawn;3467.50;11.00;605.50;0.00;11805
294;naval_base_spawn;2224.50;11.00;328.50;0.00;11916
446;naval_base_spawn;3416.50;11.00;696.50;0.00;11600
356;naval_base_spawn;2041.50;11.00;771.50;0.00;11774
358;naval_base_spawn;2117.50;11.00;388.50;0.00;11601
491;naval_base_spawn;2075.50;11.00;861.50;0.00;11652
349;naval_base_spawn;3769.50;11.00;385.50;0.00;11490
431;naval_base_spawn;3603.50;11.00;233.50;0.00;11822
375;naval_base_spawn;2015.50;11.00;677.50;0.00;11800
490;naval_base_spawn;3478.50;11.00;575.50;0.00;11805
385;naval_base_spawn;2862.50;11.00;676.50;0.00;11895
497;naval_base_spawn;3264.50;11.00;483.50;0.00;11978
490;naval_base_spawn;3466.50;11.00;519.50;0.00;11805
334;naval_base_spawn;2302.50;11.00;310.50;0.00;11531
311;naval_base_spawn;3598.50;11.00;296.50;0.00;11546
290;naval_base_spawn;3302.50;11.00;102.50;0.00;11482
522;naval_base_spawn;3241.50;11.00;174.50;0.00;11482
520;naval_base_spawn;3141.50;11.00;887.50;0.00;11505
349;naval_base_spawn;3766.50;11.00;394.50;0.00;11490
358;naval_base_spawn;2072.50;11.00;425.50;0.00;11601
385;naval_base_spawn;2856.50;11.00;701.50;0.00;11723
370;naval_base_spawn;2191.50;11.00;342.50;0.00;11706
422;naval_base_spawn;2020.50;11.00;579.50;0.00;11603
498;naval_base_spawn;3588.50;11.00;538.50;0.00;11977
504;naval_base_spawn;2758.50;11.00;857.50;0.00;11881
538;naval_base_spawn;2853.50;11.00;366.50;0.00;11914
522;naval_base_spawn;3273.50;11.00;136.50;0.00;11482
573;naval_base_spawn;3209.50;11.00;907.50;0.00;11788
574;naval_base_spawn;3228.50;11.00;868.50;0.00;11828
573;naval_base_spawn;3214.50;11.00;889.50;0.00;11505
574;naval_base_spawn;3252.50;11.00;852.50;0.00;11828
573;naval_base_spawn;3214.50;11.00;937.50;0.00;11524
573;naval_base_spawn;3217.50;11.00;899.50;0.00;11505
573;naval_base_spawn;3221.50;11.00;883.50;0.00;11828
573;naval_base_spawn;3225.50;11.00;949.50;0.00;11524
574;naval_base_spawn;3238.50;11.00;859.50;0.00;11828
572;naval_base_spawn;3249.50;11.00;954.50;0.00;11524
572;naval_base_spawn;3237.50;11.00;954.50;0.00;11524
573;naval_base_spawn;3210.50;11.00;922.50;0.00;11788
575;naval_base_spawn;3528.50;11.00;757.50;0.00;11405
575;naval_base_spawn;3539.50;11.00;771.50;0.00;11405
576;naval_base_spawn;3562.50;11.00;723.50;0.00;11405
575;naval_base_spawn;3538.50;11.00;730.50;0.00;11405
575;naval_base_spawn;3528.50;11.00;735.50;0.00;11405
575;naval_base_spawn;3526.50;11.00;744.50;0.00;11405
575;naval_base_spawn;3550.50;11.00;725.50;0.00;11405
117;naval_base_spawn;2239.50;11.00;1095.50;0.00;11834
127;naval_base_spawn;3077.50;11.00;1169.50;0.00;11790
45;naval_base_spawn;2875.50;11.00;929.50;0.00;11820
241;naval_base_spawn;3172.50;11.00;1190.50;0.00;11693
236;naval_base_spawn;2728.50;11.00;904.50;0.00;11881
25;naval_base_spawn;2442.50;11.00;1495.50;0.00;11971
85;naval_base_spawn;2886.50;11.00;1550.50;0.00;11969
129;naval_base_spawn;2215.50;11.00;1315.50;0.00;11806
221;naval_base_spawn;2479.50;11.00;1058.50;0.00;11413
85;naval_base_spawn;2843.50;11.00;1571.50;0.00;11969
45;naval_base_spawn;2856.50;11.00;929.50;0.00;11820
94;naval_base_spawn;2814.50;11.00;924.50;0.00;11599
117;naval_base_spawn;2228.50;11.00;1099.50;0.00;11834
117;naval_base_spawn;2251.50;11.00;1099.50;0.00;11834
150;naval_base_spawn;3100.50;11.00;914.50;0.00;11649
181;naval_base_spawn;3050.50;11.00;919.50;0.00;11649
212;naval_base_spawn;2625.50;11.00;1032.50;0.00;11521
94;naval_base_spawn;2827.50;11.00;925.50;0.00;11599
85;naval_base_spawn;2830.50;11.00;1573.50;0.00;11969
8;naval_base_spawn;2565.50;11.00;1030.50;0.00;11521
139;naval_base_spawn;2262.50;11.00;1096.50;0.00;11834
8;naval_base_spawn;2579.50;11.00;1035.50;0.00;11521
129;naval_base_spawn;2198.50;11.00;1316.50;0.00;11806
122;naval_base_spawn;2903.50;11.00;932.50;0.00;11820
113;naval_base_spawn;2994.50;11.00;923.50;0.00;11766
234;naval_base_spawn;3127.50;11.00;909.50;0.00;11505
335;naval_base_spawn;3197.50;11.00;497.50;0.00;11810
414;naval_base_spawn;3042.50;11.00;475.50;0.00;11871
451;naval_base_spawn;3547.50;11.00;567.50;0.00;11977
425;naval_base_spawn;2440.50;11.00;310.50;0.00;11535
395;naval_base_spawn;2324.50;11.00;619.50;0.00;11976
414;naval_base_spawn;3067.50;11.00;476.50;0.00;11871
485;naval_base_spawn;2533.50;11.00;302.50;0.00;11535
541;naval_base_spawn;3834.50;11.00;392.50;0.00;11951
451;naval_base_spawn;3536.50;11.00;569.50;0.00;11977
493;naval_base_spawn;3415.50;11.00;47.50;0.00;11804
334;naval_base_spawn;2324.50;11.00;310.50;0.00;11531
395;naval_base_spawn;2309.50;11.00;619.50;0.00;11976
485;naval_base_spawn;2562.50;11.00;296.50;0.00;11535
334;naval_base_spawn;2337.50;11.00;310.50;0.00;11531
352;naval_base_spawn;3471.50;11.00;57.50;0.00;11804
493;naval_base_spawn;3376.50;11.00;45.50;0.00;11804
450;naval_base_spawn;3594.50;11.00;320.50;0.00;11546
334;naval_base_spawn;2354.50;11.00;314.50;0.00;11531
425;naval_base_spawn;2451.50;11.00;311.50;0.00;11535
283;naval_base_spawn;3655.50;11.00;215.50;0.00;11822
334;naval_base_spawn;2313.50;11.00;310.50;0.00;11531
334;naval_base_spawn;2364.50;11.00;311.50;0.00;11531
505;naval_base_spawn;2918.50;11.00;332.50;0.00;11836
434;naval_base_spawn;3604.50;11.00;111.50;0.00;11692
493;naval_base_spawn;3389.50;11.00;45.50;0.00;11804
569;naval_base_spawn;2933.50;11.00;333.50;0.00;11836
421;naval_base_spawn;3681.50;11.00;377.50;0.00;11490
335;naval_base_spawn;3188.50;11.00;503.50;0.00;11810
414;naval_base_spawn;3021.50;11.00;479.50;0.00;11871
343;naval_base_spawn;3333.50;11.00;503.50;0.00;11978
493;naval_base_spawn;3441.50;11.00;57.50;0.00;11804
535;naval_base_spawn;2409.50;11.00;313.50;0.00;11531
535;naval_base_spawn;2399.50;11.00;311.50;0.00;11531
473;naval_base_spawn;3346.50;11.00;44.50;0.00;11804
535;naval_base_spawn;2431.50;11.00;310.50;0.00;11535
283;naval_base_spawn;3644.50;11.00;213.50;0.00;11822
514;naval_base_spawn;3007.50;11.00;474.50;0.00;11871
425;naval_base_spawn;2488.50;11.00;311.50;0.00;11535
343;naval_base_spawn;3323.50;11.00;504.50;0.00;11978
569;naval_base_spawn;2946.50;11.00;333.50;0.00;11645
415;naval_base_spawn;3595.50;11.00;570.50;0.00;11977
535;naval_base_spawn;2419.50;11.00;309.50;0.00;11531
485;naval_base_spawn;2575.50;11.00;296.50;0.00;11535
399;naval_base_spawn;3169.50;11.00;494.50;0.00;11699
294;naval_base_spawn;2291.50;11.00;317.50;0.00;11531
414;naval_base_spawn;3034.50;11.00;481.50;0.00;11871
343;naval_base_spawn;3344.50;11.00;504.50;0.00;11978
535;naval_base_spawn;2383.50;11.00;310.50;0.00;11531
347;naval_base_spawn;3670.50;11.00;118.50;0.00;11692
535;naval_base_spawn;2371.50;11.00;317.50;0.00;11531
497;naval_base_spawn;3294.50;11.00;504.50;0.00;11978
336;naval_base_spawn;3613.50;11.00;571.50;0.00;11977
327;naval_base_spawn;3454.50;11.00;652.50;0.00;11805
352;naval_base_spawn;3463.50;11.00;63.50;0.00;11804
462;naval_base_spawn;3093.50;11.00;317.50;0.00;11645
425;naval_base_spawn;2466.50;11.00;313.50;0.00;11535
425;naval_base_spawn;2479.50;11.00;314.50;0.00;11535
414;naval_base_spawn;3055.50;11.00;475.50;0.00;11871
343;naval_base_spawn;3356.50;11.00;504.50;0.00;11978
144;naval_base_spawn;3032.50;11.00;1319.50;0.00;11970
158;naval_base_spawn;2644.50;11.00;1979.50;0.00;11562
29;naval_base_spawn;2726.50;11.00;1984.50;0.00;11460
50;naval_base_spawn;2905.50;11.00;1945.50;0.00;11773
251;naval_base_spawn;3019.50;11.00;1887.50;0.00;11957
50;naval_base_spawn;2887.50;11.00;1944.50;0.00;11773
206;naval_base_spawn;2532.50;11.00;2023.50;0.00;11872
209;naval_base_spawn;2299.50;11.00;1280.50;0.00;11738
2;naval_base_spawn;2270.50;11.00;1276.50;0.00;11806
29;naval_base_spawn;2764.50;11.00;1983.50;0.00;11460
237;naval_base_spawn;2428.50;11.00;1314.50;0.00;11859
2;naval_base_spawn;2259.50;11.00;1280.50;0.00;11806
55;naval_base_spawn;2846.50;11.00;1945.50;0.00;11773
29;naval_base_spawn;2741.50;11.00;1984.50;0.00;11460
2;naval_base_spawn;2281.50;11.00;1279.50;0.00;11738
144;naval_base_spawn;3043.50;11.00;1318.50;0.00;11970
50;naval_base_spawn;2896.50;11.00;1941.50;0.00;11773
50;naval_base_spawn;2875.50;11.00;1943.50;0.00;11773
213;naval_base_spawn;3090.50;11.00;1119.50;0.00;11553
19;naval_base_spawn;3041.50;11.00;1889.50;0.00;11957
158;naval_base_spawn;2708.50;11.00;1978.50;0.00;11460
222;naval_base_spawn;2931.50;11.00;1351.50;0.00;11970
29;naval_base_spawn;2751.50;11.00;1981.50;0.00;11460
251;naval_base_spawn;3030.50;11.00;1891.50;0.00;11957
158;naval_base_spawn;2717.50;11.00;1982.50;0.00;11460
55;naval_base_spawn;2861.50;11.00;1946.50;0.00;11773
517;naval_base_spawn;3554.50;11.00;526.50;0.00;11977
411;naval_base_spawn;3079.50;11.00;865.50;0.00;11649
454;naval_base_spawn;3629.50;11.00;660.50;0.00;11443
283;naval_base_spawn;3656.50;11.00;177.50;0.00;11822
325;naval_base_spawn;2323.50;11.00;593.50;0.00;11976
513;naval_base_spawn;2594.50;11.00;829.50;0.00;11852
416;naval_base_spawn;3594.50;11.00;660.50;0.00;11405
325;naval_base_spawn;2335.50;11.00;590.50;0.00;11976
513;naval_base_spawn;2576.50;11.00;825.50;0.00;11852
412;naval_base_spawn;3715.50;11.00;198.50;0.00;11822
345;naval_base_spawn;3703.50;11.00;201.50;0.00;11822
500;naval_base_spawn;3247.50;11.00;785.50;0.00;11828
289;naval_base_spawn;2814.50;11.00;877.50;0.00;11599
405;naval_base_spawn;3198.50;11.00;875.50;0.00;11505
341;naval_base_spawn;2966.50;11.00;861.50;0.00;11597
343;naval_base_spawn;3356.50;11.00;491.50;0.00;11978
454;naval_base_spawn;3618.50;11.00;655.50;0.00;11443
343;naval_base_spawn;3380.50;11.00;508.50;0.00;11487
444;naval_base_spawn;3213.50;11.00;450.50;0.00;11699
563;naval_base_spawn;3114.50;11.00;468.50;0.00;11871
411;naval_base_spawn;3064.50;11.00;865.50;0.00;11649
325;naval_base_spawn;2310.50;11.00;590.50;0.00;11976
513;naval_base_spawn;2585.50;11.00;832.50;0.00;11852
513;naval_base_spawn;2560.50;11.00;834.50;0.00;11852
540;naval_base_spawn;3472.50;11.00;715.50;0.00;11405
341;naval_base_spawn;2995.50;11.00;863.50;0.00;11766
454;naval_base_spawn;3607.50;11.00;659.50;0.00;11443
411;naval_base_spawn;3046.50;11.00;867.50;0.00;11766
411;naval_base_spawn;3028.50;11.00;866.50;0.00;11766