0;0;0;0;sea;false;ocean;0
1;136;255;136;land;false;plains;1
2;38;160;12;land;true;plains;1
3;217;22;97;land;false;plains;1
4;22;194;251;land;false;plains;1
5;205;88;218;land;false;plains;1
6;251;207;101;land;false;plains;1
7;33;54;169;land;false;plains;1
8;198;192;218;land;false;plains;1
9;193;35;159;land;false;plains;1
10;255;127;28;land;false;plains;1
11;145;18;57;land;false;plains;1
12;167;66;97;land;false;plains;1
13;97;250;46;land;false;plains;1
14;86;216;233;land;false;plains;1
15;90;253;103;land;false;plains;1
16;112;74;200;land;false;plains;1
17;36;72;221;land;false;plains;1
18;22;183;56;land;false;plains;1
19;218;68;124;land;false;plains;1
20;110;81;24;land;false;plains;1
21;194;61;63;land;false;plains;1
22;18;73;29;land;false;plains;1
23;205;169;116;land;false;plains;1
24;219;227;219;land;false;plains;1
25;141;221;209;land;false;plains;1
26;136;16;24;land;false;plains;1
27;22;16;251;land;false;plains;1
28;14;125;98;land;true;plains;1
29;182;174;241;land;true;plains;1
30;134;55;221;land;false;plains;1
31;178;23;147;land;false;plains;1
32;235;195;194;land;false;plains;1
33;129;241;0;land;false;plains;1
34;147;88;92;land;false;plains;1
35;51;230;123;land;false;plains;1
36;181;114;248;land;false;plains;1
37;1;139;66;land;true;plains;1
38;28;152;127;land;true;plains;1
39;24;188;7;land;true;plains;1
40;140;178;180;land;false;plains;1
41;83;171;208;land;false;plains;1
42;199;104;28;land;false;plains;1
43;134;64;149;land;false;plains;1
44;237;135;235;land;false;plains;1
45;98;236;47;land;false;plains;1
46;194;185;96;land;false;plains;1
47;249;82;152;land;false;plains;1
48;113;71;2;land;false;plains;1
49;68;62;233;land;false;plains;1
50;90;38;108;land;false;plains;1
51;188;85;169;land;false;plains;1
52;47;224;43;land;false;plains;1
53;13;83;185;land;false;plains;1
54;218;99;61;land;false;plains;1
55;194;125;72;land;true;plains;1
56;64;181;160;land;false;plains;1
57;151;189;97;land;false;plains;1
58;172;86;253;land;false;plains;1
59;183;243;99;land;false;plains;1
60;163;196;138;land;false;plains;1
61;130;128;64;land;true;plains;1
62;59;206;229;land;false;plains;1
63;201;185;215;land;true;plains;1
64;19;242;30;land;false;plains;1
65;209;137;222;land;false;plains;1
66;98;105;254;land;false;plains;1
67;131;175;230;land;false;plains;1
68;22;63;183;land;false;plains;1
69;14;30;38;land;false;plains;1
70;204;119;207;land;false;plains;1
71;32;112;4;land;false;plains;1
72;110;23;15;land;false;plains;1
73;189;84;189;land;true;plains;1
74;249;200;243;land;false;plains;1
75;214;15;162;land;false;plains;1
76;41;149;253;land;false;plains;1
77;126;24;117;land;false;plains;1
78;76;101;160;land;false;plains;1
79;115;127;10;land;false;plains;1
80;41;83;40;land;false;plains;1
81;16;3;65;land;false;plains;1
82;23;27;77;land;false;plains;1
83;128;143;10;land;false;plains;1
84;139;111;114;land;false;plains;1
85;158;73;108;land;false;plains;1
86;236;123;70;land;false;plains;1
87;94;19;195;land;true;plains;1
88;175;60;210;land;false;plains;1
89;146;213;100;land;false;plains;1
90;187;7;38;land;false;plains;1
91;46;2;152;land;false;plains;1
92;102;102;131;land;false;plains;1
93;120;114;240;land;true;plains;1
94;64;10;233;land;false;plains;1
95;237;172;108;land;false;plains;1
96;6;100;190;land;false;plains;1
97;206;239;185;land;false;plains;1
98;20;7;56;land;false;plains;1
99;200;190;34;land;false;plains;1
100;49;89;180;land;false;plains;1
101;88;75;147;land;false;plains;1
102;212;131;191;land;false;plains;1
103;164;9;226;land;false;plains;1
104;182;190;242;land;false;plains;1
105;160;239;102;land;false;plains;1
106;4;17;114;land;false;plains;1
107;103;184;197;land;false;plains;1
108;77;151;118;land;false;plains;1
109;129;57;38;land;false;plains;1
110;160;246;48;land;false;plains;1
111;210;103;158;land;false;plains;1
112;35;121;250;land;true;plains;1
113;62;165;229;land;true;plains;1
114;161;237;151;land;false;plains;1
115;139;218;74;land;false;plains;1
116;202;28;132;land;false;plains;1
117;151;168;99;land;false;plains;1
118;131;102;66;land;false;plains;1
119;113;27;174;land;false;plains;1
120;58;146;228;land;false;plains;1
121;81;56;30;land;false;plains;1
122;81;46;83;land;false;plains;1
123;115;206;142;land;false;plains;1
124;30;44;187;land;false;plains;1
125;81;106;17;land;false;plains;1
126;44;116;113;land;false;plains;1
127;58;108;7;land;false;plains;1
128;34;80;34;land;false;plains;1
129;56;37;210;land;true;plains;1
130;150;76;9;land;false;plains;1
131;23;55;197;land;false;plains;1
132;195;106;164;land;false;plains;1
133;68;141;249;land;false;plains;1
134;249;136;176;land;false;plains;1
135;141;43;221;land;false;plains;1
136;175;36;224;land;true;plains;1
137;191;102;65;land;false;plains;1
138;76;150;56;land;false;plains;1
139;227;181;221;land;false;plains;1
140;227;99;32;land;false;plains;1
141;83;124;91;land;false;plains;1
142;86;195;236;land;true;plains;1
143;16;85;176;land;false;plains;1
144;110;68;214;land;false;plains;1
145;250;211;138;land;false;plains;1
146;184;14;22;land;false;plains;1
147;219;138;254;land;false;plains;1
148;240;217;26;land;false;plains;1
149;162;26;160;land;false;plains;1
150;223;2;123;land;false;plains;1
151;211;20;255;land;false;plains;1
152;44;220;222;land;false;plains;1
153;185;130;155;land;false;plains;1
154;217;93;232;land;false;plains;1
155;70;43;245;land;true;plains;1
156;16;1;201;land;true;plains;1
157;194;127;92;land;false;plains;1
158;180;255;222;land;false;plains;1
159;161;55;212;land;false;plains;1
160;245;154;38;land;false;plains;1
161;115;71;201;land;true;plains;1
162;76;39;128;land;false;plains;1
163;42;251;249;land;false;plains;1
164;195;163;185;land;false;plains;1
165;9;157;184;land;false;plains;1
166;18;221;17;land;false;plains;1
167;194;195;230;land;false;plains;1
168;31;96;29;land;false;plains;1
169;121;46;217;land;false;plains;1
170;85;100;152;land;false;plains;1
171;179;24;106;land;false;plains;1
172;190;120;145;land;false;plains;1
173;54;70;29;land;false;plains;1
174;194;71;189;land;false;plains;1
175;90;55;126;land;false;plains;1
176;137;202;236;land;false;plains;1
177;52;112;14;land;false;plains;1
178;99;37;9;land;false;plains;1
179;17;194;186;land;false;plains;1
180;109;96;52;land;false;plains;1
181;170;68;61;land;false;plains;1
182;127;72;231;land;false;plains;1
183;248;128;127;land;false;plains;1
184;60;16;44;land;false;plains;1
185;147;41;37;land;false;plains;1
186;24;166;226;land;true;plains;1
187;114;92;65;land;false;plains;1
188;247;95;108;land;false;plains;1
189;149;159;103;land;false;plains;1
190;163;1;254;land;false;plains;1
191;228;255;93;land;false;plains;1
192;176;64;94;land;false;plains;1
193;25;178;237;land;false;plains;1
194;140;23;158;land;false;plains;1
195;173;250;104;land;false;plains;1
196;15;97;12;land;false;plains;1
197;36;81;80;land;false;plains;1
198;68;10;108;land;false;plains;1
199;199;232;187;land;false;plains;1
200;16;58;116;land;true;plains;1
201;197;137;190;land;false;plains;1
202;136;16;214;land;false;plains;1
203;194;94;113;land;false;plains;1
204;164;38;66;land;false;plains;1
205;215;25;43;land;false;plains;1
206;211;218;119;land;false;plains;1
207;49;64;219;land;false;plains;1
208;23;252;31;land;false;plains;1
209;242;58;126;land;false;plains;1
210;40;109;67;land;false;plains;1
211;93;253;170;land;false;plains;1
212;23;32;70;land;false;plains;1
213;7;111;232;land;false;plains;1
214;123;224;73;land;false;plains;1
215;119;194;72;land;false;plains;1
216;57;180;5;land;false;plains;1
217;68;205;85;land;false;plains;1
218;111;26;26;land;false;plains;1
219;127;179;64;land;false;plains;1
220;61;183;234;land;false;plains;1
221;185;24;136;land;false;plains;1
222;54;56;182;land;false;plains;1
223;11;39;124;land;false;plains;1
224;160;158;254;land;true;plains;1
225;250;31;182;land;false;plains;1
226;235;53;142;land;false;plains;1
227;139;85;28;land;false;plains;1
228;34;233;94;land;false;plains;1
229;132;214;244;land;false;plains;1
230;127;177;155;land;false;plains;1
231;39;70;108;land;false;plains;1
232;43;1;224;land;false;plains;1
233;226;206;23;land;false;plains;1
234;77;144;199;land;false;plains;1
235;190;55;26;land;false;plains;1
236;211;77;118;land;false;plains;1
237;75;183;129;land;false;plains;1
238;220;240;250;land;false;plains;1
239;174;46;142;land;false;plains;1
240;212;47;233;land;false;plains;1
241;200;16;198;land;false;plains;1
242;42;111;88;land;true;plains;1
243;236;177;82;land;false;plains;1
244;142;147;44;land;false;plains;1
245;187;140;20;land;false;plains;1
246;168;213;32;land;false;plains;1
247;190;178;217;land;true;plains;1
248;11;162;72;land;false;plains;1
249;75;31;209;land;false;plains;1
250;220;223;62;land;false;plains;1
251;93;220;101;land;false;plains;1
252;195;229;189;land;false;plains;1
253;183;40;160;land;false;plains;1
254;174;73;147;land;false;plains;1
255;247;53;88;land;false;plains;1
256;34;97;56;land;false;plains;1
257;125;120;60;land;false;plains;1
258;45;219;116;land;false;plains;1
259;105;99;211;land;true;plains;1
260;105;60;210;land;false;plains;1
261;74;164;59;land;false;plains;1
262;105;163;151;land;false;plains;1
263;83;157;5;land;true;plains;1
264;34;236;109;land;false;plains;1
265;49;53;23;land;false;plains;1
266;209;238;194;land;false;plains;1
267;231;72;101;land;false;plains;1
268;129;172;103;land;false;plains;1
269;114;103;248;land;true;plains;1
270;214;247;188;land;false;plains;1
271;94;196;12;land;false;plains;1
272;31;195;116;land;false;plains;1
273;58;11;71;land;false;plains;1
274;139;30;228;land;true;plains;1
275;19;234;64;land;false;plains;1
276;69;113;204;land;false;plains;1
277;207;57;254;land;false;plains;1
278;52;195;246;land;false;plains;1
279;120;135;110;land;true;plains;1
280;208;114;1;land;false;plains;1
281;174;182;108;land;true;plains;1
282;177;143;41;land;false;plains;1
283;203;152;45;land;false;plains;1
284;234;99;192;land;false;plains;1
285;49;172;201;land;false;plains;1
286;129;54;33;land;false;plains;1
287;48;224;125;land;false;plains;1
288;246;191;199;land;true;plains;1
289;69;148;2;land;false;plains;1
290;131;229;213;land;false;plains;1
291;118;234;54;land;false;plains;1
292;40;53;210;land;true;plains;1
293;137;7;45;land;false;plains;1
294;66;25;146;land;false;plains;1
295;33;180;37;land;false;plains;1
296;57;249;255;land;false;plains;1
297;9;70;225;land;false;plains;1
298;189;113;23;land;false;plains;1
299;175;9;66;land;false;plains;1
300;76;45;200;land;true;plains;1
301;204;222;236;land;false;plains;1
302;199;214;72;land;false;plains;1
303;121;2;88;land;true;plains;1
304;53;118;135;land;false;plains;1
305;191;39;127;land;false;plains;1
306;135;129;105;land;false;plains;1
307;84;138;83;land;false;plains;1
308;41;80;119;land;false;plains;1
309;187;155;253;land;false;plains;1
310;22;147;235;land;false;plains;1
311;58;124;100;land;true;plains;1
312;167;164;99;land;false;plains;1
313;16;158;46;land;false;plains;1
314;131;209;70;land;false;plains;1
315;144;65;192;land;false;plains;1
316;17;174;211;land;false;plains;1
317;238;173;88;land;false;plains;1
318;120;154;99;land;false;plains;1
319;171;45;139;land;false;plains;1
320;122;235;100;land;false;plains;1
321;230;219;212;land;false;plains;1
322;183;34;168;land;false;plains;1
323;240;10;152;land;false;plains;1
324;42;202;146;land;true;plains;1
325;48;132;204;land;false;plains;1
326;233;36;130;land;false;plains;1
327;111;169;152;land;false;plains;1
328;1;63;24;land;false;plains;1
329;220;48;172;land;true;plains;1
330;34;125;23;land;false;plains;1
331;41;231;60;land;false;plains;1
332;244;52;81;land;true;plains;1
333;101;157;81;land;false;plains;1
334;42;117;46;land;false;plains;1
335;213;245;35;land;false;plains;1
336;183;226;68;land;false;plains;1
337;59;187;250;land;false;plains;1
338;56;20;148;land;false;plains;1
339;161;229;93;land;true;plains;1
340;223;124;111;land;false;plains;1
341;146;157;65;land;false;plains;1
342;68;176;198;land;false;plains;1
343;179;248;139;land;false;plains;1
344;63;24;128;land;false;plains;1
345;216;57;178;land;false;plains;1
346;227;75;77;land;true;plains;1
347;24;49;108;land;false;plains;1
348;157;211;183;land;false;plains;1
349;66;5;49;land;false;plains;1
350;247;179;151;land;false;plains;1
351;79;0;141;land;false;plains;1
352;53;166;110;land;false;plains;1
353;107;50;188;land;false;plains;1
354;145;212;68;land;false;plains;1
355;196;139;124;land;false;plains;1
356;116;6;38;land;false;plains;1
357;250;210;168;land;false;plains;1
358;14;20;101;land;false;plains;1
359;213;104;135;land;false;plains;1
360;10;200;139;land;false;plains;1
361;92;114;155;land;false;plains;1
362;106;251;22;land;false;plains;1
363;111;124;0;land;true;plains;1
364;116;155;14;land;false;plains;1
365;9;75;201;land;false;plains;1
366;5;213;93;land;true;plains;1
367;206;86;92;land;false;plains;1
368;74;157;217;land;false;plains;1
369;30;7;192;land;true;plains;1
370;121;137;208;land;false;plains;1
371;215;108;67;land;false;plains;1
372;117;221;197;land;false;plains;1
373;200;113;195;land;false;plains;1
374;49;94;122;land;false;plains;1
375;99;219;169;land;false;plains;1
376;22;126;57;land;false;plains;1
377;18;125;42;land;false;plains;1
378;233;130;142;land;false;plains;1
379;229;21;99;land;false;plains;1
380;224;118;67;land;true;plains;1
381;222;164;240;land;false;plains;1
382;207;117;255;land;false;plains;1
383;73;10;20;land;false;plains;1
384;177;158;7;land;false;plains;1
385;168;50;175;land;false;plains;1
386;83;226;236;land;false;plains;1
387;61;161;73;land;false;plains;1
388;125;50;93;land;false;plains;1
389;6;205;141;land;false;plains;1
390;184;110;36;land;false;plains;1
391;174;211;201;land;false;plains;1
392;177;38;9;land;false;plains;1
393;210;208;199;land;false;plains;1
394;2;206;135;land;false;plains;1
395;163;1;180;land;false;plains;1
396;154;216;239;land;false;plains;1
397;209;94;6;land;false;plains;1
398;198;164;227;land;false;plains;1
399;35;47;88;land;false;plains;1
400;69;55;34;land;false;plains;1
401;60;107;44;land;false;plains;1
402;46;182;184;land;false;plains;1
403;213;28;204;land;false;plains;1
404;23;129;168;land;false;plains;1
405;47;151;66;land;false;plains;1
406;45;31;44;land;false;plains;1
407;51;24;11;land;false;plains;1
408;71;69;146;land;false;plains;1
409;222;161;19;land;false;plains;1
410;13;74;208;land;false;plains;1
411;206;255;162;land;false;plains;1
412;99;58;60;land;false;plains;1
413;126;30;32;land;false;plains;1
414;226;17;51;land;false;plains;1
415;1;8;229;land;false;plains;1
416;49;153;206;land;false;plains;1
417;224;78;15;land;true;plains;1
418;253;156;52;land;false;plains;1
419;203;103;223;land;false;plains;1
420;65;205;27;land;false;plains;1
421;224;195;203;land;false;plains;1
422;115;109;182;land;false;plains;1
423;201;32;5;land;false;plains;1
424;187;113;227;land;false;plains;1
425;244;152;152;land;false;plains;1
426;197;178;50;land;true;plains;1
427;199;131;135;land;false;plains;1
428;109;35;189;land;false;plains;1
429;170;4;95;land;false;plains;1
430;51;248;199;land;false;plains;1
431;170;149;150;land;true;plains;1
432;215;62;162;land;true;plains;1
433;159;45;190;land;false;plains;1
434;184;127;92;land;false;plains;1
435;120;33;49;land;false;plains;1
436;223;42;225;land;false;plains;1
437;183;218;108;land;false;plains;1
438;133;202;101;land;false;plains;1
439;180;255;52;land;false;plains;1
440;93;225;103;land;false;plains;1
441;113;225;85;land;false;plains;1
442;241;182;105;land;true;plains;1
443;70;204;25;land;false;plains;1
444;151;81;72;land;false;plains;1
445;219;123;162;land;false;plains;1
446;221;87;70;land;false;plains;1
447;199;185;142;land;false;plains;1
448;21;95;39;land;false;plains;1
449;225;35;71;land;false;plains;1
450;62;125;127;land;false;plains;1
451;142;47;163;land;false;plains;1
452;23;18;236;land;false;plains;1
453;129;127;47;land;false;plains;1
454;123;34;90;land;false;plains;1
455;117;47;195;land;false;plains;1
456;73;114;102;land;false;plains;1
457;105;242;235;land;false;plains;1
458;111;245;250;land;false;plains;1
459;129;246;82;land;false;plains;1
460;228;233;212;land;false;plains;1
461;5;116;128;land;false;plains;1
462;153;43;40;land;false;plains;1
463;145;226;25;land;false;plains;1
464;219;104;85;land;false;plains;1
465;5;238;244;land;false;plains;1
466;138;229;210;land;false;plains;1
467;9;183;122;land;false;plains;1
468;111;166;244;land;false;plains;1
469;188;66;32;land;false;plains;1
470;201;208;4;land;false;plains;1
471;35;147;186;land;false;plains;1
472;142;46;222;land;true;plains;1
473;218;241;100;land;false;plains;1
474;215;182;173;land;false;plains;1
475;62;151;219;land;false;plains;1
476;200;36;78;land;false;plains;1
477;215;120;32;land;false;plains;1
478;81;232;164;land;false;plains;1
479;29;75;153;land;false;plains;1
480;230;187;124;land;false;plains;1
481;131;107;131;land;false;plains;1
482;138;16;225;land;false;plains;1
483;112;212;66;land;false;plains;1
484;221;16;203;land;false;plains;1
485;116;34;120;land;true;plains;1
486;28;41;249;land;true;plains;1
487;171;206;231;land;false;plains;1
488;87;114;57;land;false;plains;1
489;166;234;250;land;false;plains;1
490;136;133;71;land;false;plains;1
491;167;19;16;land;false;plains;1
492;206;81;6;land;false;plains;1
493;194;11;225;land;false;plains;1
494;153;109;221;land;false;plains;1
495;120;41;238;land;false;plains;1
496;252;4;73;land;false;plains;1
497;133;159;68;land;false;plains;1
498;230;34;205;land;false;plains;1
499;218;253;48;land;false;plains;1
500;63;135;151;land;false;plains;1
501;80;28;109;land;false;plains;1
502;179;154;181;land;false;plains;1
503;144;201;239;land;false;plains;1
504;243;246;34;land;false;plains;1
505;71;94;234;land;false;plains;1
506;70;178;54;land;false;plains;1
507;20;179;89;land;false;plains;1
508;18;17;85;land;true;plains;1
509;247;81;126;land;false;plains;1
510;214;226;106;land;false;plains;1
511;195;213;40;land;false;plains;1
512;199;208;235;land;false;plains;1
513;6;230;118;land;false;plains;1
514;25;160;68;land;false;plains;1
515;147;7;56;land;false;plains;1
516;90;138;19;land;false;plains;1
517;230;146;35;land;false;plains;1
518;124;47;119;land;false;plains;1
519;162;59;227;land;false;plains;1
520;103;185;12;land;false;plains;1
521;78;141;148;land;false;plains;1
522;188;111;162;land;false;plains;1
523;144;183;129;land;false;plains;1
524;45;24;108;land;false;plains;1
525;97;9;73;land;false;plains;1
526;183;206;228;land;false;plains;1
527;141;124;73;land;false;plains;1
528;123;222;3;land;true;plains;1
529;92;57;70;land;false;plains;1
530;47;51;42;land;false;plains;1
531;23;236;31;land;false;plains;1
532;83;2;7;land;false;plains;1
533;51;42;221;land;false;plains;1
534;40;133;92;land;false;plains;1
535;143;36;216;land;false;plains;1
536;170;232;46;land;false;plains;1
537;100;18;111;land;false;plains;1
538;127;5;113;land;false;plains;1
539;203;102;45;land;false;plains;1
540;114;168;26;land;false;plains;1
541;172;179;140;land;false;plains;1
542;207;185;112;land;false;plains;1
543;77;101;149;land;false;plains;1
544;110;86;207;land;false;plains;1
545;155;211;93;land;false;plains;1
546;83;109;139;land;false;plains;1
547;154;209;105;land;false;plains;1
548;119;1;31;land;false;plains;1
549;173;183;89;land;false;plains;1
550;227;201;235;land;false;plains;1
551;7;103;1;land;false;plains;1
552;44;156;134;land;true;plains;1
553;181;81;248;land;false;plains;1
554;245;32;163;land;false;plains;1
555;88;98;141;land;true;plains;1
556;248;22;180;land;false;plains;1
557;181;30;3;land;false;plains;1
558;204;212;68;land;false;plains;1
559;111;218;55;land;false;plains;1
560;78;155;160;land;true;plains;1
561;190;184;170;land;false;plains;1
562;148;219;237;land;true;plains;1
563;251;236;99;land;false;plains;1
564;103;197;167;land;false;plains;1
565;5;71;150;land;false;plains;1
566;239;192;77;land;false;plains;1
567;54;109;148;land;false;plains;1
568;22;68;91;land;false;plains;1
569;223;46;201;land;false;plains;1
570;203;234;111;land;false;plains;1
571;70;28;139;land;false;plains;1
572;76;61;227;land;false;plains;1
573;85;221;101;land;false;plains;1
574;149;220;225;land;false;plains;1
575;104;209;148;land;false;plains;1
576;129;56;17;land;false;plains;1
577;85;235;96;land;false;plains;1
578;31;4;19;land;false;plains;1
579;254;143;121;land;false;plains;1
580;177;57;27;land;false;plains;1
581;159;158;108;land;false;plains;1
582;120;6;46;land;false;plains;1
583;218;41;45;land;false;plains;1
584;93;29;219;land;false;plains;1
585;163;91;112;land;false;plains;1
586;225;117;88;land;false;plains;1
587;8;236;127;land;false;plains;1
588;73;63;17;land;false;plains;1
589;117;173;167;land;false;plains;1
590;227;208;251;land;false;plains;1
591;59;200;31;land;false;plains;1
592;186;168;49;land;false;plains;1
593;65;152;43;land;false;plains;1
594;89;193;18;land;true;plains;1
595;210;113;85;land;true;plains;1
596;176;77;44;land;false;plains;1
597;237;151;89;land;false;plains;1
598;236;78;145;land;false;plains;1
599;14;234;118;land;false;plains;1
600;187;199;8;land;false;plains;1
601;62;101;58;land;false;plains;1
602;13;242;16;land;false;plains;1
603;219;188;244;land;false;plains;1
604;85;209;29;land;false;plains;1
605;198;128;254;land;false;plains;1
606;8;208;188;land;true;plains;1
607;72;205;156;land;false;plains;1
608;5;194;146;land;false;plains;1
609;64;173;242;land;false;plains;1
610;235;154;75;land;false;plains;1
611;234;30;68;land;false;plains;1
612;227;138;169;land;false;plains;1
613;245;81;61;land;true;plains;1
614;40;108;113;land;false;plains;1
615;75;247;82;land;true;plains;1
616;220;80;21;land;false;plains;1
617;98;38;182;land;false;plains;1
618;47;137;39;land;false;plains;1
619;111;13;64;land;false;plains;1
620;87;238;241;land;true;plains;1
621;92;216;69;land;false;plains;1
622;115;232;217;land;false;plains;1
623;169;139;131;land;false;plains;1
624;44;52;24;land;false;plains;1
625;239;52;144;land;false;plains;1
626;83;17;194;land;false;plains;1
627;32;234;223;land;false;plains;1
628;189;118;175;land;false;plains;1
629;168;13;86;land;false;plains;1
630;153;15;130;land;false;plains;1
631;142;32;229;land;false;plains;1
632;13;116;204;land;false;plains;1
633;178;244;248;land;false;plains;1
634;72;240;247;land;true;plains;1
635;129;222;81;land;false;plains;1
636;147;190;133;land;true;plains;1
637;141;136;68;land;true;plains;1
638;173;247;32;land;false;plains;1
639;200;251;218;land;false;plains;1
640;188;139;125;land;false;plains;1
641;220;61;95;land;true;plains;1
642;255;242;42;land;false;plains;1
643;193;172;235;land;true;plains;1
644;115;204;27;land;false;plains;1
645;16;68;120;land;false;plains;1
646;170;75;127;land;false;plains;1
647;83;73;211;land;false;plains;1
648;113;235;61;land;true;plains;1
649;192;143;218;land;false;plains;1
650;104;3;221;land;true;plains;1
651;39;0;191;land;false;plains;1
652;248;100;217;land;false;plains;1
653;8;5;206;land;false;plains;1
654;104;105;148;land;false;plains;1
655;39;244;63;land;false;plains;1
656;88;223;89;land;false;plains;1
657;255;140;53;land;false;plains;1
658;106;95;176;land;false;plains;1
659;210;112;209;land;true;plains;1
660;163;43;8;land;false;plains;1
661;99;126;107;land;false;plains;1
662;208;204;137;land;false;plains;1
663;186;130;175;land;true;plains;1
664;49;234;186;land;false;plains;1
665;59;233;148;land;false;plains;1
666;82;181;1;land;false;plains;1
667;190;144;4;land;false;plains;1
668;188;45;175;land;false;plains;1
669;190;177;209;land;false;plains;1
670;42;203;149;land;false;plains;1
671;189;170;252;land;false;plains;1
672;31;217;16;land;false;plains;1
673;148;153;68;land;true;plains;1
674;85;63;32;land;false;plains;1
675;91;231;19;land;false;plains;1
676;117;99;13;land;false;plains;1
677;208;55;116;land;true;plains;1
678;5;203;172;land;false;plains;1
679;10;238;209;land;true;plains;1
680;41;246;29;land;false;plains;1
681;44;197;254;land;false;plains;1
682;27;230;20;land;false;plains;1
683;105;18;8;land;false;plains;1
684;96;33;13;land;false;plains;1
685;13;0;70;land;false;plains;1
686;23;2;89;land;false;plains;1
687;128;43;195;land;false;plains;1
688;117;119;157;land;false;plains;1
689;132;59;238;land;false;plains;1
690;197;160;135;land;false;plains;1
691;218;225;243;land;false;plains;1
692;138;230;33;land;false;plains;1
693;236;30;229;land;false;plains;1
694;184;57;127;land;false;plains;1
695;21;39;98;land;false;plains;1
696;146;12;155;land;false;plains;1
697;95;70;39;land;false;plains;1
698;178;3;118;land;false;plains;1
699;14;216;23;land;false;plains;1
700;150;67;45;land;false;plains;1
701;61;67;31;land;true;plains;1
702;118;82;72;land;false;plains;1
703;140;100;243;land;false;plains;1
704;37;21;248;land;false;plains;1
705;145;107;167;land;false;plains;1
706;183;253;251;land;false;plains;1
707;120;62;213;land;true;plains;1
708;27;82;185;land;false;plains;1
709;73;33;140;land;false;plains;1
710;41;35;121;land;false;plains;1
711;122;233;226;land;false;plains;1
712;36;99;95;land;true;plains;1
713;143;1;76;land;false;plains;1
714;230;158;9;land;false;plains;1
715;106;111;192;land;false;plains;1
716;120;158;109;land;false;plains;1
717;68;253;104;land;false;plains;1
718;128;199;237;land;false;plains;1
719;209;247;168;land;false;plains;1
720;34;65;16;land;false;plains;1
721;36;125;111;land;false;plains;1
722;240;139;200;land;false;plains;1
723;11;159;12;land;false;plains;1
724;237;40;14;land;true;plains;1
725;253;2;167;land;false;plains;1
726;38;58;13;land;false;plains;1
727;28;129;156;land;false;plains;1
728;6;43;137;land;false;plains;1
729;81;75;182;land;true;plains;1
730;127;64;117;land;false;plains;1
731;86;59;211;land;false;plains;1
732;13;240;5;land;false;plains;1
733;66;157;88;land;false;plains;1
734;178;41;178;land;false;plains;1
735;74;5;106;land;false;plains;1
736;86;244;163;land;false;plains;1
737;225;225;66;land;false;plains;1
738;126;243;44;land;false;plains;1
739;52;173;231;land;false;plains;1
740;76;56;97;land;true;plains;1
741;55;165;23;land;false;plains;1
742;114;4;2;land;false;plains;1
743;194;7;189;land;false;plains;1
744;1;50;35;land;false;plains;1
745;141;85;205;land;false;plains;1
746;42;195;211;land;false;plains;1
747;105;223;34;land;false;plains;1
748;155;13;137;land;false;plains;1
749;138;71;191;land;false;plains;1
750;97;225;92;land;false;plains;1
751;55;153;136;land;false;plains;1
752;201;245;141;land;false;plains;1
753;31;251;99;land;false;plains;1
754;61;72;132;land;false;plains;1
755;114;198;13;land;false;plains;1
756;229;180;191;land;false;plains;1
757;47;144;183;land;false;plains;1
758;77;85;221;land;false;plains;1
759;176;198;160;land;false;plains;1
760;1;194;50;land;true;plains;1
761;7;28;179;land;false;plains;1
762;175;13;209;land;false;plains;1
763;52;99;32;land;false;plains;1
764;51;74;140;land;false;plains;1
765;90;252;164;land;false;plains;1
766;161;3;58;land;false;plains;1
767;176;21;64;land;false;plains;1
768;57;164;216;land;true;plains;1
769;113;108;168;land;false;plains;1
770;155;172;28;land;false;plains;1
771;81;79;30;land;false;plains;1
772;192;15;69;land;false;plains;1
773;159;29;207;land;false;plains;1
774;92;148;36;land;false;plains;1
775;196;15;205;land;false;plains;1
776;105;173;213;land;false;plains;1
777;174;176;44;land;false;plains;1
778;245;99;155;land;false;plains;1
779;160;100;45;land;false;plains;1
780;57;148;185;land;false;plains;1
781;112;83;36;land;false;plains;1
782;22;128;44;land;false;plains;1
783;108;219;252;land;false;plains;1
784;7;84;109;land;true;plains;1
785;180;198;179;land;false;plains;1
786;87;82;207;land;true;plains;1
787;130;225;24;land;false;plains;1
788;162;181;226;land;false;plains;1
789;53;11;82;land;false;plains;1
790;30;62;123;land;false;plains;1
791;113;124;124;land;false;plains;1
792;5;165;247;land;true;plains;1
793;197;210;178;land;true;plains;1
794;86;52;56;land;false;plains;1
795;227;98;162;land;false;plains;1
796;236;112;60;land;false;plains;1
797;62;254;236;land;false;plains;1
798;246;13;117;land;false;plains;1
799;121;203;210;land;false;plains;1
800;114;47;250;land;false;plains;1
801;195;48;187;land;false;plains;1
802;93;114;37;land;false;plains;1
803;128;8;158;land;false;plains;1
804;190;6;0;land;false;plains;1
805;152;150;112;land;true;plains;1
806;232;118;153;land;false;plains;1
807;125;13;22;land;false;plains;1
808;159;240;33;land;false;plains;1
809;188;3;192;land;false;plains;1
810;126;40;138;land;false;plains;1
811;184;7;13;land;false;plains;1
812;1;72;11;land;false;plains;1
813;32;13;238;land;false;plains;1
814;179;84;125;land;false;plains;1
815;248;66;34;land;false;plains;1
816;79;77;94;land;false;plains;1
817;25;218;126;land;false;plains;1
818;117;87;18;land;false;plains;1
819;197;90;222;land;false;plains;1
820;13;174;239;land;false;plains;1
821;16;60;248;land;false;plains;1
822;68;231;170;land;false;plains;1
823;155;83;174;land;false;plains;1
824;138;65;153;land;false;plains;1
825;164;80;75;land;false;plains;1
826;195;115;33;land;false;plains;1
827;108;49;216;land;false;plains;1
828;241;96;157;land;false;plains;1
829;27;224;65;land;false;plains;1
830;248;195;238;land;false;plains;1
831;130;14;183;land;false;plains;1
832;93;182;21;land;false;plains;1
833;118;2;106;land;false;plains;1
834;67;141;151;land;false;plains;1
835;32;106;32;land;false;plains;1
836;56;152;132;land;false;plains;1
837;92;239;10;land;false;plains;1
838;199;5;182;land;false;plains;1
839;52;13;245;land;false;plains;1
840;18;168;97;land;false;plains;1
841;218;196;101;land;false;plains;1
842;66;26;100;land;false;plains;1
843;141;50;187;land;false;plains;1
844;29;1;122;land;false;plains;1
845;134;111;119;land;false;plains;1
846;183;83;44;land;false;plains;1
847;133;136;220;land;false;plains;1
848;85;115;66;land;false;plains;1
849;252;189;229;land;false;plains;1
850;201;41;242;land;true;plains;1
851;251;171;153;land;false;plains;1
852;90;121;51;land;false;plains;1
853;9;22;51;land;false;plains;1
854;115;255;144;land;false;plains;1
855;72;231;185;land;false;plains;1
856;195;161;243;land;false;plains;1
857;166;252;122;land;true;plains;1
858;188;249;92;land;false;plains;1
859;124;197;244;land;false;plains;1
860;159;38;142;land;false;plains;1
861;177;183;64;land;false;plains;1
862;69;137;176;land;false;plains;1
863;83;212;93;land;false;plains;1
864;245;40;105;land;false;plains;1
865;73;89;157;land;true;plains;1
866;20;185;26;land;false;plains;1
867;254;46;229;land;false;plains;1
868;19;195;18;land;false;plains;1
869;173;115;187;land;false;plains;1
870;24;62;101;land;true;plains;1
871;128;95;62;land;false;plains;1
872;37;172;195;land;false;plains;1
873;112;81;203;land;false;plains;1
874;114;166;229;land;false;plains;1
875;94;169;250;land;false;plains;1
876;243;207;120;land;false;plains;1
877;16;21;105;land;false;plains;1
878;231;190;31;land;false;plains;1
879;93;70;255;land;true;plains;1
880;224;69;98;land;false;plains;1
881;168;194;43;land;false;plains;1
882;32;235;21;land;false;plains;1
883;67;98;189;land;false;plains;1
884;193;255;170;land;false;plains;1
885;173;28;147;land;false;plains;1
886;116;148;111;land;false;plains;1
887;243;216;190;land;false;plains;1
888;113;69;33;land;false;plains;1
889;59;142;114;land;false;plains;1
890;180;120;164;land;true;plains;1
891;225;165;127;land;false;plains;1
892;21;166;136;land;false;plains;1
893;206;204;169;land;false;plains;1
894;51;159;127;land;false;plains;1
895;48;132;247;land;false;plains;1
896;218;41;220;land;false;plains;1
897;187;29;66;land;false;plains;1
898;184;0;116;land;false;plains;1
899;94;35;199;land;false;plains;1
900;44;235;118;land;false;plains;1
901;83;252;180;land;false;plains;1
902;78;170;82;land;false;plains;1
903;4;22;27;land;false;plains;1
904;100;85;0;land;false;plains;1
905;4;103;38;land;false;plains;1
906;207;50;19;land;true;plains;1
907;209;111;220;land;true;plains;1
908;187;205;58;land;false;plains;1
909;71;150;32;land;false;plains;1
910;148;222;36;land;false;plains;1
911;113;204;82;land;false;plains;1
912;29;84;14;land;false;plains;1
913;2;213;15;land;false;plains;1
914;140;0;127;land;false;plains;1
915;41;117;12;land;false;plains;1
916;251;202;128;land;false;plains;1
917;64;97;226;land;false;plains;1
918;45;19;75;land;false;plains;1
919;151;69;72;land;false;plains;1
920;169;116;93;land;false;plains;1
921;148;178;67;land;false;plains;1
922;118;102;159;land;false;plains;1
923;223;255;230;land;false;plains;1
924;18;15;33;land;false;plains;1
925;75;41;103;land;false;plains;1
926;219;85;144;land;false;plains;1
927;59;191;216;land;false;plains;1
928;134;48;175;land;false;plains;1
929;255;154;179;land;false;plains;1
930;4;223;57;land;false;plains;1
931;254;245;54;land;false;plains;1
932;85;174;45;land;false;plains;1
933;46;31;197;land;false;plains;1
934;194;241;238;land;false;plains;1
935;21;104;121;land;false;plains;1
936;173;49;87;land;false;plains;1
937;37;240;110;land;true;plains;1
938;126;67;237;land;false;plains;1
939;106;123;217;land;false;plains;1
940;185;70;252;land;false;plains;1
941;46;8;118;land;false;plains;1
942;184;97;224;land;false;plains;1
943;9;175;249;land;false;plains;1
944;230;138;16;land;false;plains;1
945;205;227;242;land;false;plains;1
946;169;203;172;land;false;plains;1
947;66;199;105;land;false;plains;1
948;166;64;63;land;false;plains;1
949;157;14;230;land;false;plains;1
950;110;28;246;land;false;plains;1
951;76;254;93;land;false;plains;1
952;208;32;81;land;false;plains;1
953;4;38;1;land;false;plains;1
954;79;253;113;land;false;plains;1
955;235;209;60;land;false;plains;1
956;79;159;130;land;false;plains;1
957;151;231;201;land;false;plains;1
958;160;141;16;land;false;plains;1
959;223;91;183;land;true;plains;1
960;188;176;62;land;false;plains;1
961;229;196;158;land;false;plains;1
962;35;13;183;land;false;plains;1
963;202;169;83;land;false;plains;1
964;113;187;248;land;false;plains;1
965;135;210;38;land;false;plains;1
966;149;132;49;land;false;plains;1
967;79;166;99;land;false;plains;1
968;233;241;1;land;false;plains;1
969;61;60;232;land;false;plains;1
970;24;213;226;land;false;plains;1
971;205;222;179;land;false;plains;1
972;88;31;242;land;false;plains;1
973;92;85;54;land;false;plains;1
974;166;122;199;land;false;plains;1
975;125;66;232;land;false;plains;1
976;115;109;136;land;false;plains;1
977;245;215;238;land;false;plains;1
978;160;33;241;land;false;plains;1
979;157;231;204;land;false;plains;1
980;36;59;9;land;false;plains;1
981;158;122;181;land;false;plains;1
982;21;214;129;land;false;plains;1
983;11;174;220;land;false;plains;1
984;186;230;29;land;false;plains;1
985;234;35;177;land;true;plains;1
986;193;205;166;land;false;plains;1
987;153;47;97;land;false;plains;1
988;90;138;26;land;false;plains;1
989;114;175;86;land;false;plains;1
990;106;70;91;land;false;plains;1
991;18;43;153;land;false;plains;1
992;100;25;73;land;false;plains;1
993;113;42;85;land;false;plains;1
994;201;153;153;land;false;plains;1
995;251;48;67;land;false;plains;1
996;57;177;85;land;false;plains;1
997;167;100;71;land;false;plains;1
998;10;69;4;land;false;plains;1
999;112;255;37;land;false;plains;1
1000;220;10;164;land;false;plains;1
1001;240;127;14;land;true;plains;1
1002;45;44;207;land;false;plains;1
1003;173;48;170;land;true;plains;1
1004;46;70;79;land;false;plains;1
1005;118;121;137;land;false;plains;1
1006;126;161;46;land;false;plains;1
1007;94;171;161;land;false;plains;1
1008;134;184;185;land;true;plains;1
1009;47;214;149;land;false;plains;1
1010;48;142;62;land;false;plains;1
1011;207;137;54;land;false;plains;1
1012;200;129;75;land;false;plains;1
1013;113;79;245;land;false;plains;1
1014;84;79;211;land;false;plains;1
1015;216;210;113;land;false;plains;1
1016;4;194;67;land;false;plains;1
1017;29;253;28;land;false;plains;1
1018;169;126;31;land;false;plains;1
1019;136;57;126;land;false;plains;1
1020;137;146;70;land;false;plains;1
1021;255;53;83;land;false;plains;1
1022;36;170;9;land;false;plains;1
1023;161;210;70;land;false;plains;1
1024;240;215;84;land;false;plains;1
1025;125;4;207;land;false;plains;1
1026;173;82;29;land;false;plains;1
1027;236;4;118;land;true;plains;1
1028;157;144;214;land;false;plains;1
1029;120;118;158;land;false;plains;1
1030;26;154;113;land;false;plains;1
1031;151;139;53;land;true;plains;1
1032;239;14;63;land;false;plains;1
1033;216;100;109;land;false;plains;1
1034;44;51;90;land;false;plains;1
1035;235;62;244;land;false;plains;1
1036;223;18;69;land;false;plains;1
1037;111;121;188;land;true;plains;1
1038;150;97;166;land;true;plains;1
1039;159;227;246;land;false;plains;1
1040;183;198;244;land;false;plains;1
1041;33;3;7;land;false;plains;1
1042;203;204;192;land;true;plains;1
1043;20;225;91;land;false;plains;1
1044;251;9;167;land;false;plains;1
1045;171;167;156;land;false;plains;1
1046;43;215;230;land;false;plains;1
1047;218;100;197;land;false;plains;1
1048;83;96;48;land;false;plains;1
1049;204;14;19;land;false;plains;1
1050;76;96;247;land;true;plains;1
1051;13;31;64;land;false;plains;1
1052;172;4;222;land;false;plains;1
1053;212;252;141;land;false;plains;1
1054;236;136;236;land;false;plains;1
1055;14;167;228;land;false;plains;1
1056;233;77;46;land;false;plains;1
1057;91;69;155;land;false;plains;1
1058;253;230;99;land;false;plains;1
1059;63;90;128;land;false;plains;1
1060;108;152;41;land;false;plains;1
1061;192;179;73;land;false;plains;1
1062;148;75;213;land;false;plains;1
1063;162;75;237;land;false;plains;1
1064;23;44;113;land;false;plains;1
1065;113;204;245;land;true;plains;1
1066;114;64;73;land;false;plains;1
1067;162;82;247;land;false;plains;1
1068;117;119;176;land;false;plains;1
1069;204;118;173;land;false;plains;1
1070;88;227;97;land;false;plains;1
1071;37;250;118;land;false;plains;1
1072;166;254;48;land;false;plains;1
1073;201;146;38;land;false;plains;1
1074;156;233;104;land;false;plains;1
1075;214;11;218;land;false;plains;1
1076;60;18;192;land;false;plains;1
1077;70;202;158;land;false;plains;1
1078;151;65;11;land;false;plains;1
1079;81;76;30;land;false;plains;1
1080;239;16;40;land;true;plains;1
1081;116;107;200;land;false;plains;1
1082;75;128;134;land;false;plains;1
1083;120;112;33;land;false;plains;1
1084;121;69;200;land;false;plains;1
1085;214;24;182;land;true;plains;1
1086;5;204;143;land;false;plains;1
1087;209;182;139;land;true;plains;1
1088;151;211;24;land;false;plains;1
1089;200;164;148;land;false;plains;1
1090;38;90;26;land;false;plains;1
1091;248;226;229;land;false;plains;1
1092;34;103;118;land;false;plains;1
1093;100;70;78;land;false;plains;1
1094;245;232;67;land;false;plains;1
1095;76;181;226;land;false;plains;1
1096;51;163;163;land;false;plains;1
1097;12;163;129;land;false;plains;1
1098;107;187;5;land;false;plains;1
1099;240;171;253;land;false;plains;1
1100;60;8;67;land;true;plains;1
1101;120;100;51;land;false;plains;1
1102;123;59;108;land;false;plains;1
1103;78;46;177;land;false;plains;1
1104;92;188;156;land;false;plains;1
1105;148;66;67;land;false;plains;1
1106;119;210;82;land;false;plains;1
1107;250;66;75;land;false;plains;1
1108;85;17;176;land;false;plains;1
1109;97;218;69;land;false;plains;1
1110;200;23;19;land;false;plains;1
1111;88;51;113;land;true;plains;1
1112;254;182;166;land;false;plains;1
1113;160;117;2;land;false;plains;1
1114;16;10;239;land;false;plains;1
1115;20;222;154;land;false;plains;1
1116;203;37;101;land;false;plains;1
1117;45;199;68;land;false;plains;1
1118;21;92;253;land;false;plains;1
1119;212;194;246;land;true;plains;1
1120;236;219;197;land;false;plains;1
1121;157;168;110;land;true;plains;1
1122;70;95;70;land;true;plains;1
1123;239;207;78;land;false;plains;1
1124;163;75;187;land;false;plains;1
1125;149;65;223;land;false;plains;1
1126;124;255;50;land;false;plains;1
1127;251;12;140;land;false;plains;1
1128;200;47;83;land;false;plains;1
1129;206;101;158;land;false;plains;1
1130;171;75;92;land;false;plains;1
1131;60;50;193;land;false;plains;1
1132;249;86;187;land;false;plains;1
1133;158;198;91;land;false;plains;1
1134;125;10;209;land;false;plains;1
1135;32;54;29;land;false;plains;1
1136;100;0;235;land;false;plains;1
1137;240;208;254;land;false;plains;1
1138;112;127;183;land;true;plains;1
1139;1;69;19;land;false;plains;1
1140;101;42;209;land;false;plains;1
1141;21;190;33;land;false;plains;1
1142;240;41;76;land;false;plains;1
1143;155;57;179;land;false;plains;1
1144;137;153;187;land;false;plains;1
1145;56;125;85;land;false;plains;1
1146;41;223;118;land;false;plains;1
1147;7;255;58;land;false;plains;1
1148;197;76;196;land;false;plains;1
1149;92;211;206;land;false;plains;1
1150;146;122;97;land;false;plains;1
1151;240;150;1;land;true;plains;1
1152;139;90;206;land;false;plains;1
1153;208;59;94;land;false;plains;1
1154;138;152;183;land;false;plains;1
1155;244;166;3;land;false;plains;1
1156;153;206;74;land;false;plains;1
1157;54;202;243;land;false;plains;1
1158;121;134;249;land;false;plains;1
1159;186;176;144;land;false;plains;1
1160;180;31;184;land;false;plains;1
1161;190;46;143;land;false;plains;1
1162;206;43;131;land;false;plains;1
1163;93;89;13;land;false;plains;1
1164;132;101;51;land;false;plains;1
1165;88;21;202;land;false;plains;1
1166;68;202;191;land;false;plains;1
1167;85;166;195;land;false;plains;1
1168;117;47;91;land;false;plains;1
1169;42;151;22;land;false;plains;1
1170;244;233;49;land;false;plains;1
1171;175;155;61;land;false;plains;1
1172;180;123;239;land;false;plains;1
1173;225;223;47;land;false;plains;1
1174;84;133;209;land;false;plains;1
1175;231;237;116;land;false;plains;1
1176;105;84;72;land;false;plains;1
1177;133;5;62;land;false;plains;1
1178;139;172;162;land;false;plains;1
1179;92;213;247;land;false;plains;1
1180;201;11;215;land;false;plains;1
1181;74;111;35;land;true;plains;1
1182;133;208;20;land;false;plains;1
1183;78;250;42;land;false;plains;1
1184;11;17;108;land;false;plains;1
1185;139;71;201;land;false;plains;1
1186;217;147;161;land;false;plains;1
1187;95;50;185;land;false;plains;1
1188;128;218;53;land;false;plains;1
1189;92;21;81;land;false;plains;1
1190;112;221;251;land;false;plains;1
1191;31;145;214;land;false;plains;1
1192;219;14;24;land;false;plains;1
1193;216;113;72;land;false;plains;1
1194;72;169;32;land;false;plains;1
1195;136;95;88;land;false;plains;1
1196;94;200;140;land;false;plains;1
1197;136;86;115;land;false;plains;1
1198;5;178;30;land;false;plains;1
1199;158;128;135;land;false;plains;1
1200;4;234;115;land;true;plains;1
1201;26;121;210;land;false;plains;1
1202;93;88;112;land;false;plains;1
1203;23;63;231;land;false;plains;1
1204;222;119;130;land;false;plains;1
1205;135;61;151;land;true;plains;1
1206;211;247;73;land;false;plains;1
1207;43;229;11;land;true;plains;1
1208;222;79;11;land;false;plains;1
1209;137;101;121;land;false;plains;1
1210;2;187;192;land;false;plains;1
1211;215;188;163;land;false;plains;1
1212;202;198;68;land;false;plains;1
1213;106;146;57;land;false;plains;1
1214;229;120;154;land;false;plains;1
1215;93;115;2;land;false;plains;1
1216;183;251;1;land;false;plains;1
1217;246;88;180;land;true;plains;1
1218;138;81;237;land;true;plains;1
1219;66;212;111;land;false;plains;1
1220;93;30;77;land;false;plains;1
1221;231;154;233;land;false;plains;1
1222;35;193;182;land;false;plains;1
1223;224;224;118;land;false;plains;1
1224;159;246;238;land;false;plains;1
1225;91;64;178;land;false;plains;1
1226;77;188;231;land;false;plains;1
1227;13;152;253;land;false;plains;1
1228;80;241;38;land;false;plains;1
1229;213;50;104;land;false;plains;1
1230;141;141;97;land;false;plains;1
1231;181;127;120;land;false;plains;1
1232;51;36;176;land;false;plains;1
1233;209;100;197;land;false;plains;1
1234;80;84;204;land;false;plains;1
1235;169;3;122;land;true;plains;1
1236;158;14;1;land;false;plains;1
1237;203;116;151;land;true;plains;1
1238;27;71;51;land;false;plains;1
1239;91;5;213;land;false;plains;1
1240;63;183;143;land;false;plains;1
1241;126;128;197;land;false;plains;1
1242;170;20;125;land;false;plains;1
1243;62;226;194;land;false;plains;1
1244;237;19;235;land;true;plains;1
1245;23;102;151;land;false;plains;1
1246;172;89;118;land;false;plains;1
1247;1;206;82;land;false;plains;1
1248;139;153;87;land;false;plains;1
1249;110;88;176;land;false;plains;1
1250;30;223;42;land;false;plains;1
1251;240;147;121;land;false;plains;1
1252;239;16;50;land;false;plains;1
1253;254;32;130;land;false;plains;1
1254;71;63;199;land;false;plains;1
1255;54;206;14;land;false;plains;1
1256;122;176;146;land;true;plains;1
1257;110;81;85;land;false;plains;1
1258;62;4;255;land;false;plains;1
1259;250;81;104;land;true;plains;1
1260;235;59;71;land;false;plains;1
1261;207;47;97;land;false;plains;1
1262;168;249;79;land;false;plains;1
1263;206;159;62;land;false;plains;1
1264;166;24;228;land;false;plains;1
1265;244;129;6;land;false;plains;1
1266;186;177;241;land;false;plains;1
1267;172;13;87;land;false;plains;1
1268;81;17;217;land;false;plains;1
1269;28;43;107;land;false;plains;1
1270;186;121;98;land;false;plains;1
1271;37;69;2;land;false;plains;1
1272;168;48;167;land;false;plains;1
1273;82;248;198;land;false;plains;1
1274;240;188;29;land;false;plains;1
1275;255;110;152;land;false;plains;1
1276;20;138;163;land;false;plains;1
1277;198;96;157;land;false;plains;1
1278;196;151;66;land;false;plains;1
1279;70;158;60;land;false;plains;1
1280;12;19;154;land;false;plains;1
1281;24;102;1;land;false;plains;1
1282;82;201;25;land;true;plains;1
1283;31;97;60;land;false;plains;1
1284;233;205;188;land;false;plains;1
1285;148;13;89;land;false;plains;1
1286;27;138;246;land;false;plains;1
1287;126;168;207;land;false;plains;1
1288;59;154;117;land;false;plains;1
1289;89;121;152;land;false;plains;1
1290;157;252;49;land;false;plains;1
1291;149;27;65;land;false;plains;1
1292;192;76;248;land;false;plains;1
1293;127;149;192;land;false;plains;1
1294;234;59;153;land;false;plains;1
1295;109;145;127;land;false;plains;1
1296;199;252;88;land;false;plains;1
1297;163;158;57;land;false;plains;1
1298;249;7;204;land;false;plains;1
1299;217;150;73;land;false;plains;1
1300;77;168;2;land;false;plains;1
1301;239;188;209;land;false;plains;1
1302;58;45;251;land;false;plains;1
1303;252;7;211;land;false;plains;1
1304;87;172;178;land;false;plains;1
1305;136;247;134;land;false;plains;1
1306;60;194;187;land;false;plains;1
1307;137;135;135;land;false;plains;1
1308;222;44;169;land;false;plains;1
1309;147;204;35;land;false;plains;1
1310;9;119;145;land;false;plains;1
1311;145;244;33;land;false;plains;1
1312;193;181;251;land;true;plains;1
1313;41;19;86;land;false;plains;1
1314;36;84;16;land;true;plains;1
1315;186;39;52;land;false;plains;1
1316;207;143;101;land;false;plains;1
1317;10;233;146;land;false;plains;1
1318;142;195;235;land;false;plains;1
1319;209;13;188;land;false;plains;1
1320;76;252;108;land;false;plains;1
1321;251;224;17;land;false;plains;1
1322;139;7;70;land;true;plains;1
1323;70;94;223;land;true;plains;1
1324;195;122;143;land;false;plains;1
1325;244;75;108;land;false;plains;1
1326;94;42;143;land;false;plains;1
1327;91;146;103;land;true;plains;1
1328;61;173;100;land;false;plains;1
1329;89;141;125;land;false;plains;1
1330;79;57;109;land;false;plains;1
1331;193;84;236;land;true;plains;1
1332;25;87;200;land;false;plains;1
1333;109;236;50;land;false;plains;1
1334;212;86;216;land;false;plains;1
1335;165;73;152;land;false;plains;1
1336;200;10;109;land;false;plains;1
1337;196;33;201;land;false;plains;1
1338;117;38;128;land;false;plains;1
1339;135;191;155;land;true;plains;1
1340;145;32;200;land;false;plains;1
1341;233;61;17;land;true;plains;1
1342;206;20;115;land;false;plains;1
1343;149;244;240;land;false;plains;1
1344;13;221;108;land;true;plains;1
1345;149;71;223;land;false;plains;1
1346;246;138;13;land;false;plains;1
1347;180;245;160;land;false;plains;1
1348;3;188;57;land;true;plains;1
1349;48;114;204;land;false;plains;1
1350;81;142;149;land;false;plains;1
1351;122;91;153;land;false;plains;1
1352;168;93;253;land;false;plains;1
1353;230;192;10;land;true;plains;1
1354;51;165;178;land;false;plains;1
1355;250;164;199;land;false;plains;1
1356;54;178;134;land;false;plains;1
1357;241;107;125;land;false;plains;1
1358;243;249;107;land;false;plains;1
1359;75;29;239;land;false;plains;1
1360;74;1;180;land;false;plains;1
1361;132;27;172;land;false;plains;1
1362;162;186;26;land;false;plains;1
1363;104;132;93;land;false;plains;1
1364;151;9;151;land;false;plains;1
1365;121;92;22;land;false;plains;1
1366;74;25;131;land;false;plains;1
1367;93;218;243;land;false;plains;1
1368;55;129;91;land;false;plains;1
1369;50;127;120;land;false;plains;1
1370;159;166;42;land;false;plains;1
1371;181;253;222;land;false;plains;1
1372;200;159;248;land;false;plains;1
1373;218;16;145;land;false;plains;1
1374;131;55;199;land;false;plains;1
1375;35;224;26;land;true;plains;1
1376;245;239;95;land;false;plains;1
1377;208;213;37;land;false;plains;1
1378;231;4;82;land;true;plains;1
1379;156;121;59;land;false;plains;1
1380;237;194;254;land;false;plains;1
1381;134;133;14;land;false;plains;1
1382;65;108;181;land;false;plains;1
1383;99;224;72;land;false;plains;1
1384;67;65;110;land;false;plains;1
1385;203;106;55;land;false;plains;1
1386;253;195;83;land;false;plains;1
1387;40;172;204;land;false;plains;1
1388;141;208;5;land;false;plains;1
1389;160;171;77;land;false;plains;1
1390;239;206;248;land;false;plains;1
1391;109;211;101;land;false;plains;1
1392;124;125;9;land;false;plains;1
1393;66;198;245;land;false;plains;1
1394;46;187;157;land;false;plains;1
1395;233;118;65;land;false;plains;1
1396;188;211;249;land;false;plains;1
1397;35;97;200;land;false;plains;1
1398;42;164;249;land;false;plains;1
1399;88;124;30;land;false;plains;1
1400;247;44;135;land;false;plains;1
1401;124;9;15;land;false;plains;1
1402;136;192;31;land;true;plains;1
1403;41;182;60;land;false;plains;1
1404;67;6;99;land;false;plains;1
1405;127;106;123;land;false;plains;1
1406;11;242;169;land;true;plains;1
1407;233;196;182;land;false;plains;1
1408;5;14;207;land;false;plains;1
1409;126;176;179;land;false;plains;1
1410;76;144;126;land;false;plains;1
1411;91;170;253;land;false;plains;1
1412;133;253;157;land;false;plains;1
1413;98;247;140;land;false;plains;1
1414;111;151;248;land;false;plains;1
1415;102;158;26;land;true;plains;1
1416;217;20;169;land;false;plains;1
1417;40;187;104;land;true;plains;1
1418;248;118;149;land;false;plains;1
1419;48;121;121;land;false;plains;1
1420;83;240;175;land;false;plains;1
1421;12;0;103;land;false;plains;1
1422;254;99;181;land;false;plains;1
1423;92;29;203;land;false;plains;1
1424;82;186;50;land;false;plains;1
1425;203;35;42;land;false;plains;1
1426;38;210;204;land;false;plains;1
1427;25;98;152;land;false;plains;1
1428;246;37;22;land;false;plains;1
1429;68;9;185;land;false;plains;1
1430;228;252;115;land;false;plains;1
1431;137;51;96;land;false;plains;1
1432;28;221;186;land;false;plains;1
1433;71;185;244;land;false;plains;1
1434;23;248;64;land;false;plains;1
1435;113;234;149;land;false;plains;1
1436;198;36;5;land;false;plains;1
1437;164;148;113;land;false;plains;1
1438;191;59;112;land;false;plains;1
1439;88;175;46;land;false;plains;1
1440;10;36;184;land;false;plains;1
1441;124;227;15;land;false;plains;1
1442;216;102;89;land;false;plains;1
1443;7;85;67;land;false;plains;1
1444;250;147;33;land;false;plains;1
1445;10;227;33;land;false;plains;1
1446;228;62;197;land;false;plains;1
1447;30;207;53;land;false;plains;1
1448;235;73;67;land;false;plains;1
1449;49;77;103;land;false;plains;1
1450;57;107;169;land;false;plains;1
1451;66;115;47;land;false;plains;1
1452;235;74;181;land;true;plains;1
1453;184;129;168;land;false;plains;1
1454;228;115;182;land;false;plains;1
1455;177;237;116;land;false;plains;1
1456;236;49;159;land;false;plains;1
1457;176;22;125;land;false;plains;1
1458;29;229;201;land;false;plains;1
1459;201;144;18;land;false;plains;1
1460;230;155;200;land;false;plains;1
1461;211;43;228;land;false;plains;1
1462;132;5;39;land;false;plains;1
1463;229;224;103;land;false;plains;1
1464;30;6;156;land;false;plains;1
1465;52;181;62;land;true;plains;1
1466;120;41;216;land;false;plains;1
1467;241;189;63;land;false;plains;1
1468;185;62;12;land;false;plains;1
1469;224;162;92;land;false;plains;1
1470;80;173;82;land;false;plains;1
1471;85;173;252;land;false;plains;1
1472;70;141;214;land;false;plains;1
1473;169;198;19;land;false;plains;1
1474;5;45;7;land;false;plains;1
1475;84;142;59;land;false;plains;1
1476;155;124;55;land;true;plains;1
1477;162;110;145;land;false;plains;1
1478;197;25;162;land;false;plains;1
1479;108;46;213;land;false;plains;1
1480;207;179;34;land;false;plains;1
1481;232;168;133;land;false;plains;1
1482;85;182;238;land;false;plains;1
1483;238;91;231;land;false;plains;1
1484;161;55;224;land;false;plains;1
1485;98;112;172;land;false;plains;1
1486;169;76;239;land;true;plains;1
1487;67;219;224;land;false;plains;1
1488;44;165;49;land;true;plains;1
1489;4;162;14;land;false;plains;1
1490;105;158;9;land;false;plains;1
1491;109;139;60;land;false;plains;1
1492;8;194;137;land;false;plains;1
1493;168;46;85;land;false;plains;1
1494;95;122;127;land;false;plains;1
1495;12;87;104;land;false;plains;1
1496;74;99;124;land;false;plains;1
1497;228;132;221;land;false;plains;1
1498;226;84;146;land;false;plains;1
1499;177;190;254;land;false;plains;1
1500;247;65;196;land;false;plains;1
1501;46;199;178;land;false;plains;1
1502;24;38;24;land;false;plains;1
1503;134;21;77;land;false;plains;1
1504;244;142;11;land;false;plains;1
1505;146;23;8;land;false;plains;1
1506;188;62;33;land;false;plains;1
1507;157;48;80;land;false;plains;1
1508;154;148;27;land;true;plains;1
1509;45;100;159;land;false;plains;1
1510;191;228;97;land;false;plains;1
1511;170;22;100;land;false;plains;1
1512;30;24;106;land;false;plains;1
1513;71;56;224;land;false;plains;1
1514;97;58;181;land;false;plains;1
1515;196;171;39;land;false;plains;1
1516;156;144;121;land;false;plains;1
1517;48;209;31;land;false;plains;1
1518;67;114;185;land;true;plains;1
1519;229;128;200;land;false;plains;1
1520;205;39;201;land;false;plains;1
1521;91;82;201;land;false;plains;1
1522;1;148;63;land;false;plains;1
1523;148;158;17;land;false;plains;1
1524;252;145;155;land;false;plains;1
1525;210;153;130;land;false;plains;1
1526;239;23;37;land;true;plains;1
1527;119;138;18;land;false;plains;1
1528;135;238;38;land;true;plains;1
1529;158;7;160;land;false;plains;1
1530;242;145;249;land;false;plains;1
1531;98;125;151;land;false;plains;1
1532;63;137;250;land;true;plains;1
1533;176;248;78;land;false;plains;1
1534;61;43;51;land;false;plains;1
1535;149;242;191;land;false;plains;1
1536;82;194;117;land;false;plains;1
1537;43;62;206;land;true;plains;1
1538;8;198;112;land;false;plains;1
1539;89;72;239;land;false;plains;1
1540;16;79;246;land;false;plains;1
1541;109;31;55;land;false;plains;1
1542;31;161;132;land;false;plains;1
1543;238;56;97;land;false;plains;1
1544;10;236;253;land;false;plains;1
1545;81;207;193;land;false;plains;1
1546;17;233;125;land;false;plains;1
1547;210;16;58;land;false;plains;1
1548;204;208;13;land;false;plains;1
1549;195;34;88;land;false;plains;1
1550;212;143;249;land;false;plains;1
1551;29;171;131;land;false;plains;1
1552;79;234;129;land;false;plains;1
1553;84;177;2;land;false;plains;1
1554;228;68;121;land;true;plains;1
1555;22;217;10;land;false;plains;1
1556;164;189;108;land;false;plains;1
1557;61;52;111;land;false;plains;1
1558;39;152;38;land;false;plains;1
1559;38;62;146;land;false;plains;1
1560;81;166;127;land;false;plains;1
1561;42;133;96;land;true;plains;1
1562;191;130;60;land;false;plains;1
1563;32;102;88;land;false;plains;1
1564;135;134;79;land;false;plains;1
1565;228;76;167;land;true;plains;1
1566;45;12;24;land;true;plains;1
1567;170;161;13;land;false;plains;1
1568;104;237;143;land;false;plains;1
1569;1;190;96;land;false;plains;1
1570;94;35;146;land;false;plains;1
1571;143;35;0;land;false;plains;1
1572;38;217;126;land;false;plains;1
1573;113;190;127;land;false;plains;1
1574;153;30;251;land;false;plains;1
1575;66;173;157;land;false;plains;1
1576;31;106;47;land;true;plains;1
1577;77;164;249;land;false;plains;1
1578;184;78;227;land;false;plains;1
1579;67;237;219;land;false;plains;1
1580;76;21;73;land;false;plains;1
1581;227;133;63;land;false;plains;1
1582;223;254;136;land;false;plains;1
1583;228;236;172;land;false;plains;1
1584;4;0;37;land;false;plains;1
1585;119;85;231;land;false;plains;1
1586;11;125;53;land;false;plains;1
1587;209;197;246;land;false;plains;1
1588;138;59;215;land;false;plains;1
1589;73;32;235;land;false;plains;1
1590;50;169;28;land;false;plains;1
1591;172;4;103;land;false;plains;1
1592;105;16;173;land;false;plains;1
1593;207;14;109;land;false;plains;1
1594;71;253;75;land;false;plains;1
1595;74;36;53;land;false;plains;1
1596;95;54;99;land;false;plains;1
1597;113;131;65;land;false;plains;1
1598;79;92;249;land;false;plains;1
1599;247;7;80;land;false;plains;1
1600;192;28;101;land;false;plains;1
1601;126;119;254;land;false;plains;1
1602;255;57;216;land;true;plains;1
1603;227;38;63;land;false;plains;1
1604;4;251;20;land;false;plains;1
1605;199;122;31;land;false;plains;1
1606;9;21;82;land;false;plains;1
1607;221;105;55;land;false;plains;1
1608;6;24;74;land;false;plains;1
1609;82;131;197;land;false;plains;1
1610;221;240;241;land;false;plains;1
1611;157;123;166;land;false;plains;1
1612;201;160;236;land;false;plains;1
1613;248;250;252;land;false;plains;1
1614;36;42;71;land;false;plains;1
1615;149;9;9;land;false;plains;1
1616;210;90;8;land;false;plains;1
1617;127;158;69;land;false;plains;1
1618;10;98;79;land;false;plains;1
1619;147;153;104;land;false;plains;1
1620;48;44;37;land;false;plains;1
1621;128;206;240;land;false;plains;1
1622;62;123;195;land;false;plains;1
1623;227;134;150;land;false;plains;1
1624;6;179;216;land;false;plains;1
1625;111;145;14;land;false;plains;1
1626;123;74;56;land;false;plains;1
1627;119;118;52;land;false;plains;1
1628;214;248;133;land;true;plains;1
1629;36;206;93;land;false;plains;1
1630;249;245;180;land;false;plains;1
1631;8;103;70;land;false;plains;1
1632;51;202;8;land;false;plains;1
1633;239;241;31;land;false;plains;1
1634;27;68;90;land;false;plains;1
1635;84;169;97;land;false;plains;1
1636;145;249;125;land;false;plains;1
1637;3;150;222;land;false;plains;1
1638;149;55;228;land;false;plains;1
1639;132;24;254;land;false;plains;1
1640;157;151;191;land;false;plains;1
1641;44;65;139;land;false;plains;1
1642;210;99;164;land;false;plains;1
1643;188;111;86;land;false;plains;1
1644;202;172;88;land;false;plains;1
1645;58;84;144;land;false;plains;1
1646;146;215;0;land;true;plains;1
1647;10;124;202;land;false;plains;1
1648;128;37;97;land;false;plains;1
1649;71;250;16;land;false;plains;1
1650;210;244;12;land;false;plains;1
1651;25;55;158;land;false;plains;1
1652;191;218;161;land;false;plains;1
1653;33;185;182;land;true;plains;1
1654;127;122;154;land;false;plains;1
1655;30;118;67;land;false;plains;1
1656;153;191;153;land;false;plains;1
1657;4;45;148;land;true;plains;1
1658;241;185;78;land;false;plains;1
1659;9;7;37;land;false;plains;1
1660;123;65;231;land;false;plains;1
1661;173;111;80;land;false;plains;1
1662;200;76;211;land;false;plains;1
1663;177;212;103;land;false;plains;1
1664;36;90;63;land;false;plains;1
1665;248;208;116;land;false;plains;1
1666;62;75;134;land;false;plains;1
1667;106;99;172;land;true;plains;1
1668;48;156;70;land;false;plains;1
1669;31;55;196;land;false;plains;1
1670;47;136;69;land;false;plains;1
1671;187;83;200;land;false;plains;1
1672;233;3;39;land;false;plains;1
1673;75;57;225;land;false;plains;1
1674;161;188;54;land;false;plains;1
1675;214;98;56;land;false;plains;1
1676;158;209;170;land;false;plains;1
1677;129;228;179;land;true;plains;1
1678;126;167;29;land;true;plains;1
1679;203;212;140;land;false;plains;1
1680;112;71;136;land;false;plains;1
1681;237;15;89;land;false;plains;1
1682;215;185;206;land;false;plains;1
1683;46;49;209;land;false;plains;1
1684;187;19;88;land;false;plains;1
1685;177;232;82;land;false;plains;1
1686;175;60;0;land;false;plains;1
1687;231;162;20;land;true;plains;1
1688;36;84;178;land;false;plains;1
1689;196;180;194;land;false;plains;1
1690;223;238;141;land;false;plains;1
1691;14;244;110;land;false;plains;1
1692;196;213;96;land;false;plains;1
1693;148;148;60;land;false;plains;1
1694;118;244;217;land;false;plains;1
1695;219;52;11;land;false;plains;1
1696;194;70;50;land;false;plains;1
1697;106;150;185;land;false;plains;1
1698;66;102;99;land;false;plains;1
1699;127;8;51;land;false;plains;1
1700;36;138;138;land;true;plains;1
1701;51;236;80;land;false;plains;1
1702;27;184;56;land;false;plains;1
1703;181;214;181;land;false;plains;1
1704;67;207;111;land;false;plains;1
1705;221;113;183;land;false;plains;1
1706;221;73;11;land;false;plains;1
1707;26;161;200;land;false;plains;1
1708;219;8;103;land;false;plains;1
1709;205;81;123;land;false;plains;1
1710;88;137;232;land;false;plains;1
1711;10;138;212;land;false;plains;1
1712;109;194;113;land;false;plains;1
1713;6;251;169;land;false;plains;1
1714;241;198;31;land;false;plains;1
1715;235;231;9;land;false;plains;1
1716;36;73;234;land;false;plains;1
1717;183;167;213;land;false;plains;1
1718;116;178;104;land;false;plains;1
1719;117;15;74;land;false;plains;1
1720;154;178;55;land;false;plains;1
1721;21;203;127;land;true;plains;1
1722;65;206;168;land;false;plains;1
1723;14;38;155;land;false;plains;1
1724;46;48;70;land;false;plains;1
1725;189;58;156;land;false;plains;1
1726;16;214;20;land;false;plains;1
1727;182;149;167;land;false;plains;1
1728;113;35;144;land;false;plains;1
1729;211;13;156;land;true;plains;1
1730;52;232;200;land;false;plains;1
1731;141;205;244;land;false;plains;1
1732;33;201;11;land;false;plains;1
1733;3;254;138;land;false;plains;1
1734;222;51;10;land;false;plains;1
1735;15;206;92;land;false;plains;1
1736;111;206;37;land;false;plains;1
1737;75;207;54;land;false;plains;1
1738;84;37;122;land;false;plains;1
1739;174;56;251;land;false;plains;1
1740;31;251;144;land;false;plains;1
1741;73;96;252;land;false;plains;1
1742;104;103;235;land;false;plains;1
1743;57;91;126;land;false;plains;1
1744;145;173;130;land;false;plains;1
1745;69;25;245;land;false;plains;1
1746;189;224;57;land;false;plains;1
1747;116;67;31;land;false;plains;1
1748;237;119;167;land;true;plains;1
1749;239;243;247;land;false;plains;1
1750;221;225;216;land;false;plains;1
1751;179;224;9;land;false;plains;1
1752;20;49;29;land;false;plains;1
1753;60;23;219;land;false;plains;1
1754;175;95;162;land;false;plains;1
1755;199;147;151;land;false;plains;1
1756;101;75;218;land;true;plains;1
1757;30;219;222;land;false;plains;1
1758;109;123;129;land;false;plains;1
1759;30;233;76;land;false;plains;1
1760;249;165;124;land;false;plains;1
1761;52;21;167;land;false;plains;1
1762;249;51;207;land;false;plains;1
1763;10;154;175;land;true;plains;1
1764;77;88;39;land;false;plains;1
1765;65;61;166;land;false;plains;1
1766;244;107;244;land;false;plains;1
1767;216;199;196;land;false;plains;1
1768;33;123;79;land;false;plains;1
1769;16;124;253;land;false;plains;1
1770;216;63;154;land;false;plains;1
1771;19;6;58;land;false;plains;1
1772;125;43;58;land;false;plains;1
1773;162;227;186;land;false;plains;1
1774;180;62;105;land;false;plains;1
1775;36;121;198;land;false;plains;1
1776;130;112;115;land;false;plains;1
1777;19;248;250;land;false;plains;1
1778;120;188;107;land;false;plains;1
1779;177;235;41;land;false;plains;1
1780;169;60;120;land;false;plains;1
1781;197;136;177;land;false;plains;1
1782;26;26;50;land;false;plains;1
1783;81;180;10;land;false;plains;1
1784;80;28;111;land;false;plains;1
1785;204;165;250;land;false;plains;1
1786;185;91;153;land;false;plains;1
1787;163;199;4;land;false;plains;1
1788;244;33;118;land;false;plains;1
1789;10;202;29;land;false;plains;1
1790;191;150;78;land;false;plains;1
1791;97;175;110;land;true;plains;1
1792;133;132;232;land;false;plains;1
1793;56;168;224;land;false;plains;1
1794;138;201;165;land;false;plains;1
1795;84;205;138;land;false;plains;1
1796;73;93;245;land;false;plains;1
1797;158;139;98;land;false;plains;1
1798;51;33;107;land;false;plains;1
1799;213;149;108;land;false;plains;1
1800;245;25;125;land;false;plains;1
1801;198;211;18;land;false;plains;1
1802;62;23;178;land;false;plains;1
1803;192;169;136;land;false;plains;1
1804;236;131;246;land;false;plains;1
1805;68;142;231;land;false;plains;1
1806;67;130;36;land;false;plains;1
1807;201;12;137;land;false;plains;1
1808;127;42;209;land;false;plains;1
1809;14;35;103;land;false;plains;1
1810;49;39;221;land;false;plains;1
1811;93;244;232;land;false;plains;1
1812;6;3;209;land;false;plains;1
1813;11;37;239;land;false;plains;1
1814;206;142;90;land;false;plains;1
1815;208;238;196;land;false;plains;1
1816;152;33;57;land;false;plains;1
1817;122;36;95;land;false;plains;1
1818;117;124;179;land;false;plains;1
1819;33;210;60;land;true;plains;1
1820;142;114;112;land;true;plains;1
1821;228;175;24;land;true;plains;1
1822;252;112;25;land;false;plains;1
1823;240;64;34;land;false;plains;1
1824;37;244;90;land;false;plains;1
1825;99;188;216;land;false;plains;1
1826;49;54;5;land;false;plains;1
1827;76;222;177;land;false;plains;1
1828;162;61;24;land;false;plains;1
1829;90;113;194;land;false;plains;1
1830;63;228;14;land;false;plains;1
1831;62;236;57;land;false;plains;1
1832;215;72;19;land;false;plains;1
1833;157;30;202;land;false;plains;1
1834;23;158;202;land;false;plains;1
1835;28;30;87;land;true;plains;1
1836;27;62;159;land;false;plains;1
1837;24;169;162;land;false;plains;1
1838;172;171;32;land;false;plains;1
1839;43;238;182;land;false;plains;1
1840;185;90;107;land;false;plains;1
1841;187;67;193;land;false;plains;1
1842;75;187;132;land;false;plains;1
1843;237;162;98;land;false;plains;1
1844;35;183;211;land;false;plains;1
1845;17;230;113;land;true;plains;1
1846;20;223;234;land;false;plains;1
1847;179;115;47;land;false;plains;1
1848;191;82;171;land;false;plains;1
1849;118;169;234;land;false;plains;1
1850;19;106;232;land;false;plains;1
1851;75;86;205;land;true;plains;1
1852;107;168;21;land;false;plains;1
1853;254;189;96;land;false;plains;1
1854;180;189;29;land;false;plains;1
1855;170;243;146;land;false;plains;1
1856;1;229;214;land;false;plains;1
1857;127;157;93;land;true;plains;1
1858;249;253;41;land;false;plains;1
1859;90;56;0;land;false;plains;1
1860;247;242;127;land;false;plains;1
1861;227;177;182;land;false;plains;1
1862;8;136;204;land;true;plains;1
1863;125;30;223;land;false;plains;1
1864;42;144;144;land;true;plains;1
1865;169;159;167;land;false;plains;1
1866;62;217;50;land;false;plains;1
1867;150;150;55;land;false;plains;1
1868;152;182;247;land;false;plains;1
1869;170;41;110;land;false;plains;1
1870;179;16;205;land;false;plains;1
1871;116;78;219;land;true;plains;1
1872;46;235;163;land;false;plains;1
1873;31;217;250;land;false;plains;1
1874;156;159;137;land;false;plains;1
1875;218;100;180;land;false;plains;1
1876;238;201;5;land;false;plains;1
1877;18;237;13;land;false;plains;1
1878;231;224;96;land;false;plains;1
1879;2;199;97;land;false;plains;1
1880;189;76;45;land;false;plains;1
1881;210;92;68;land;false;plains;1
1882;152;157;37;land;false;plains;1
1883;234;204;37;land;false;plains;1
1884;205;33;109;land;true;plains;1
1885;187;35;189;land;false;plains;1
1886;201;206;85;land;false;plains;1
1887;156;101;134;land;false;plains;1
1888;110;29;9;land;false;plains;1
1889;21;222;131;land;false;plains;1
1890;82;42;123;land;false;plains;1
1891;166;206;223;land;false;plains;1
1892;119;225;42;land;false;plains;1
1893;202;31;4;land;false;plains;1
1894;143;85;19;land;true;plains;1
1895;97;100;172;land;true;plains;1
1896;162;142;202;land;false;plains;1
1897;229;40;105;land;false;plains;1
1898;65;86;212;land;false;plains;1
1899;230;221;141;land;false;plains;1
1900;200;75;36;land;false;plains;1
1901;210;191;22;land;false;plains;1
1902;166;28;4;land;true;plains;1
1903;211;117;195;land;false;plains;1
1904;216;88;42;land;false;plains;1
1905;147;221;107;land;false;plains;1
1906;243;72;214;land;false;plains;1
1907;144;28;50;land;false;plains;1
1908;4;72;129;land;false;plains;1
1909;105;40;253;land;false;plains;1
1910;40;196;226;land;false;plains;1
1911;223;73;86;land;false;plains;1
1912;169;205;23;land;false;plains;1
1913;104;66;187;land;false;plains;1
1914;220;208;132;land;false;plains;1
1915;240;198;116;land;false;plains;1
1916;27;156;65;land;false;plains;1
1917;71;124;146;land;false;plains;1
1918;229;228;21;land;false;plains;1
1919;181;33;4;land;false;plains;1
1920;73;225;240;land;false;plains;1
1921;7;51;77;land;false;plains;1
1922;111;248;61;land;true;plains;1
1923;85;64;168;land;false;plains;1
1924;212;77;161;land;false;plains;1
1925;158;222;11;land;false;plains;1
1926;161;147;86;land;false;plains;1
1927;33;250;169;land;true;plains;1
1928;64;120;246;land;false;plains;1
1929;103;216;61;land;false;plains;1
1930;52;1;34;land;false;plains;1
1931;252;42;176;land;false;plains;1
1932;203;31;90;land;false;plains;1
1933;230;41;177;land;false;plains;1
1934;173;252;9;land;false;plains;1
1935;135;170;195;land;false;plains;1
1936;118;248;157;land;false;plains;1
1937;250;193;125;land;false;plains;1
1938;87;128;61;land;false;plains;1
1939;142;9;18;land;false;plains;1
1940;59;131;61;land;false;plains;1
1941;18;168;79;land;false;plains;1
1942;7;66;95;land;false;plains;1
1943;145;146;238;land;true;plains;1
1944;85;141;96;land;false;plains;1
1945;17;59;8;land;false;plains;1
1946;132;16;63;land;false;plains;1
1947;224;230;182;land;false;plains;1
1948;135;105;44;land;false;plains;1
1949;86;245;194;land;false;plains;1
1950;175;9;47;land;false;plains;1
1951;224;91;79;land;false;plains;1
1952;195;69;213;land;false;plains;1
1953;82;20;66;land;false;plains;1
1954;218;180;173;land;false;plains;1
1955;35;202;29;land;false;plains;1
1956;155;242;47;land;false;plains;1
1957;3;214;250;land;false;plains;1
1958;194;127;134;land;false;plains;1
1959;231;45;104;land;false;plains;1
1960;238;125;52;land;false;plains;1
1961;219;89;91;land;false;plains;1
1962;35;214;31;land;false;plains;1
1963;36;189;188;land;false;plains;1
1964;222;172;118;land;false;plains;1
1965;239;213;211;land;false;plains;1
1966;198;42;167;land;false;plains;1
1967;219;141;236;land;false;plains;1
1968;192;9;109;land;false;plains;1
1969;12;216;193;land;false;plains;1
1970;59;93;182;land;false;plains;1
1971;101;163;87;land;false;plains;1
1972;154;70;80;land;false;plains;1
1973;160;33;87;land;false;plains;1
1974;253;5;124;land;false;plains;1
1975;51;211;101;land;false;plains;1
1976;74;205;91;land;true;plains;1
1977;85;171;54;land;false;plains;1
1978;74;89;200;land;false;plains;1
1979;158;124;134;land;false;plains;1
1980;105;22;75;land;false;plains;1
1981;38;194;227;land;false;plains;1
1982;219;165;180;land;false;plains;1
1983;111;247;166;land;false;plains;1
1984;30;25;233;land;false;plains;1
1985;133;125;8;land;false;plains;1
1986;134;151;92;land;true;plains;1
1987;202;81;147;land;false;plains;1
1988;95;207;148;land;false;plains;1
1989;242;20;94;land;false;plains;1
1990;72;36;136;land;true;plains;1
1991;45;10;118;land;false;plains;1
1992;237;79;235;land;false;plains;1
1993;192;62;88;land;false;plains;1
1994;155;236;199;land;false;plains;1
1995;6;28;159;land;false;plains;1
1996;109;70;252;land;false;plains;1
1997;6;209;198;land;false;plains;1
1998;85;149;117;land;false;plains;1
1999;29;184;160;land;true;plains;1
2000;29;144;166;land;false;plains;1
2001;162;190;242;land;false;plains;1
2002;243;98;188;land;false;plains;1
2003;228;230;94;land;false;plains;1
2004;166;49;211;land;false;plains;1
2005;174;247;64;land;true;plains;1
2006;237;106;119;land;false;plains;1
2007;109;0;89;land;false;plains;1
2008;246;11;28;land;false;plains;1
2009;180;205;126;land;false;plains;1
2010;221;159;246;land;false;plains;1
2011;19;35;12;land;false;plains;1
2012;222;1;243;land;false;plains;1
2013;219;192;149;land;false;plains;1
2014;223;28;252;land;false;plains;1
2015;41;78;112;land;false;plains;1
2016;70;20;123;land;false;plains;1
2017;8;155;25;land;false;plains;1
2018;150;125;169;land;false;plains;1
2019;50;149;163;land;false;plains;1
2020;116;40;182;land;false;plains;1
2021;206;126;253;land;false;plains;1
2022;178;174;214;land;false;plains;1
2023;240;52;205;land;true;plains;1
2024;135;178;62;land;false;plains;1
2025;225;87;254;land;false;plains;1
2026;105;125;195;land;false;plains;1
2027;114;70;114;land;false;plains;1
2028;63;76;24;land;false;plains;1
2029;114;203;57;land;false;plains;1
2030;255;251;213;land;false;plains;1
2031;200;95;137;land;false;plains;1
2032;68;18;226;land;false;plains;1
2033;149;6;189;land;false;plains;1
2034;231;83;13;land;false;plains;1
2035;149;177;15;land;false;plains;1
2036;60;3;115;land;false;plains;1
2037;69;76;167;land;false;plains;1
2038;225;26;93;land;false;plains;1
2039;156;34;110;land;false;plains;1
2040;254;122;35;land;false;plains;1
2041;183;180;3;land;false;plains;1
2042;202;159;234;land;false;plains;1
2043;250;18;145;land;false;plains;1
2044;190;215;168;land;false;plains;1
2045;254;204;58;land;false;plains;1
2046;92;193;71;land;false;plains;1
2047;66;180;231;land;false;plains;1
2048;215;86;13;land;false;plains;1
2049;133;155;65;land;false;plains;1
2050;166;137;53;land;true;plains;1
2051;10;88;82;land;false;plains;1
2052;209;16;115;land;false;plains;1
2053;254;126;13;land;false;plains;1
2054;108;105;118;land;false;plains;1
2055;138;99;85;land;false;plains;1
2056;245;58;180;land;false;plains;1
2057;21;139;21;land;false;plains;1
2058;129;139;128;land;false;plains;1
2059;243;214;109;land;false;plains;1
2060;26;127;184;land;false;plains;1
2061;209;88;99;land;false;plains;1
2062;169;208;142;land;false;plains;1
2063;178;83;10;land;false;plains;1
2064;225;48;116;land;false;plains;1
2065;81;30;195;land;false;plains;1
2066;10;144;244;land;false;plains;1
2067;17;125;181;land;false;plains;1
2068;8;250;94;land;false;plains;1
2069;49;43;206;land;false;plains;1
2070;181;236;20;land;false;plains;1
2071;121;110;159;land;false;plains;1
2072;249;195;214;land;false;plains;1
2073;205;181;209;land;false;plains;1
2074;44;85;229;land;false;plains;1
2075;152;54;74;land;false;plains;1
2076;191;88;47;land;false;plains;1
2077;200;232;113;land;false;plains;1
2078;156;68;237;land;false;plains;1
2079;91;152;26;land;false;plains;1
2080;23;243;19;land;false;plains;1
2081;156;46;242;land;false;plains;1
2082;107;145;217;land;false;plains;1
2083;37;52;38;land;false;plains;1
2084;246;83;40;land;false;plains;1
2085;168;208;79;land;false;plains;1
2086;58;209;83;land;false;plains;1
2087;49;226;19;land;false;plains;1
2088;64;35;205;land;false;plains;1
2089;49;132;140;land;false;plains;1
2090;29;94;145;land;true;plains;1
2091;211;51;75;land;false;plains;1
2092;194;240;120;land;false;plains;1
2093;227;26;54;land;false;plains;1
2094;151;171;197;land;false;plains;1
2095;81;173;142;land;false;plains;1
2096;219;245;9;land;false;plains;1
2097;23;154;183;land;false;plains;1
2098;114;73;229;land;false;plains;1
2099;79;10;52;land;false;plains;1
2100;141;80;43;land;false;plains;1
2101;113;253;167;land;false;plains;1
2102;97;90;152;land;false;plains;1
2103;236;66;47;land;false;plains;1
2104;126;152;7;land;false;plains;1
2105;202;130;246;land;false;plains;1
2106;212;229;88;land;false;plains;1
2107;36;92;126;land;false;plains;1
2108;201;44;208;land;false;plains;1
2109;238;56;2;land;false;plains;1
2110;78;219;202;land;false;plains;1
2111;234;67;24;land;false;plains;1
2112;139;164;118;land;false;plains;1
2113;184;124;93;land;true;plains;1
2114;196;156;132;land;false;plains;1
2115;235;171;108;land;false;plains;1
2116;99;176;17;land;false;plains;1
2117;52;48;196;land;false;plains;1
2118;59;188;139;land;false;plains;1
2119;153;189;166;land;false;plains;1
2120;119;181;56;land;false;plains;1
2121;73;18;87;land;false;plains;1
2122;96;163;0;land;false;plains;1
2123;42;152;208;land;false;plains;1
2124;101;145;157;land;false;plains;1
2125;127;182;253;land;false;plains;1
2126;230;34;242;land;true;plains;1
2127;39;65;253;land;false;plains;1
2128;82;180;151;land;false;plains;1
2129;106;55;90;land;false;plains;1
2130;227;177;207;land;false;plains;1
2131;72;23;188;land;false;plains;1
2132;13;142;209;land;false;plains;1
2133;131;10;73;land;true;plains;1
2134;209;36;241;land;true;plains;1
2135;147;223;155;land;false;plains;1
2136;28;209;6;land;false;plains;1
2137;53;99;53;land;false;plains;1
2138;83;108;47;land;false;plains;1
2139;39;249;196;land;false;plains;1
2140;121;45;17;land;false;plains;1
2141;255;254;255;land;false;plains;1
2142;165;153;73;land;false;plains;1
2143;116;196;15;land;false;plains;1
2144;190;123;9;land;false;plains;1
2145;193;71;162;land;false;plains;1
2146;144;225;121;land;false;plains;1
2147;29;152;225;land;false;plains;1
2148;109;106;100;land;false;plains;1
2149;15;58;98;land;false;plains;1
2150;80;48;103;land;false;plains;1
2151;138;138;38;land;false;plains;1
2152;214;136;186;land;false;plains;1
2153;244;174;71;land;false;plains;1
2154;105;142;168;land;false;plains;1
2155;5;95;186;land;false;plains;1
2156;14;36;169;land;false;plains;1
2157;101;145;83;land;false;plains;1
2158;131;83;98;land;false;plains;1
2159;181;230;205;land;false;plains;1
2160;190;82;53;land;false;plains;1
2161;100;9;184;land;false;plains;1
2162;46;144;206;land;false;plains;1
2163;14;66;64;land;false;plains;1
2164;13;244;168;land;false;plains;1
2165;216;98;222;land;false;plains;1
2166;223;41;243;land;false;plains;1
2167;49;242;10;land;false;plains;1
2168;174;26;168;land;false;plains;1
2169;77;62;91;land;false;plains;1
2170;181;125;214;land;false;plains;1
2171;44;163;254;land;false;plains;1
2172;93;162;48;land;false;plains;1
2173;7;11;22;land;true;plains;1
2174;188;220;230;land;true;plains;1
2175;212;37;250;land;false;plains;1
2176;54;170;191;land;true;plains;1
2177;112;163;36;land;false;plains;1
2178;170;220;74;land;false;plains;1
2179;13;121;27;land;false;plains;1
2180;17;121;108;land;true;plains;1
2181;246;182;200;land;false;plains;1
2182;227;169;83;land;false;plains;1
2183;109;154;48;land;false;plains;1
2184;125;8;15;land;false;plains;1
2185;51;132;98;land;false;plains;1
2186;85;144;27;land;false;plains;1
2187;151;203;253;land;false;plains;1
2188;215;8;99;land;false;plains;1
2189;72;202;92;land;true;plains;1
2190;24;4;152;land;false;plains;1
2191;132;144;14;land;false;plains;1
2192;166;70;197;land;false;plains;1
2193;78;101;47;land;true;plains;1
2194;67;92;239;land;false;plains;1
2195;174;62;58;land;false;plains;1
2196;57;26;178;land;true;plains;1
2197;12;202;192;land;false;plains;1
2198;152;114;64;land;false;plains;1
2199;205;31;183;land;false;plains;1
2200;50;24;68;land;false;plains;1
2201;247;57;117;land;false;plains;1
2202;196;179;84;land;false;plains;1
2203;100;253;196;land;false;plains;1
2204;17;40;193;land;true;plains;1
2205;22;183;174;land;false;plains;1
2206;6;126;72;land;false;plains;1
2207;212;211;185;land;false;plains;1
2208;81;48;99;land;false;plains;1
2209;221;4;91;land;false;plains;1
2210;103;86;86;land;false;plains;1
2211;81;166;210;land;false;plains;1
2212;118;214;117;land;false;plains;1
2213;32;125;113;land;true;plains;1
2214;3;222;252;land;false;plains;1
2215;252;131;45;land;false;plains;1
2216;167;163;22;land;false;plains;1
2217;161;210;197;land;false;plains;1
2218;40;239;193;land;false;plains;1
2219;129;200;63;land;false;plains;1
2220;203;7;255;land;false;plains;1
2221;94;45;95;land;false;plains;1
2222;107;216;116;land;false;plains;1
2223;188;227;176;land;false;plains;1
2224;234;160;214;land;false;plains;1
2225;82;179;125;land;false;plains;1
2226;224;88;214;land;false;plains;1
2227;39;255;230;land;false;plains;1
2228;49;34;49;land;false;plains;1
2229;235;57;247;land;false;plains;1
2230;202;65;235;land;false;plains;1
2231;37;202;139;land;true;plains;1
2232;195;107;143;land;false;plains;1
2233;227;111;11;land;true;plains;1
2234;217;89;137;land;false;plains;1
2235;41;189;197;land;false;plains;1
2236;244;9;199;land;false;plains;1
2237;88;186;95;land;false;plains;1
2238;137;130;190;land;true;plains;1
2239;129;21;49;land;false;plains;1
2240;46;23;129;land;false;plains;1
2241;33;207;110;land;false;plains;1
2242;11;192;251;land;false;plains;1
2243;1;241;246;land;false;plains;1
2244;185;33;53;land;false;plains;1
2245;58;206;69;land;true;plains;1
2246;126;151;53;land;false;plains;1
2247;5;241;243;land;false;plains;1
2248;174;110;247;land;false;plains;1
2249;118;12;250;land;false;plains;1
2250;46;120;155;land;false;plains;1
2251;251;140;208;land;false;plains;1
2252;36;118;68;land;false;plains;1
2253;157;232;99;land;false;plains;1
2254;227;124;43;land;false;plains;1
2255;214;77;162;land;false;plains;1
2256;79;90;85;land;false;plains;1
2257;155;155;62;land;false;plains;1
2258;60;107;205;land;false;plains;1
2259;200;195;34;land;false;plains;1
2260;200;158;95;land;true;plains;1
2261;98;211;127;land;false;plains;1
2262;58;2;28;land;false;plains;1
2263;58;112;10;land;false;plains;1
2264;221;184;228;land;false;plains;1
2265;215;179;179;land;false;plains;1
2266;63;60;218;land;false;plains;1
2267;242;142;0;land;false;plains;1
2268;56;186;128;land;true;plains;1
2269;127;121;8;land;false;plains;1
2270;164;22;119;land;false;plains;1
2271;149;59;61;land;false;plains;1
2272;77;148;184;land;false;plains;1
2273;60;224;0;land;false;plains;1
2274;146;142;204;land;false;plains;1
2275;74;169;181;land;false;plains;1
2276;60;139;230;land;false;plains;1
2277;231;14;24;land;false;plains;1
2278;242;65;5;land;false;plains;1
2279;160;215;180;land;false;plains;1
2280;44;125;237;land;false;plains;1
2281;144;67;101;land;true;plains;1
2282;106;74;22;land;false;plains;1
2283;182;233;63;land;false;plains;1
2284;97;60;219;land;false;plains;1
2285;67;149;31;land;false;plains;1
2286;72;219;183;land;false;plains;1
2287;2;170;101;land;false;plains;1
2288;235;124;232;land;false;plains;1
2289;155;184;201;land;true;plains;1
2290;12;200;232;land;false;plains;1
2291;10;149;190;land;false;plains;1
2292;186;2;242;land;false;plains;1
2293;207;153;25;land;false;plains;1
2294;1;59;33;land;false;plains;1
2295;26;95;180;land;false;plains;1
2296;45;247;253;land;false;plains;1
2297;165;151;30;land;false;plains;1
2298;95;114;197;land;false;plains;1
2299;104;190;161;land;false;plains;1
2300;94;94;164;land;false;plains;1
2301;2;132;79;land;false;plains;1
2302;237;127;145;land;false;plains;1
2303;89;156;181;land;false;plains;1
2304;172;193;33;land;false;plains;1
2305;20;152;235;land;false;plains;1
2306;134;141;34;land;false;plains;1
2307;103;234;2;land;false;plains;1
2308;137;244;29;land;false;plains;1
2309;191;110;243;land;false;plains;1
2310;228;13;186;land;false;plains;1
2311;121;58;199;land;false;plains;1
2312;43;127;203;land;false;plains;1
2313;7;210;56;land;false;plains;1
2314;26;179;183;land;false;plains;1
2315;163;160;238;land;false;plains;1
2316;226;220;80;land;false;plains;1
2317;227;73;144;land;false;plains;1
2318;23;85;87;land;false;plains;1
2319;47;174;243;land;false;plains;1
2320;138;122;205;land;true;plains;1
2321;93;79;253;land;false;plains;1
2322;213;178;215;land;true;plains;1
2323;16;221;74;land;false;plains;1
2324;114;33;239;land;false;plains;1
2325;83;154;221;land;false;plains;1
2326;27;85;169;land;true;plains;1
2327;117;199;245;land;false;plains;1
2328;95;6;164;land;false;plains;1
2329;77;64;247;land;false;plains;1
2330;13;39;37;land;false;plains;1
2331;79;184;169;land;true;plains;1
2332;158;34;195;land;false;plains;1
2333;114;126;135;land;false;plains;1
2334;103;73;110;land;false;plains;1
2335;205;72;99;land;true;plains;1
2336;111;241;71;land;false;plains;1
2337;194;145;245;land;true;plains;1
2338;236;179;229;land;true;plains;1
2339;209;160;61;land;true;plains;1
2340;109;121;111;land;false;plains;1
2341;123;170;6;land;false;plains;1
2342;176;98;245;land;false;plains;1
2343;149;181;19;land;true;plains;1
2344;122;81;247;land;false;plains;1
2345;95;96;192;land;false;plains;1
2346;25;13;68;land;false;plains;1
2347;84;49;29;land;false;plains;1
2348;56;114;209;land;true;plains;1
2349;78;66;92;land;false;plains;1
2350;214;57;2;land;true;plains;1
2351;44;133;85;land;false;plains;1
2352;135;65;52;land;false;plains;1
2353;244;53;239;land;false;plains;1
2354;215;143;201;land;false;plains;1
2355;195;220;178;land;true;plains;1
2356;114;222;239;land;false;plains;1
2357;250;105;7;land;true;plains;1
2358;204;67;44;land;false;plains;1
2359;196;217;228;land;false;plains;1
2360;70;255;127;land;true;plains;1
2361;20;156;157;land;false;plains;1
2362;231;15;183;land;false;plains;1
2363;97;189;7;land;false;plains;1
2364;165;21;216;land;false;plains;1
2365;104;219;238;land;false;plains;1
2366;61;11;45;land;false;plains;1
2367;229;252;128;land;false;plains;1
2368;36;183;133;land;false;plains;1
2369;197;141;207;land;false;plains;1
2370;250;228;199;land;false;plains;1
2371;69;233;152;land;false;plains;1
2372;39;85;154;land;false;plains;1
2373;25;65;223;land;false;plains;1
2374;82;8;165;land;false;plains;1
2375;110;32;109;land;false;plains;1
2376;145;12;41;land;false;plains;1
2377;81;247;55;land;false;plains;1
2378;205;249;181;land;false;plains;1
2379;67;21;178;land;false;plains;1
2380;60;236;86;land;true;plains;1
2381;81;3;30;land;false;plains;1
2382;148;186;166;land;false;plains;1
2383;17;215;247;land;false;plains;1
2384;215;15;184;land;false;plains;1
2385;139;209;146;land;false;plains;1
2386;199;5;15;land;false;plains;1
2387;4;182;167;land;false;plains;1
2388;198;52;215;land;false;plains;1
2389;184;63;155;land;false;plains;1
2390;160;69;255;land;true;plains;1
2391;178;135;191;land;false;plains;1
2392;200;6;22;land;false;plains;1
2393;121;177;4;land;false;plains;1
2394;164;2;101;land;false;plains;1
2395;87;166;173;land;false;plains;1
2396;203;120;19;land;false;plains;1
2397;196;203;37;land;false;plains;1
2398;157;159;219;land;true;plains;1
2399;26;128;110;land;true;plains;1
2400;78;153;177;land;false;plains;1
2401;108;175;212;land;false;plains;1
2402;199;161;212;land;false;plains;1
2403;101;23;116;land;false;plains;1
2404;235;82;114;land;false;plains;1
2405;49;19;123;land;true;plains;1
2406;189;13;221;land;false;plains;1
2407;118;82;62;land;false;plains;1
2408;3;18;217;land;false;plains;1
2409;114;173;237;land;false;plains;1
2410;34;86;226;land;false;plains;1
2411;37;188;118;land;false;plains;1
2412;85;29;17;land;false;plains;1
2413;120;19;75;land;true;plains;1
2414;211;138;11;land;true;plains;1
2415;58;242;114;land;false;plains;1
2416;193;238;89;land;false;plains;1
2417;59;49;228;land;false;plains;1
2418;137;145;161;land;false;plains;1
2419;99;80;18;land;false;plains;1
2420;152;206;9;land;false;plains;1
2421;181;100;36;land;false;plains;1
2422;82;27;154;land;false;plains;1
2423;42;217;156;land;false;plains;1
2424;28;239;181;land;false;plains;1
2425;164;120;107;land;false;plains;1
2426;131;194;61;land;false;plains;1
2427;153;226;156;land;true;plains;1
2428;58;135;219;land;false;plains;1
2429;140;6;101;land;false;plains;1
2430;247;51;87;land;false;plains;1
2431;24;202;34;land;false;plains;1
2432;217;139;40;land;false;plains;1
2433;137;75;100;land;false;plains;1
2434;219;22;189;land;false;plains;1
2435;255;55;239;land;false;plains;1
2436;67;201;82;land;false;plains;1
2437;109;139;31;land;false;plains;1
2438;213;12;29;land;true;plains;1
2439;235;220;144;land;true;plains;1
2440;4;157;216;land;false;plains;1
2441;122;210;138;land;false;plains;1
2442;118;148;50;land;false;plains;1
2443;247;186;155;land;false;plains;1
2444;65;111;10;land;false;plains;1
2445;189;108;114;land;false;plains;1
2446;200;151;89;land;false;plains;1
2447;167;185;184;land;false;plains;1
2448;57;74;243;land;false;plains;1
2449;149;162;92;land;false;plains;1
2450;98;54;194;land;false;plains;1
2451;125;74;17;land;false;plains;1
2452;138;124;227;land;false;plains;1
2453;168;41;19;land;false;plains;1
2454;175;129;239;land;false;plains;1
2455;37;96;22;land;false;plains;1
2456;107;16;39;land;false;plains;1
2457;186;90;77;land;false;plains;1
2458;163;75;239;land;false;plains;1
2459;213;68;144;land;false;plains;1
2460;206;49;35;land;false;plains;1
2461;242;46;214;land;false;plains;1
2462;63;53;179;land;false;plains;1
2463;162;202;29;land;false;plains;1
2464;240;188;177;land;false;plains;1
2465;54;103;131;land;false;plains;1
2466;68;200;180;land;false;plains;1
2467;251;56;149;land;false;plains;1
2468;107;222;2;land;false;plains;1
2469;166;132;145;land;false;plains;1
2470;15;165;37;land;false;plains;1
2471;210;14;126;land;true;plains;1
2472;220;26;129;land;false;plains;1
2473;199;85;177;land;false;plains;1
2474;35;227;1;land;true;plains;1
2475;203;206;224;land;false;plains;1
2476;161;24;16;land;false;plains;1
2477;1;6;24;land;false;plains;1
2478;111;27;87;land;false;plains;1
2479;63;231;16;land;false;plains;1
2480;42;21;136;land;false;plains;1
2481;86;10;229;land;false;plains;1
2482;122;222;162;land;false;plains;1
2483;49;164;166;land;false;plains;1
2484;90;202;89;land;false;plains;1
2485;69;83;156;land;false;plains;1
2486;42;81;130;land;false;plains;1
2487;252;172;220;land;false;plains;1
2488;66;79;180;land;false;plains;1
2489;185;235;14;land;false;plains;1
2490;106;210;16;land;false;plains;1
2491;190;166;118;land;false;plains;1
2492;96;83;225;land;false;plains;1
2493;171;17;236;land;false;plains;1
2494;154;243;24;land;false;plains;1
2495;32;48;30;land;false;plains;1
2496;180;3;125;land;false;plains;1
2497;137;55;33;land;false;plains;1
2498;59;76;250;land;false;plains;1
2499;142;252;74;land;false;plains;1
2500;177;248;164;land;false;plains;1
2501;150;70;140;land;false;plains;1
2502;86;245;253;land;false;plains;1
2503;5;28;174;land;false;plains;1
2504;65;111;153;land;false;plains;1
2505;21;9;251;land;false;plains;1
2506;94;118;33;land;true;plains;1
2507;43;37;36;land;false;plains;1
2508;54;204;252;land;false;plains;1
2509;75;124;70;land;false;plains;1
2510;129;147;84;land;true;plains;1
2511;69;42;28;land;false;plains;1
2512;229;181;59;land;false;plains;1
2513;203;195;223;land;false;plains;1
2514;93;95;225;land;false;plains;1
2515;10;75;42;land;false;plains;1
2516;103;36;61;land;false;plains;1
2517;168;29;237;land;false;plains;1
2518;188;52;206;land;false;plains;1
2519;210;37;229;land;false;plains;1
2520;191;205;96;land;false;plains;1
2521;214;140;214;land;false;plains;1
2522;83;181;228;land;false;plains;1
2523;154;224;151;land;true;plains;1
2524;219;140;188;land;false;plains;1
2525;19;42;62;land;false;plains;1
2526;111;226;100;land;false;plains;1
2527;212;179;128;land;false;plains;1
2528;142;154;221;land;false;plains;1
2529;36;68;124;land;false;plains;1
2530;97;232;246;land;false;plains;1
2531;206;71;47;land;true;plains;1
2532;145;51;71;land;false;plains;1
2533;211;110;45;land;false;plains;1
2534;46;191;146;land;false;plains;1
2535;58;204;34;land;false;plains;1
2536;224;216;28;land;false;plains;1
2537;140;24;222;land;false;plains;1
2538;175;186;127;land;false;plains;1
2539;39;129;208;land;false;plains;1
2540;51;238;155;land;false;plains;1
2541;70;70;58;land;false;plains;1
2542;60;135;177;land;true;plains;1
2543;189;16;250;land;true;plains;1
2544;24;104;152;land;false;plains;1
2545;76;116;18;land;false;plains;1
2546;209;152;243;land;false;plains;1
2547;202;172;240;land;false;plains;1
2548;241;23;95;land;false;plains;1
2549;202;155;217;land;false;plains;1
2550;99;32;111;land;false;plains;1
2551;90;73;45;land;false;plains;1
2552;232;217;47;land;false;plains;1
2553;242;36;131;land;false;plains;1
2554;160;41;61;land;true;plains;1
2555;96;44;145;land;false;plains;1
2556;188;227;217;land;false;plains;1
2557;171;32;175;land;false;plains;1
2558;167;60;209;land;false;plains;1
2559;200;168;182;land;false;plains;1
2560;149;129;216;land;false;plains;1
2561;234;164;240;land;false;plains;1
2562;194;23;30;land;false;plains;1
2563;60;67;94;land;true;plains;1
2564;172;148;191;land;false;plains;1
2565;218;75;124;land;false;plains;1
2566;33;229;57;land;false;plains;1
2567;242;24;60;land;false;plains;1
2568;28;57;148;land;false;plains;1
2569;123;158;63;land;false;plains;1
2570;175;236;214;land;true;plains;1
2571;188;69;236;land;false;plains;1
2572;49;17;66;land;false;plains;1
2573;197;115;124;land;false;plains;1
2574;220;135;52;land;false;plains;1
2575;122;179;46;land;false;plains;1
2576;15;241;103;land;true;plains;1
2577;84;172;244;land;false;plains;1
2578;130;27;177;land;false;plains;1
2579;34;163;132;land;false;plains;1
2580;227;123;17;land;false;plains;1
2581;117;190;131;land;false;plains;1
2582;31;125;130;land;false;plains;1
2583;65;100;244;land;true;plains;1
2584;18;70;63;land;false;plains;1
2585;137;142;20;land;false;plains;1
2586;210;176;226;land;false;plains;1
2587;222;119;79;land;false;plains;1
2588;226;177;115;land;false;plains;1
2589;245;245;224;land;false;plains;1
2590;155;35;13;land;false;plains;1
2591;66;181;213;land;false;plains;1
2592;59;6;111;land;false;plains;1
2593;217;20;73;land;false;plains;1
2594;188;243;137;land;false;plains;1
2595;174;118;147;land;true;plains;1
2596;63;20;20;land;false;plains;1
2597;125;214;214;land;false;plains;1
2598;197;226;20;land;false;plains;1
2599;246;31;38;land;false;plains;1
2600;15;62;245;land;true;plains;1
2601;167;160;7;land;false;plains;1
2602;178;188;78;land;false;plains;1
2603;162;93;171;land;false;plains;1
2604;205;115;68;land;false;plains;1
2605;51;107;62;land;false;plains;1
2606;114;60;138;land;false;plains;1
2607;159;223;91;land;false;plains;1
2608;236;93;130;land;false;plains;1
2609;205;62;254;land;false;plains;1
2610;69;249;247;land;false;plains;1
2611;229;245;26;land;false;plains;1
2612;147;47;119;land;false;plains;1
2613;141;135;72;land;false;plains;1
2614;177;13;119;land;true;plains;1
2615;124;242;48;land;false;plains;1
2616;96;89;120;land;true;plains;1
2617;136;153;67;land;false;plains;1
2618;58;57;243;land;false;plains;1
2619;40;123;83;land;false;plains;1
2620;43;85;216;land;false;plains;1
2621;196;34;246;land;false;plains;1
2622;198;156;204;land;false;plains;1
2623;227;80;11;land;false;plains;1
2624;6;134;191;land;false;plains;1
2625;162;145;68;land;true;plains;1
2626;216;212;86;land;false;plains;1
2627;51;15;29;land;false;plains;1
2628;141;144;222;land;false;plains;1
2629;18;116;148;land;false;plains;1
2630;251;154;58;land;false;plains;1
2631;144;20;9;land;true;plains;1
2632;196;226;97;land;false;plains;1
2633;73;252;191;land;false;plains;1
2634;68;9;30;land;true;plains;1
2635;116;137;225;land;false;plains;1
2636;61;206;67;land;false;plains;1
2637;45;148;238;land;true;plains;1
2638;82;173;167;land;false;plains;1
2639;245;214;107;land;false;plains;1
2640;33;74;109;land;false;plains;1
2641;188;188;243;land;false;plains;1
2642;178;58;219;land;false;plains;1
2643;103;21;189;land;false;plains;1
2644;255;231;143;land;false;plains;1
2645;8;249;223;land;false;plains;1
2646;148;56;52;land;false;plains;1
2647;201;81;66;land;false;plains;1
2648;208;133;86;land;false;plains;1
2649;51;212;170;land;false;plains;1
2650;108;164;91;land;false;plains;1
2651;40;11;198;land;false;plains;1
2652;242;48;117;land;false;plains;1
2653;152;178;85;land;false;plains;1
2654;72;88;173;land;false;plains;1
2655;74;19;162;land;false;plains;1
2656;222;87;38;land;false;plains;1
2657;177;35;111;land;false;plains;1
2658;1;37;198;land;false;plains;1
2659;151;228;118;land;false;plains;1
2660;216;189;149;land;false;plains;1
2661;128;30;94;land;false;plains;1
2662;185;184;51;land;true;plains;1
2663;21;95;188;land;false;plains;1
2664;88;210;182;land;false;plains;1
2665;220;125;119;land;false;plains;1
2666;84;158;191;land;false;plains;1
2667;168;198;243;land;false;plains;1
2668;63;95;134;land;false;plains;1
2669;235;161;55;land;false;plains;1
2670;213;146;244;land;false;plains;1
2671;125;88;126;land;false;plains;1
2672;209;40;223;land;false;plains;1
2673;33;253;44;land;true;plains;1
2674;90;127;188;land;false;plains;1
2675;196;31;228;land;false;plains;1
2676;215;49;254;land;false;plains;1
2677;243;33;123;land;false;plains;1
2678;156;166;235;land;false;plains;1
2679;253;127;212;land;true;plains;1
2680;71;26;231;land;false;plains;1
2681;157;141;111;land;true;plains;1
2682;50;121;104;land;false;plains;1
2683;66;224;205;land;false;plains;1
2684;223;178;23;land;false;plains;1
2685;162;2;37;land;false;plains;1
2686;232;76;77;land;false;plains;1
2687;49;196;124;land;false;plains;1
2688;88;128;225;land;false;plains;1
2689;24;33;243;land;false;plains;1
2690;214;185;172;land;false;plains;1
2691;254;128;109;land;true;plains;1
2692;50;115;85;land;false;plains;1
2693;159;39;112;land;false;plains;1
2694;217;211;26;land;false;plains;1
2695;127;0;168;land;false;plains;1
2696;200;172;115;land;true;plains;1
2697;185;213;34;land;false;plains;1
2698;62;119;111;land;false;plains;1
2699;186;35;119;land;false;plains;1
2700;174;212;105;land;false;plains;1
2701;148;33;221;land;true;plains;1
2702;251;138;143;land;false;plains;1
2703;88;167;184;land;false;plains;1
2704;161;203;72;land;false;plains;1
2705;21;124;146;land;false;plains;1
2706;252;234;33;land;false;plains;1
2707;59;27;146;land;false;plains;1
2708;242;35;224;land;false;plains;1
2709;133;132;137;land;false;plains;1
2710;145;167;248;land;true;plains;1
2711;192;241;78;land;false;plains;1
2712;153;150;163;land;false;plains;1
2713;239;153;99;land;false;plains;1
2714;19;111;42;land;false;plains;1
2715;211;236;139;land;false;plains;1
2716;49;225;247;land;false;plains;1
2717;185;152;133;land;false;plains;1
2718;133;4;138;land;false;plains;1
2719;42;27;103;land;false;plains;1
2720;45;198;244;land;false;plains;1
2721;35;86;141;land;false;plains;1
2722;158;99;119;land;false;plains;1
2723;135;84;117;land;true;plains;1
2724;190;84;107;land;false;plains;1
2725;245;122;196;land;true;plains;1
2726;45;165;253;land;false;plains;1
2727;121;136;31;land;false;plains;1
2728;245;100;186;land;false;plains;1
2729;89;113;3;land;false;plains;1
2730;129;227;243;land;false;plains;1
2731;93;227;154;land;true;plains;1
2732;43;227;128;land;false;plains;1
2733;208;0;52;land;false;plains;1
2734;190;4;101;land;false;plains;1
2735;6;106;174;land;false;plains;1
2736;205;8;126;land;false;plains;1
2737;191;196;57;land;false;plains;1
2738;156;233;2;land;false;plains;1
2739;30;129;89;land;false;plains;1
2740;104;134;189;land;true;plains;1
2741;57;42;60;land;false;plains;1
2742;139;175;194;land;false;plains;1
2743;251;184;85;land;false;plains;1
2744;151;29;176;land;false;plains;1
2745;227;255;82;land;false;plains;1
2746;186;185;51;land;false;plains;1
2747;247;3;104;land;false;plains;1
2748;113;229;233;land;false;plains;1
2749;166;113;108;land;true;plains;1
2750;13;185;11;land;false;plains;1
2751;90;233;197;land;false;plains;1
2752;200;9;197;land;false;plains;1
2753;182;126;91;land;false;plains;1
2754;25;246;169;land;false;plains;1
2755;37;252;68;land;false;plains;1
2756;255;5;159;land;false;plains;1
2757;101;173;245;land;false;plains;1
2758;165;166;58;land;false;plains;1
2759;140;53;85;land;false;plains;1
2760;203;84;235;land;false;plains;1
2761;163;208;95;land;false;plains;1
2762;91;19;221;land;false;plains;1
2763;110;62;53;land;false;plains;1
2764;238;51;26;land;false;plains;1
2765;95;66;143;land;false;plains;1
2766;212;133;27;land;false;plains;1
2767;46;216;98;land;false;plains;1
2768;242;126;195;land;false;plains;1
2769;80;40;168;land;false;plains;1
2770;38;145;170;land;false;plains;1
2771;17;176;108;land;false;plains;1
2772;23;76;100;land;false;plains;1
2773;66;99;133;land;false;plains;1
2774;187;159;147;land;false;plains;1
2775;221;55;229;land;false;plains;1
2776;64;91;110;land;true;plains;1
2777;150;32;247;land;false;plains;1
2778;151;189;214;land;false;plains;1
2779;203;158;27;land;false;plains;1
2780;184;144;200;land;true;plains;1
2781;192;123;168;land;false;plains;1
2782;54;114;19;land;false;plains;1
2783;15;131;11;land;false;plains;1
2784;151;143;70;land;false;plains;1
2785;38;196;88;land;false;plains;1
2786;97;166;174;land;false;plains;1
2787;214;87;53;land;false;plains;1
2788;12;239;226;land;false;plains;1
2789;235;126;169;land;false;plains;1
2790;36;51;62;land;false;plains;1
2791;85;9;248;land;true;plains;1
2792;24;123;127;land;false;plains;1
2793;3;167;134;land;true;plains;1
2794;152;122;33;land;false;plains;1
2795;66;113;88;land;false;plains;1
2796;133;144;89;land;false;plains;1
2797;10;210;67;land;false;plains;1
2798;9;168;120;land;false;plains;1
2799;189;141;3;land;false;plains;1
2800;157;173;84;land;false;plains;1
2801;160;146;105;land;false;plains;1
2802;167;129;137;land;true;plains;1
2803;239;154;193;land;false;plains;1
2804;42;44;107;land;false;plains;1
2805;53;72;53;land;false;plains;1
2806;191;8;5;land;false;plains;1
2807;217;190;89;land;false;plains;1
2808;43;170;241;land;false;plains;1
2809;211;224;204;land;false;plains;1
2810;112;58;218;land;false;plains;1
2811;28;166;70;land;false;plains;1
2812;33;220;26;land;false;plains;1
2813;112;229;173;land;false;plains;1
2814;154;166;12;land;false;plains;1
2815;160;108;10;land;false;plains;1
2816;144;81;130;land;true;plains;1
2817;58;47;180;land;false;plains;1
2818;178;177;218;land;false;plains;1
2819;2;167;194;land;false;plains;1
2820;2;45;213;land;false;plains;1
2821;97;179;28;land;false;plains;1
2822;206;130;175;land;false;plains;1
2823;138;161;216;land;false;plains;1
2824;146;88;120;land;false;plains;1
2825;251;120;59;land;false;plains;1
2826;117;242;139;land;true;plains;1
2827;214;104;230;land;false;plains;1
2828;121;70;144;land;false;plains;1
2829;144;101;41;land;false;plains;1
2830;205;63;99;land;false;plains;1
2831;74;204;35;land;false;plains;1
2832;119;149;89;land;true;plains;1
2833;149;160;87;land;false;plains;1
2834;12;203;216;land;true;plains;1
2835;229;29;222;land;false;plains;1
2836;173;221;34;land;false;plains;1
2837;47;87;48;land;false;plains;1
2838;50;204;45;land;false;plains;1
2839;203;175;176;land;false;plains;1
2840;133;152;163;land;false;plains;1
2841;17;197;79;land;false;plains;1
2842;190;132;45;land;false;plains;1
2843;77;33;130;land;false;plains;1
2844;186;32;235;land;false;plains;1
2845;184;109;161;land;false;plains;1
2846;123;44;20;land;false;plains;1
2847;144;144;34;land;false;plains;1
2848;195;80;133;land;true;plains;1
2849;58;16;183;land;false;plains;1
2850;214;245;1;land;true;plains;1
2851;140;118;154;land;false;plains;1
2852;235;176;110;land;false;plains;1
2853;62;132;167;land;false;plains;1
2854;77;182;89;land;false;plains;1
2855;155;143;9;land;false;plains;1
2856;204;84;33;land;false;plains;1
2857;155;173;153;land;false;plains;1
2858;100;183;197;land;true;plains;1
2859;136;29;217;land;false;plains;1
2860;132;150;241;land;false;plains;1
2861;205;25;48;land;false;plains;1
2862;192;239;103;land;false;plains;1
2863;253;172;132;land;false;plains;1
2864;125;177;222;land;false;plains;1
2865;235;80;140;land;false;plains;1
2866;101;87;82;land;false;plains;1
2867;87;68;230;land;true;plains;1
2868;60;84;230;land;false;plains;1
2869;174;55;212;land;false;plains;1
2870;244;183;67;land;false;plains;1
2871;126;188;232;land;true;plains;1
2872;153;165;91;land;false;plains;1
2873;95;254;149;land;false;plains;1
2874;97;246;153;land;false;plains;1
2875;158;234;19;land;false;plains;1
2876;35;101;160;land;false;plains;1
2877;121;133;193;land;true;plains;1
2878;127;176;117;land;false;plains;1
2879;101;146;189;land;false;plains;1
2880;238;34;110;land;false;plains;1
2881;15;44;136;land;false;plains;1
2882;210;81;28;land;false;plains;1
2883;84;71;18;land;true;plains;1
2884;216;95;60;land;false;plains;1
2885;70;225;162;land;false;plains;1
2886;220;30;152;land;true;plains;1
2887;166;232;166;land;false;plains;1
2888;30;112;52;land;false;plains;1
2889;150;0;116;land;false;plains;1
2890;103;112;39;land;false;plains;1
2891;52;156;68;land;false;plains;1
2892;201;0;98;land;false;plains;1
2893;209;181;67;land;false;plains;1
2894;127;98;129;land;false;plains;1
2895;250;136;171;land;false;plains;1
2896;29;228;141;land;true;plains;1
2897;200;190;1;land;false;plains;1
2898;54;203;137;land;false;plains;1
2899;162;35;59;land;false;plains;1
2900;184;135;31;land;false;plains;1
2901;9;43;109;land;false;plains;1
2902;25;84;225;land;true;plains;1
2903;116;75;185;land;false;plains;1
2904;22;9;179;land;false;plains;1
2905;108;24;229;land;false;plains;1
2906;62;184;17;land;true;plains;1
2907;250;52;48;land;false;plains;1
2908;124;222;117;land;false;plains;1
2909;110;62;234;land;false;plains;1
2910;186;6;12;land;false;plains;1
2911;105;236;148;land;true;plains;1
2912;168;218;225;land;false;plains;1
2913;226;115;125;land;false;plains;1
2914;88;158;253;land;false;plains;1
2915;147;21;94;land;false;plains;1
2916;186;3;71;land;false;plains;1
2917;225;48;241;land;false;plains;1
2918;233;11;40;land;true;plains;1
2919;41;198;54;land;false;plains;1
2920;107;41;13;land;false;plains;1
2921;247;58;129;land;false;plains;1
2922;131;157;220;land;false;plains;1
2923;239;33;226;land;true;plains;1
2924;235;93;79;land;false;plains;1
2925;166;223;176;land;true;plains;1
2926;237;11;71;land;false;plains;1
2927;57;219;44;land;false;plains;1
2928;198;129;249;land;true;plains;1
2929;209;67;134;land;false;plains;1
2930;214;159;110;land;false;plains;1
2931;80;203;110;land;false;plains;1
2932;53;185;82;land;false;plains;1
2933;104;236;72;land;false;plains;1
2934;210;79;102;land;false;plains;1
2935;213;161;45;land;false;plains;1
2936;171;108;180;land;false;plains;1
2937;137;174;26;land;false;plains;1
2938;80;132;0;land;false;plains;1
2939;4;153;226;land;false;plains;1
2940;187;156;215;land;false;plains;1
2941;188;20;111;land;false;plains;1
2942;72;214;204;land;false;plains;1
2943;105;151;199;land;false;plains;1
2944;85;2;72;land;false;plains;1
2945;85;152;78;land;true;plains;1
2946;186;6;52;land;false;plains;1
2947;252;150;129;land;false;plains;1
2948;188;168;164;land;false;plains;1
2949;156;35;33;land;false;plains;1
2950;89;116;117;land;false;plains;1
2951;251;87;88;land;false;plains;1
2952;229;234;52;land;false;plains;1
2953;220;252;28;land;false;plains;1
2954;102;146;145;land;true;plains;1
2955;46;181;185;land;false;plains;1
2956;209;134;92;land;false;plains;1
2957;137;205;247;land;false;plains;1
2958;78;250;106;land;false;plains;1
2959;53;117;204;land;false;plains;1
2960;195;116;75;land;false;plains;1
2961;144;120;114;land;false;plains;1
2962;108;242;159;land;false;plains;1
2963;110;15;33;land;false;plains;1
2964;162;76;172;land;false;plains;1
2965;35;0;23;land;false;plains;1
2966;199;237;144;land;true;plains;1
2967;65;74;47;land;false;plains;1
2968;69;244;224;land;false;plains;1
2969;45;253;189;land;false;plains;1
2970;187;0;41;land;false;plains;1
2971;147;128;156;land;false;plains;1
2972;203;8;64;land;false;plains;1
2973;37;93;224;land;false;plains;1
2974;176;12;139;land;false;plains;1
2975;59;104;152;land;false;plains;1
2976;93;73;74;land;false;plains;1
2977;2;253;91;land;false;plains;1
2978;13;94;86;land;false;plains;1
2979;62;130;41;land;false;plains;1
2980;136;35;210;land;false;plains;1
2981;119;196;36;land;false;plains;1
2982;35;63;114;land;true;plains;1
2983;127;196;123;land;true;plains;1
2984;80;221;118;land;false;plains;1
2985;13;102;61;land;false;plains;1
2986;227;4;29;land;false;plains;1
2987;33;140;88;land;false;plains;1
2988;80;123;131;land;false;plains;1
2989;172;30;198;land;false;plains;1
2990;60;185;63;land;false;plains;1
2991;89;33;171;land;false;plains;1
2992;40;236;180;land;false;plains;1
2993;200;60;126;land;false;plains;1
2994;154;204;206;land;false;plains;1
2995;23;71;56;land;false;plains;1
2996;246;170;35;land;false;plains;1
2997;143;185;75;land;false;plains;1
2998;33;145;186;land;true;plains;1
2999;213;140;58;land;false;plains;1
3000;37;142;223;land;false;plains;1
3001;194;69;75;land;false;plains;1
3002;14;20;81;land;false;plains;1
3003;21;121;127;land;false;plains;1
3004;22;132;93;land;false;plains;1
3005;168;6;164;land;false;plains;1
3006;12;177;30;land;false;plains;1
3007;166;226;152;land;false;plains;1
3008;239;51;168;land;false;plains;1
3009;200;199;32;land;false;plains;1
3010;87;99;120;land;false;plains;1
3011;21;226;163;land;false;plains;1
3012;142;143;110;land;false;plains;1
3013;158;46;169;land;false;plains;1
3014;122;96;195;land;false;plains;1
3015;26;108;203;land;false;plains;1
3016;112;175;192;land;false;plains;1
3017;175;69;185;land;false;plains;1
3018;59;197;184;land;false;plains;1
3019;204;32;144;land;false;plains;1
3020;188;247;156;land;false;plains;1
3021;118;153;25;land;false;plains;1
3022;63;211;37;land;false;plains;1
3023;33;137;95;land;false;plains;1
3024;98;140;44;land;false;plains;1
3025;161;41;84;land;false;plains;1
3026;120;151;146;land;false;plains;1
3027;191;87;22;land;false;plains;1
3028;32;240;48;land;false;plains;1
3029;191;56;165;land;false;plains;1
3030;174;178;204;land;false;plains;1
3031;204;204;157;land;false;plains;1
3032;186;241;224;land;false;plains;1
3033;159;87;115;land;false;plains;1
3034;77;8;207;land;false;plains;1
3035;14;198;4;land;false;plains;1
3036;45;133;133;land;true;plains;1
3037;26;67;76;land;false;plains;1
3038;244;34;136;land;false;plains;1
3039;144;116;149;land;false;plains;1
3040;141;112;70;land;false;plains;1
3041;149;75;66;land;false;plains;1
3042;255;53;143;land;false;plains;1
3043;245;136;172;land;false;plains;1
3044;242;36;36;land;false;plains;1
3045;195;119;48;land;true;plains;1
3046;222;79;100;land;false;plains;1
3047;166;189;221;land;false;plains;1
3048;239;68;32;land;false;plains;1
3049;33;93;65;land;false;plains;1
3050;70;68;202;land;true;plains;1
3051;92;12;126;land;true;plains;1
3052;92;225;235;land;true;plains;1
3053;181;228;83;land;false;plains;1
3054;214;198;37;land;false;plains;1
3055;193;102;235;land;false;plains;1
3056;199;35;249;land;false;plains;1
3057;53;171;62;land;false;plains;1
3058;82;152;103;land;false;plains;1
3059;216;165;188;land;false;plains;1
3060;156;101;100;land;false;plains;1
3061;184;73;149;land;false;plains;1
3062;246;166;172;land;false;plains;1
3063;183;217;158;land;false;plains;1
3064;122;178;51;land;false;plains;1
3065;58;63;101;land;false;plains;1
3066;84;102;183;land;false;plains;1
3067;210;153;59;land;false;plains;1
3068;35;61;107;land;true;plains;1
3069;46;124;158;land;false;plains;1
3070;24;63;159;land;false;plains;1
3071;89;95;251;land;true;plains;1
3072;96;249;34;land;false;plains;1
3073;121;22;87;land;false;plains;1
3074;26;151;76;land;false;plains;1
3075;228;68;182;land;false;plains;1
3076;166;166;140;land;false;plains;1
3077;138;143;220;land;false;plains;1
3078;226;137;231;land;false;plains;1
3079;147;65;66;land;false;plains;1
3080;252;7;160;land;false;plains;1
3081;72;23;133;land;false;plains;1
3082;130;173;216;land;false;plains;1
3083;64;70;59;land;false;plains;1
3084;1;63;252;land;false;plains;1
3085;132;167;238;land;false;plains;1
3086;34;211;3;land;false;plains;1
3087;191;141;161;land;false;plains;1
3088;183;189;81;land;false;plains;1
3089;105;241;122;land;false;plains;1
3090;136;30;219;land;false;plains;1
3091;169;250;163;land;false;plains;1
3092;216;220;50;land;true;plains;1
3093;68;232;107;land;false;plains;1
3094;126;78;44;land;false;plains;1
3095;129;75;35;land;true;plains;1
3096;243;237;34;land;false;plains;1
3097;13;92;212;land;false;plains;1
3098;102;72;60;land;false;plains;1
3099;126;230;142;land;false;plains;1
3100;108;217;96;land;false;plains;1
3101;174;243;211;land;false;plains;1
3102;156;225;18;land;false;plains;1
3103;84;36;227;land;false;plains;1
3104;30;19;153;land;false;plains;1
3105;246;168;207;land;false;plains;1
3106;26;197;183;land;false;plains;1
3107;94;204;14;land;false;plains;1
3108;69;186;17;land;false;plains;1
3109;64;164;25;land;false;plains;1
3110;147;26;219;land;false;plains;1
3111;188;52;76;land;false;plains;1
3112;217;28;194;land;false;plains;1
3113;202;13;20;land;false;plains;1
3114;87;217;155;land;false;plains;1
3115;192;152;201;land;false;plains;1
3116;224;19;117;land;false;plains;1
3117;40;180;116;land;false;plains;1
3118;70;25;12;land;false;plains;1
3119;23;36;15;land;false;plains;1
3120;163;177;203;land;false;plains;1
3121;195;40;21;land;true;plains;1
3122;235;16;239;land;false;plains;1
3123;107;105;174;land;true;plains;1
3124;31;122;118;land;false;plains;1
3125;85;132;127;land;false;plains;1
3126;66;237;172;land;false;plains;1
3127;54;224;207;land;false;plains;1
3128;31;165;39;land;false;plains;1
3129;215;110;246;land;true;plains;1
3130;124;234;141;land;false;plains;1
3131;105;250;126;land;false;plains;1
3132;122;217;5;land;false;plains;1
3133;135;105;21;land;false;plains;1
3134;19;172;215;land;false;plains;1
3135;152;158;142;land;false;plains;1
3136;150;17;142;land;false;plains;1
3137;44;100;193;land;false;plains;1
3138;247;64;175;land;false;plains;1
3139;73;12;24;land;false;plains;1
3140;8;135;138;land;false;plains;1
3141;234;191;199;land;false;plains;1
3142;2;186;57;land;false;plains;1
3143;164;156;77;land;false;plains;1
3144;175;213;208;land;false;plains;1
3145;64;125;170;land;false;plains;1
3146;2;8;189;land;false;plains;1
3147;101;183;147;land;true;plains;1
3148;139;112;224;land;false;plains;1
3149;209;244;149;land;false;plains;1
3150;68;26;255;land;false;plains;1
3151;38;255;60;land;false;plains;1
3152;3;133;41;land;false;plains;1
3153;196;215;154;land;false;plains;1
3154;82;82;84;land;true;plains;1
3155;126;115;143;land;false;plains;1
3156;24;127;80;land;false;plains;1
3157;148;73;255;land;false;plains;1
3158;46;22;169;land;true;plains;1
3159;78;62;42;land;false;plains;1
3160;116;232;53;land;false;plains;1
3161;238;239;154;land;false;plains;1
3162;91;210;157;land;false;plains;1
3163;251;197;81;land;false;plains;1
3164;184;12;27;land;false;plains;1
3165;226;168;137;land;false;plains;1
3166;97;2;8;land;false;plains;1
3167;77;196;158;land;false;plains;1
3168;211;224;0;land;true;plains;1
3169;254;100;228;land;false;plains;1
3170;199;123;97;land;true;plains;1
3171;105;254;18;land;false;plains;1
3172;110;208;21;land;false;plains;1
3173;42;87;144;land;false;plains;1
3174;166;130;108;land;false;plains;1
3175;156;0;78;land;true;plains;1
3176;75;208;134;land;false;plains;1
3177;224;195;209;land;true;plains;1
3178;47;167;160;land;false;plains;1
3179;227;139;224;land;false;plains;1
3180;247;105;38;land;false;plains;1
3181;54;55;225;land;false;plains;1
3182;104;243;168;land;false;plains;1
3183;99;17;214;land;false;plains;1
3184;117;132;49;land;false;plains;1
3185;119;106;184;land;true;plains;1
3186;97;184;118;land;false;plains;1
3187;189;117;42;land;false;plains;1
3188;80;94;30;land;false;plains;1
3189;166;206;33;land;false;plains;1
3190;127;27;246;land;false;plains;1
3191;59;112;103;land;false;plains;1
3192;113;64;185;land;false;plains;1
3193;59;23;165;land;false;plains;1
3194;112;123;30;land;false;plains;1
3195;24;28;188;land;false;plains;1
3196;3;224;162;land;false;plains;1
3197;16;81;177;land;false;plains;1
3198;29;156;165;land;false;plains;1
3199;75;135;83;land;false;plains;1
3200;77;129;246;land;false;plains;1
3201;124;220;89;land;false;plains;1
3202;96;55;233;land;false;plains;1
3203;251;45;138;land;false;plains;1
3204;131;185;28;land;false;plains;1
3205;16;66;238;land;true;plains;1
3206;2;198;255;land;false;plains;1
3207;31;206;112;land;false;plains;1
3208;235;25;53;land;false;plains;1
3209;65;118;234;land;false;plains;1
3210;98;15;199;land;false;plains;1
3211;252;247;168;land;false;plains;1
3212;188;201;116;land;false;plains;1
3213;202;36;197;land;false;plains;1
3214;226;36;56;land;false;plains;1
3215;2;170;43;land;false;plains;1
3216;200;168;166;land;false;plains;1
3217;137;28;236;land;false;plains;1
3218;173;100;222;land;false;plains;1
3219;126;99;76;land;false;plains;1
3220;139;255;33;land;false;plains;1
3221;168;190;132;land;false;plains;1
3222;133;84;200;land;false;plains;1
3223;79;76;58;land;true;plains;1
3224;28;34;54;land;false;plains;1
3225;222;251;148;land;false;plains;1
3226;193;21;66;land;false;plains;1
3227;19;64;232;land;false;plains;1
3228;100;138;107;land;false;plains;1
3229;208;52;246;land;false;plains;1
3230;169;59;24;land;false;plains;1
3231;61;220;156;land;false;plains;1
3232;255;130;4;land;true;plains;1
3233;140;12;0;land;false;plains;1
3234;202;143;183;land;false;plains;1
3235;78;212;48;land;false;plains;1
3236;11;137;101;land;false;plains;1
3237;183;32;144;land;true;plains;1
3238;64;250;155;land;false;plains;1
3239;19;235;48;land;true;plains;1
3240;225;13;194;land;false;plains;1
3241;157;83;126;land;false;plains;1
3242;27;136;218;land;false;plains;1
3243;59;30;209;land;false;plains;1
3244;175;121;134;land;false;plains;1
3245;47;190;52;land;false;plains;1
3246;57;217;238;land;false;plains;1
3247;174;172;26;land;false;plains;1
3248;72;76;111;land;true;plains;1
3249;18;87;159;land;false;plains;1
3250;68;223;20;land;false;plains;1
3251;42;10;232;land;false;plains;1
3252;199;158;124;land;false;plains;1
3253;175;4;174;land;false;plains;1
3254;218;160;159;land;false;plains;1
3255;62;105;96;land;false;plains;1
3256;214;59;242;land;false;plains;1
3257;32;151;198;land;false;plains;1
3258;104;147;97;land;true;plains;1
3259;16;95;59;land;false;plains;1
3260;11;111;133;land;false;plains;1
3261;121;30;166;land;false;plains;1
3262;79;99;245;land;false;plains;1
3263;62;186;198;land;false;plains;1
3264;27;158;136;land;false;plains;1
3265;15;76;34;land;false;plains;1
3266;145;71;244;land;false;plains;1
3267;110;101;73;land;false;plains;1
3268;170;16;238;land;false;plains;1
3269;222;157;27;land;false;plains;1
3270;83;218;204;land;true;plains;1
3271;197;106;80;land;false;plains;1
3272;255;201;40;land;false;plains;1
3273;193;147;130;land;false;plains;1
3274;171;100;28;land;false;plains;1
3275;34;58;145;land;false;plains;1
3276;6;183;24;land;false;plains;1
3277;155;11;246;land;false;plains;1
3278;80;104;106;land;false;plains;1
3279;106;171;36;land;false;plains;1
3280;170;14;115;land;false;plains;1
3281;20;200;173;land;false;plains;1
3282;70;136;177;land;false;plains;1
3283;243;146;142;land;false;plains;1
3284;34;16;81;land;false;plains;1
3285;208;12;119;land;false;plains;1
3286;151;49;183;land;false;plains;1
3287;110;172;240;land;false;plains;1
3288;166;217;51;land;false;plains;1
3289;58;38;9;land;false;plains;1
3290;144;94;204;land;false;plains;1
3291;145;136;151;land;false;plains;1
3292;159;72;30;land;false;plains;1
3293;156;139;195;land;false;plains;1
3294;31;69;134;land;false;plains;1
3295;39;91;198;land;false;plains;1
3296;23;220;224;land;false;plains;1
3297;93;188;201;land;true;plains;1
3298;50;5;53;land;false;plains;1
3299;68;207;66;land;false;plains;1
3300;174;127;157;land;false;plains;1
3301;23;48;230;land;false;plains;1
3302;251;242;7;land;false;plains;1
3303;163;158;223;land;true;plains;1
3304;229;87;176;land;false;plains;1
3305;216;35;100;land;false;plains;1
3306;164;13;201;land;false;plains;1
3307;10;8;58;land;false;plains;1
3308;221;70;30;land;false;plains;1
3309;237;143;34;land;false;plains;1
3310;130;125;109;land;false;plains;1
3311;108;180;91;land;false;plains;1
3312;7;168;87;land;false;plains;1
3313;26;73;232;land;false;plains;1
3314;99;16;205;land;false;plains;1
3315;244;23;238;land;false;plains;1
3316;62;28;158;land;false;plains;1
3317;89;204;144;land;false;plains;1
3318;232;165;59;land;false;plains;1
3319;166;17;31;land;false;plains;1
3320;61;103;135;land;false;plains;1
3321;85;26;99;land;false;plains;1
3322;247;8;204;land;false;plains;1
3323;10;138;227;land;false;plains;1
3324;116;88;177;land;false;plains;1
3325;228;188;185;land;false;plains;1
3326;20;13;13;land;false;plains;1
3327;157;121;99;land;false;plains;1
3328;36;39;171;land;false;plains;1
3329;42;221;82;land;false;plains;1
3330;118;146;111;land;false;plains;1
3331;182;82;208;land;false;plains;1
3332;218;90;105;land;false;plains;1
3333;133;150;2;land;false;plains;1
3334;67;107;93;land;false;plains;1
3335;218;86;105;land;true;plains;1
3336;198;135;200;land;false;plains;1
3337;108;97;53;land;false;plains;1
3338;2;199;203;land;true;plains;1
3339;240;116;118;land;false;plains;1
3340;206;173;66;land;false;plains;1
3341;33;233;13;land;false;plains;1
3342;131;170;135;land;false;plains;1
3343;189;27;132;land;false;plains;1
3344;50;22;20;land;true;plains;1
3345;105;220;2;land;false;plains;1
3346;7;122;8;land;false;plains;1
3347;187;85;211;land;false;plains;1
3348;3;223;233;land;false;plains;1
3349;60;25;121;land;true;plains;1
3350;150;141;203;land;false;plains;1
3351;31;227;195;land;false;plains;1
3352;233;224;5;land;false;plains;1
3353;198;60;86;land;false;plains;1
3354;230;108;135;land;true;plains;1
3355;245;37;158;land;true;plains;1
3356;73;177;72;land;false;plains;1
3357;109;240;159;land;false;plains;1
3358;63;64;197;land;false;plains;1
3359;1;158;76;land;false;plains;1
3360;168;236;29;land;false;plains;1
3361;42;114;239;land;false;plains;1
3362;213;222;56;land;false;plains;1
3363;208;141;89;land;true;plains;1
3364;232;109;59;land;false;plains;1
3365;154;17;106;land;false;plains;1
3366;245;61;122;land;true;plains;1
3367;65;85;30;land;false;plains;1
3368;9;210;101;land;false;plains;1
3369;240;139;129;land;false;plains;1
3370;179;47;18;land;false;plains;1
3371;102;46;46;land;false;plains;1
3372;1;186;33;land;false;plains;1
3373;128;201;155;land;false;plains;1
3374;217;215;21;land;false;plains;1
3375;99;1;122;land;false;plains;1
3376;1;144;119;land;false;plains;1
3377;190;25;36;land;false;plains;1
3378;246;13;33;land;true;plains;1
3379;4;244;101;land;false;plains;1
3380;40;45;237;land;false;plains;1
3381;8;1;62;land;false;plains;1
3382;116;200;38;land;true;plains;1
3383;57;190;239;land;false;plains;1
3384;13;142;34;land;false;plains;1
3385;221;250;21;land;false;plains;1
3386;67;215;143;land;false;plains;1
3387;234;190;52;land;false;plains;1
3388;209;230;237;land;false;plains;1
3389;149;161;0;land;true;plains;1
3390;233;58;85;land;false;plains;1
3391;29;15;65;land;false;plains;1
3392;155;252;105;land;false;plains;1
3393;251;16;21;land;false;plains;1
3394;87;127;70;land;false;plains;1
3395;228;180;171;land;true;plains;1
3396;250;114;151;land;false;plains;1
3397;117;50;224;land;false;plains;1
3398;233;124;48;land;true;plains;1
3399;45;118;14;land;false;plains;1
3400;205;63;113;land;false;plains;1
3401;142;197;219;land;false;plains;1
3402;123;170;231;land;false;plains;1
3403;147;92;14;land;false;plains;1
3404;246;191;81;land;false;plains;1
3405;50;35;226;land;false;plains;1
3406;204;90;81;land;false;plains;1
3407;17;113;237;land;false;plains;1
3408;61;19;27;land;false;plains;1
3409;247;59;139;land;false;plains;1
3410;59;9;30;land;false;plains;1
3411;173;174;229;land;false;plains;1
3412;73;38;151;land;false;plains;1
3413;161;65;38;land;false;plains;1
3414;219;92;58;land;false;plains;1
3415;114;219;170;land;false;plains;1
3416;217;143;234;land;false;plains;1
3417;120;140;0;land;false;plains;1
3418;163;245;96;land;false;plains;1
3419;176;125;82;land;false;plains;1
3420;62;253;133;land;false;plains;1
3421;159;253;164;land;false;plains;1
3422;192;74;160;land;false;plains;1
3423;166;43;97;land;false;plains;1
3424;14;84;153;land;false;plains;1
3425;170;2;69;land;false;plains;1
3426;28;176;99;land;true;plains;1
3427;76;125;204;land;false;plains;1
3428;171;113;164;land;false;plains;1
3429;148;55;132;land;false;plains;1
3430;247;203;16;land;false;plains;1
3431;11;132;119;land;false;plains;1
3432;205;82;99;land;false;plains;1
3433;19;50;205;land;false;plains;1
3434;181;229;159;land;false;plains;1
3435;219;196;223;land;false;plains;1
3436;247;112;30;land;false;plains;1
3437;85;132;79;land;false;plains;1
3438;132;88;171;land;false;plains;1
3439;237;208;196;land;false;plains;1
3440;67;1;129;land;false;plains;1
3441;110;247;115;land;false;plains;1
3442;199;189;12;land;false;plains;1
3443;30;63;114;land;false;plains;1
3444;99;152;222;land;false;plains;1
3445;229;92;24;land;false;plains;1
3446;168;37;63;land;false;plains;1
3447;197;163;111;land;true;plains;1
3448;173;152;80;land;false;plains;1
3449;214;180;186;land;false;plains;1
3450;155;194;140;land;false;plains;1
3451;216;200;24;land;false;plains;1
3452;47;80;223;land;false;plains;1
3453;11;116;64;land;false;plains;1
3454;184;182;112;land;false;plains;1
3455;178;151;181;land;false;plains;1
3456;176;67;218;land;true;plains;1
3457;100;171;141;land;false;plains;1
3458;222;137;126;land;false;plains;1
3459;209;248;171;land;false;plains;1
3460;33;194;62;land;false;plains;1
3461;223;112;142;land;false;plains;1
3462;133;127;47;land;false;plains;1
3463;214;23;52;land;false;plains;1
3464;1;48;147;land;false;plains;1
3465;29;123;213;land;false;plains;1
3466;81;150;201;land;false;plains;1
3467;114;12;95;land;false;plains;1
3468;6;12;191;land;false;plains;1
3469;91;63;249;land;false;plains;1
3470;71;191;125;land;false;plains;1
3471;10;89;177;land;false;plains;1
3472;86;10;126;land;false;plains;1
3473;39;108;185;land;false;plains;1
3474;201;155;218;land;false;plains;1
3475;116;186;9;land;true;plains;1
3476;14;225;179;land;false;plains;1
3477;254;222;40;land;false;plains;1
3478;167;204;201;land;false;plains;1
3479;51;70;47;land;true;plains;1
3480;235;93;233;land;false;plains;1
3481;94;45;255;land;false;plains;1
3482;29;174;192;land;false;plains;1
3483;29;17;148;land;false;plains;1
3484;141;26;160;land;false;plains;1
3485;255;161;102;land;false;plains;1
3486;250;26;214;land;true;plains;1
3487;31;4;133;land;false;plains;1
3488;240;225;214;land;false;plains;1
3489;25;5;84;land;false;plains;1
3490;135;39;28;land;false;plains;1
3491;178;12;12;land;false;plains;1
3492;102;38;205;land;false;plains;1
3493;241;220;229;land;false;plains;1
3494;40;14;200;land;false;plains;1
3495;129;48;19;land;false;plains;1
3496;109;86;208;land;false;plains;1
3497;222;21;113;land;false;plains;1
3498;50;198;253;land;false;plains;1
3499;138;75;51;land;true;plains;1
3500;48;5;218;land;false;plains;1
3501;166;180;89;land;false;plains;1
3502;196;206;134;land;false;plains;1
3503;190;215;193;land;false;plains;1
3504;217;173;57;land;false;plains;1
3505;70;223;86;land;false;plains;1
3506;91;98;234;land;false;plains;1
3507;140;5;178;land;false;plains;1
3508;204;179;4;land;false;plains;1
3509;116;209;132;land;true;plains;1
3510;72;15;19;land;false;plains;1
3511;161;173;51;land;false;plains;1
3512;56;193;39;land;true;plains;1
3513;179;5;228;land;false;plains;1
3514;5;213;109;land;false;plains;1
3515;22;86;234;land;false;plains;1
3516;78;67;63;land;false;plains;1
3517;186;37;95;land;false;plains;1
3518;227;106;42;land;false;plains;1
3519;217;254;170;land;false;plains;1
3520;228;83;176;land;false;plains;1
3521;75;239;144;land;false;plains;1
3522;227;159;182;land;true;plains;1
3523;114;40;139;land;false;plains;1
3524;230;240;130;land;false;plains;1
3525;9;21;92;land;false;plains;1
3526;188;12;240;land;false;plains;1
3527;39;87;248;land;false;plains;1
3528;150;210;119;land;false;plains;1
3529;75;242;193;land;true;plains;1
3530;54;29;253;land;false;plains;1
3531;208;131;82;land;false;plains;1
3532;188;9;2;land;false;plains;1
3533;32;127;222;land;false;plains;1
3534;16;6;203;land;false;plains;1
3535;188;31;7;land;false;plains;1
3536;142;177;175;land;false;plains;1
3537;27;83;37;land;false;plains;1
3538;147;183;60;land;false;plains;1
3539;13;15;63;land;false;plains;1
3540;202;208;93;land;true;plains;1
3541;42;170;94;land;false;plains;1
3542;107;127;119;land;true;plains;1
3543;49;42;184;land;false;plains;1
3544;205;143;194;land;false;plains;1
3545;39;57;222;land;false;plains;1
3546;8;241;239;land;false;plains;1
3547;4;208;221;land;false;plains;1
3548;14;163;28;land;false;plains;1
3549;114;200;128;land;false;plains;1
3550;80;10;170;land;false;plains;1
3551;69;65;153;land;false;plains;1
3552;76;0;75;land;true;plains;1
3553;80;206;186;land;false;plains;1
3554;152;131;185;land;false;plains;1
3555;25;177;0;land;false;plains;1
3556;114;7;14;land;false;plains;1
3557;80;92;205;land;false;plains;1
3558;188;181;217;land;false;plains;1
3559;181;251;222;land;false;plains;1
3560;194;8;72;land;false;plains;1
3561;10;19;138;land;false;plains;1
3562;198;178;22;land;false;plains;1
3563;133;178;97;land;false;plains;1
3564;102;40;236;land;false;plains;1
3565;179;75;52;land;false;plains;1
3566;238;98;35;land;false;plains;1
3567;250;169;167;land;true;plains;1
3568;130;253;125;land;false;plains;1
3569;65;62;11;land;false;plains;1
3570;218;253;202;land;false;plains;1
3571;191;100;134;land;true;plains;1
3572;43;162;112;land;false;plains;1
3573;31;91;235;land;false;plains;1
3574;142;194;83;land;true;plains;1
3575;156;67;7;land;false;plains;1
3576;40;200;70;land;false;plains;1
3577;92;181;145;land;false;plains;1
3578;98;117;139;land;false;plains;1
3579;130;171;206;land;false;plains;1
3580;142;75;67;land;false;plains;1
3581;187;220;251;land;true;plains;1
3582;243;70;220;land;true;plains;1
3583;13;4;211;land;false;plains;1
3584;67;240;170;land;false;plains;1
3585;181;89;75;land;false;plains;1
3586;248;19;139;land;false;plains;1
3587;17;236;52;land;false;plains;1
3588;182;50;252;land;false;plains;1
3589;108;196;251;land;false;plains;1
3590;198;87;185;land;false;plains;1
3591;157;253;41;land;false;plains;1
3592;108;230;191;land;false;plains;1
3593;254;105;225;land;false;plains;1
3594;30;32;145;land;false;plains;1
3595;1;226;171;land;false;plains;1
3596;90;7;188;land;false;plains;1
3597;124;88;91;land;true;plains;1
3598;215;192;139;land;false;plains;1
3599;10;59;215;land;true;plains;1
3600;164;5;120;land;false;plains;1
3601;71;48;135;land;false;plains;1
3602;25;156;99;land;false;plains;1
3603;56;50;64;land;false;plains;1
3604;147;20;25;land;false;plains;1
3605;95;5;2;land;false;plains;1
3606;87;129;241;land;false;plains;1
3607;226;182;74;land;false;plains;1
3608;240;202;185;land;false;plains;1
3609;113;250;99;land;false;plains;1
3610;124;86;158;land;false;plains;1
3611;117;235;8;land;false;plains;1
3612;40;65;207;land;false;plains;1
3613;236;152;89;land;false;plains;1
3614;166;73;9;land;false;plains;1
3615;181;126;172;land;false;plains;1
3616;225;115;130;land;false;plains;1
3617;36;201;107;land;true;plains;1
3618;92;247;42;land;false;plains;1
3619;105;167;109;land;false;plains;1
3620;70;120;23;land;false;plains;1
3621;27;136;220;land;false;plains;1
3622;82;124;194;land;false;plains;1
3623;44;32;126;land;false;plains;1
3624;32;202;182;land;false;plains;1
3625;29;103;21;land;true;plains;1
3626;4;161;225;land;false;plains;1
3627;95;70;202;land;false;plains;1
3628;32;89;235;land;false;plains;1
3629;7;41;226;land;false;plains;1
3630;123;32;132;land;false;plains;1
3631;23;184;151;land;false;plains;1
3632;70;1;57;land;false;plains;1
3633;79;107;155;land;false;plains;1
3634;47;40;32;land;false;plains;1
3635;197;240;209;land;false;plains;1
3636;159;98;40;land;false;plains;1
3637;8;237;95;land;false;plains;1
3638;252;109;209;land;false;plains;1
3639;46;199;36;land;true;plains;1
3640;89;73;189;land;false;plains;1
3641;59;210;51;land;false;plains;1
3642;90;237;181;land;false;plains;1
3643;96;26;242;land;false;plains;1
3644;173;187;84;land;false;plains;1
3645;15;69;53;land;true;plains;1
3646;227;193;94;land;false;plains;1
3647;250;86;18;land;false;plains;1
3648;49;192;183;land;false;plains;1
3649;231;116;164;land;false;plains;1
3650;138;139;69;land;false;plains;1
3651;151;138;3;land;false;plains;1
3652;242;23;180;land;true;plains;1
3653;58;16;136;land;false;plains;1
3654;100;105;69;land;false;plains;1
3655;117;3;64;land;true;plains;1
3656;133;203;68;land;false;plains;1
3657;226;140;225;land;false;plains;1
3658;2;193;153;land;false;plains;1
3659;139;11;209;land;false;plains;1
3660;110;18;10;land;false;plains;1
3661;135;185;104;land;false;plains;1
3662;185;157;29;land;false;plains;1
3663;200;165;84;land;false;plains;1
3664;197;158;142;land;false;plains;1
3665;183;85;75;land;false;plains;1
3666;37;21;142;land;false;plains;1
3667;65;168;99;land;false;plains;1
3668;56;99;104;land;false;plains;1
3669;168;41;153;land;false;plains;1
3670;235;32;180;land;true;plains;1
3671;162;31;245;land;false;plains;1
3672;12;77;218;land;false;plains;1
3673;182;211;78;land;true;plains;1
3674;104;21;133;land;true;plains;1
3675;223;178;164;land;false;plains;1
3676;14;123;91;land;false;plains;1
3677;171;59;88;land;false;plains;1
3678;137;236;183;land;false;plains;1
3679;146;115;224;land;false;plains;1
3680;213;79;63;land;false;plains;1
3681;114;221;168;land;false;plains;1
3682;80;165;175;land;false;plains;1
3683;114;58;52;land;false;plains;1
3684;161;203;220;land;false;plains;1
3685;65;214;206;land;false;plains;1
3686;39;215;43;land;false;plains;1
3687;37;125;105;land;false;plains;1
3688;219;247;188;land;false;plains;1
3689;230;130;253;land;true;plains;1
3690;143;55;2;land;true;plains;1
3691;63;216;77;land;false;plains;1
3692;153;208;158;land;true;plains;1
3693;168;153;171;land;false;plains;1
3694;46;53;41;land;false;plains;1
3695;242;112;55;land;false;plains;1
3696;33;112;244;land;false;plains;1
3697;3;167;177;land;false;plains;1
3698;144;75;141;land;false;plains;1
3699;138;215;114;land;true;plains;1
3700;111;128;200;land;false;plains;1
3701;202;239;203;land;false;plains;1
3702;36;209;7;land;false;plains;1
3703;77;118;194;land;false;plains;1
3704;222;114;221;land;false;plains;1
3705;47;107;142;land;false;plains;1
3706;26;122;107;land;false;plains;1
3707;107;37;139;land;false;plains;1
3708;174;203;204;land;false;plains;1
3709;239;218;39;land;false;plains;1
3710;248;173;5;land;false;plains;1
3711;147;101;202;land;false;plains;1
3712;163;141;102;land;false;plains;1
3713;176;207;119;land;false;plains;1
3714;156;10;134;land;false;plains;1
3715;137;215;246;land;false;plains;1
3716;44;119;15;land;false;plains;1
3717;132;40;75;land;false;plains;1
3718;36;37;247;land;false;plains;1
3719;179;213;113;land;false;plains;1
3720;153;104;155;land;false;plains;1
3721;9;204;130;land;false;plains;1
3722;235;251;7;land;false;plains;1
3723;65;2;208;land;true;plains;1
3724;225;96;195;land;false;plains;1
3725;36;55;195;land;false;plains;1
3726;52;226;165;land;false;plains;1
3727;166;123;228;land;false;plains;1
3728;202;141;253;land;true;plains;1
3729;74;12;56;land;false;plains;1
3730;83;255;246;land;false;plains;1
3731;113;97;125;land;true;plains;1
3732;148;176;174;land;false;plains;1
3733;203;197;59;land;false;plains;1
3734;202;136;29;land;false;plains;1
3735;240;173;133;land;false;plains;1
3736;194;110;145;land;false;plains;1
3737;160;249;97;land;true;plains;1
3738;109;91;14;land;false;plains;1
3739;40;129;98;land;false;plains;1
3740;255;206;147;land;false;plains;1
3741;24;198;238;land;false;plains;1
3742;38;150;114;land;false;plains;1
3743;185;163;114;land;true;plains;1
3744;63;211;29;land;false;plains;1
3745;47;167;1;land;false;plains;1
3746;118;21;64;land;true;plains;1
3747;178;216;227;land;false;plains;1
3748;103;109;1;land;false;plains;1
3749;35;80;150;land;false;plains;1
3750;130;145;89;land;false;plains;1
3751;123;183;161;land;false;plains;1
3752;50;232;11;land;false;plains;1
3753;221;37;42;land;false;plains;1
3754;176;114;236;land;false;plains;1
3755;62;76;165;land;false;plains;1
3756;204;44;231;land;false;plains;1
3757;110;42;60;land;false;plains;1
3758;103;199;13;land;false;plains;1
3759;228;158;82;land;false;plains;1
3760;72;238;202;land;false;plains;1
3761;233;138;110;land;false;plains;1
3762;233;36;216;land;false;plains;1
3763;49;74;154;land;false;plains;1
3764;31;75;66;land;false;plains;1
3765;99;85;235;land;false;plains;1
3766;121;183;231;land;false;plains;1
3767;207;117;114;land;false;plains;1
3768;48;144;108;land;false;plains;1
3769;28;97;166;land;false;plains;1
3770;33;251;52;land;false;plains;1
3771;48;152;206;land;false;plains;1
3772;10;72;123;land;false;plains;1
3773;133;218;45;land;false;plains;1
3774;30;165;33;land;false;plains;1
3775;46;48;47;land;true;plains;1
3776;32;113;63;land;false;plains;1
3777;49;143;230;land;false;plains;1
3778;249;70;142;land;false;plains;1
3779;59;14;52;land;false;plains;1
3780;6;87;108;land;false;plains;1
3781;84;204;193;land;false;plains;1
3782;34;156;8;land;false;plains;1
3783;22;138;1;land;false;plains;1
3784;96;180;89;land;true;plains;1
3785;166;204;58;land;false;plains;1
3786;242;215;119;land;false;plains;1
3787;126;200;221;land;false;plains;1
3788;245;20;177;land;true;plains;1
3789;47;248;44;land;false;plains;1
3790;71;95;48;land;false;plains;1
3791;228;156;227;land;false;plains;1
3792;170;214;193;land;false;plains;1
3793;233;229;24;land;false;plains;1
3794;23;105;209;land;false;plains;1
3795;244;98;50;land;false;plains;1
3796;30;231;25;land;false;plains;1
3797;1;173;11;land;false;plains;1
3798;78;154;115;land;false;plains;1
3799;189;31;26;land;false;plains;1
3800;217;144;119;land;false;plains;1
3801;92;76;48;land;false;plains;1
3802;157;52;173;land;false;plains;1
3803;164;26;193;land;false;plains;1
3804;16;140;253;land;false;plains;1
3805;139;204;148;land;false;plains;1
3806;109;244;251;land;false;plains;1
3807;4;49;85;land;false;plains;1
3808;204;179;222;land;false;plains;1
3809;27;95;66;land;false;plains;1
3810;201;136;18;land;false;plains;1
3811;12;246;52;land;false;plains;1
3812;174;50;203;land;false;plains;1
3813;105;66;88;land;false;plains;1
3814;156;67;21;land;false;plains;1
3815;3;238;36;land;false;plains;1
3816;199;191;188;land;false;plains;1
3817;153;39;156;land;false;plains;1
3818;102;243;111;land;false;plains;1
3819;200;250;27;land;false;plains;1
3820;13;55;1;land;false;plains;1
3821;119;126;202;land;false;plains;1
3822;162;36;253;land;false;plains;1
3823;60;40;88;land;false;plains;1
3824;198;173;249;land;false;plains;1
3825;177;155;220;land;false;plains;1
3826;248;92;77;land;false;plains;1
3827;92;58;53;land;false;plains;1
3828;112;78;188;land;false;plains;1
3829;108;212;156;land;false;plains;1
3830;105;155;251;land;false;plains;1
3831;250;2;116;land;false;plains;1
3832;21;191;227;land;true;plains;1
3833;72;24;244;land;false;plains;1
3834;39;188;94;land;false;plains;1
3835;134;130;173;land;false;plains;1
3836;2;202;232;land;false;plains;1
3837;166;207;141;land;false;plains;1
3838;104;199;1;land;false;plains;1
3839;204;105;42;land;false;plains;1
3840;197;53;65;land;false;plains;1
3841;17;254;171;land;false;plains;1
3842;215;50;133;land;false;plains;1
3843;204;16;137;land;false;plains;1
3844;128;158;3;land;false;plains;1
3845;182;108;27;land;false;plains;1
3846;55;121;27;land;false;plains;1
3847;247;149;184;land;false;plains;1
3848;3;127;168;land;false;plains;1
3849;251;208;152;land;false;plains;1
3850;242;55;132;land;false;plains;1
3851;61;70;127;land;false;plains;1
3852;155;75;117;land;false;plains;1
3853;150;155;237;land;false;plains;1
3854;198;196;78;land;true;plains;1
3855;181;152;66;land;false;plains;1
3856;154;150;5;land;false;plains;1
3857;217;193;242;land;false;plains;1
3858;151;51;188;land;true;plains;1
3859;41;31;83;land;false;plains;1
3860;81;254;69;land;false;plains;1
3861;136;199;152;land;false;plains;1
3862;19;100;43;land;false;plains;1
3863;163;162;185;land;false;plains;1
3864;235;0;253;land;false;plains;1
3865;160;235;105;land;true;plains;1
3866;55;213;211;land;false;plains;1
3867;59;245;5;land;false;plains;1
3868;9;244;93;land;false;plains;1
3869;34;229;221;land;false;plains;1
3870;185;91;75;land;false;plains;1
3871;117;32;209;land;false;plains;1
3872;76;219;66;land;false;plains;1
3873;234;217;103;land;true;plains;1
3874;67;7;181;land;false;plains;1
3875;28;133;144;land;false;plains;1
3876;107;135;167;land;false;plains;1
3877;227;241;225;land;false;plains;1
3878;184;144;2;land;false;plains;1
3879;46;42;48;land;false;plains;1
3880;122;156;170;land;false;plains;1
3881;77;0;90;land;false;plains;1
3882;194;80;218;land;false;plains;1
3883;96;131;4;land;false;plains;1
3884;121;94;85;land;false;plains;1
3885;104;33;184;land;false;plains;1
3886;96;20;33;land;true;plains;1
3887;222;15;98;land;false;plains;1
3888;37;33;217;land;false;plains;1
3889;71;19;34;land;false;plains;1
3890;116;67;14;land;true;plains;1
3891;192;76;143;land;false;plains;1
3892;57;146;148;land;false;plains;1
3893;146;240;78;land;false;plains;1
3894;201;198;54;land;true;plains;1
3895;97;252;20;land;false;plains;1
3896;24;208;41;land;false;plains;1
3897;101;123;170;land;false;plains;1
3898;154;241;246;land;false;plains;1
3899;140;41;49;land;false;plains;1
3900;146;59;83;land;false;plains;1
3901;18;156;224;land;false;plains;1
3902;136;11;158;land;false;plains;1
3903;210;145;14;land;false;plains;1
3904;89;183;217;land;false;plains;1
3905;97;50;149;land;false;plains;1
3906;109;86;60;land;false;plains;1
3907;214;128;222;land;false;plains;1
3908;144;191;22;land;false;plains;1
3909;18;59;46;land;true;plains;1
3910;133;235;136;land;true;plains;1
3911;247;31;34;land;false;plains;1
3912;150;194;3;land;false;plains;1
3913;57;34;7;land;false;plains;1
3914;106;62;115;land;false;plains;1
3915;182;10;16;land;false;plains;1
3916;179;87;168;land;true;plains;1
3917;130;16;233;land;true;plains;1
3918;133;229;105;land;false;plains;1
3919;10;92;37;land;false;plains;1
3920;140;100;113;land;true;plains;1
3921;164;69;217;land;false;plains;1
3922;243;226;161;land;false;plains;1
3923;223;140;185;land;false;plains;1
3924;165;106;64;land;true;plains;1
3925;34;246;39;land;false;plains;1
3926;120;3;117;land;false;plains;1
3927;79;173;215;land;false;plains;1
3928;150;218;120;land;false;plains;1
3929;80;6;142;land;false;plains;1
3930;218;228;97;land;false;plains;1
3931;5;131;255;land;false;plains;1
3932;167;230;46;land;false;plains;1
3933;74;44;179;land;false;plains;1
3934;96;182;104;land;false;plains;1
3935;220;253;196;land;true;plains;1
3936;157;105;95;land;false;plains;1
3937;32;207;238;land;false;plains;1
3938;105;108;27;land;false;plains;1
3939;243;80;225;land;false;plains;1
3940;80;248;59;land;false;plains;1
3941;69;73;140;land;false;plains;1
3942;127;227;79;land;false;plains;1
3943;12;12;29;land;false;plains;1
3944;63;146;150;land;false;plains;1
3945;121;131;77;land;false;plains;1
3946;40;38;50;land;true;plains;1
3947;149;147;115;land;false;plains;1
3948;201;98;172;land;false;plains;1
3949;240;17;176;land;false;plains;1
3950;80;24;27;land;false;plains;1
3951;187;42;51;land;false;plains;1
3952;87;0;234;land;false;plains;1
3953;240;23;210;land;false;plains;1
3954;185;121;237;land;false;plains;1
3955;148;111;87;land;false;plains;1
3956;140;156;17;land;false;plains;1
3957;232;137;0;land;false;plains;1
3958;211;103;143;land;false;plains;1
3959;108;22;181;land;true;plains;1
3960;50;165;83;land;false;plains;1
3961;63;112;187;land;true;plains;1
3962;108;234;124;land;false;plains;1
3963;113;231;178;land;true;plains;1
3964;110;247;67;land;false;plains;1
3965;28;99;63;land;false;plains;1
3966;10;94;96;land;false;plains;1
3967;152;218;74;land;false;plains;1
3968;135;183;148;land;false;plains;1
3969;156;168;128;land;true;plains;1
3970;90;187;48;land;false;plains;1
3971;66;152;123;land;false;plains;1
3972;160;7;136;land;false;plains;1
3973;247;82;83;land;false;plains;1
3974;158;20;98;land;false;plains;1
3975;192;46;161;land;false;plains;1
3976;134;145;224;land;true;plains;1
3977;10;246;97;land;false;plains;1
3978;84;186;199;land;false;plains;1
3979;92;38;68;land;false;plains;1
3980;208;190;235;land;false;plains;1
3981;164;135;181;land;false;plains;1
3982;54;122;6;land;false;plains;1
3983;246;30;227;land;false;plains;1
3984;14;127;197;land;true;plains;1
3985;225;28;235;land;false;plains;1
3986;66;246;251;land;false;plains;1
3987;131;233;235;land;false;plains;1
3988;138;109;50;land;false;plains;1
3989;198;42;200;land;false;plains;1
3990;236;255;126;land;false;plains;1
3991;206;87;109;land;false;plains;1
3992;118;207;10;land;false;plains;1
3993;190;34;71;land;false;plains;1
3994;152;220;86;land;false;plains;1
3995;188;130;47;land;false;plains;1
3996;52;156;230;land;false;plains;1
3997;224;64;74;land;false;plains;1
3998;237;113;188;land;false;plains;1
3999;142;110;90;land;false;plains;1
4000;177;174;241;land;false;plains;1
4001;76;220;205;land;false;plains;1
4002;235;134;59;land;false;plains;1
4003;226;207;25;land;false;plains;1
4004;134;118;64;land;false;plains;1
4005;42;58;48;land;false;plains;1
4006;214;220;13;land;false;plains;1
4007;32;47;241;land;false;plains;1
4008;140;71;11;land;false;plains;1
4009;103;243;106;land;false;plains;1
4010;202;38;201;land;false;plains;1
4011;235;227;59;land;false;plains;1
4012;184;132;174;land;false;plains;1
4013;105;141;24;land;false;plains;1
4014;168;212;224;land;true;plains;1
4015;217;133;184;land;false;plains;1
4016;94;245;150;land;false;plains;1
4017;22;79;186;land;false;plains;1
4018;238;150;162;land;false;plains;1
4019;128;72;138;land;false;plains;1
4020;58;154;227;land;false;plains;1
4021;147;124;246;land;true;plains;1
4022;191;118;95;land;false;plains;1
4023;187;15;74;land;false;plains;1
4024;250;181;147;land;false;plains;1
4025;191;162;81;land;false;plains;1
4026;48;45;208;land;false;plains;1
4027;133;199;165;land;false;plains;1
4028;184;31;194;land;false;plains;1
4029;191;206;194;land;false;plains;1
4030;205;144;222;land;false;plains;1
4031;68;233;80;land;false;plains;1
4032;167;252;201;land;false;plains;1
4033;78;168;86;land;false;plains;1
4034;196;212;183;land;false;plains;1
4035;204;164;129;land;false;plains;1
4036;33;62;2;land;false;plains;1
4037;188;229;37;land;false;plains;1
4038;244;148;93;land;false;plains;1
4039;62;164;0;land;true;plains;1
4040;45;248;38;land;false;plains;1
4041;215;48;119;land;false;plains;1
4042;127;107;206;land;true;plains;1
4043;80;29;174;land;false;plains;1
4044;81;114;199;land;false;plains;1
4045;75;231;207;land;true;plains;1
4046;240;170;55;land;false;plains;1
4047;132;61;235;land;true;plains;1
4048;196;235;45;land;false;plains;1
4049;176;230;10;land;false;plains;1
4050;94;204;244;land;false;plains;1
4051;214;77;196;land;false;plains;1
4052;1;228;52;land;false;plains;1
4053;251;129;119;land;false;plains;1
4054;72;7;20;land;false;plains;1
4055;98;96;138;land;true;plains;1
4056;35;193;192;land;true;plains;1
4057;17;117;184;land;false;plains;1
4058;128;177;150;land;false;plains;1
4059;126;153;90;land;false;plains;1
4060;18;234;52;land;false;plains;1
4061;148;38;134;land;false;plains;1
4062;170;144;241;land;false;plains;1
4063;10;3;69;land;true;plains;1
4064;74;156;38;land;false;plains;1
4065;201;107;62;land;false;plains;1
4066;168;74;219;land;false;plains;1
4067;29;73;115;land;false;plains;1
4068;72;217;3;land;false;plains;1
4069;144;105;76;land;false;plains;1
4070;82;96;142;land;false;plains;1
4071;14;19;45;land;false;plains;1
4072;224;44;120;land;false;plains;1
4073;119;175;226;land;false;plains;1
4074;114;37;0;land;false;plains;1
4075;18;254;6;land;false;plains;1
4076;119;17;163;land;false;plains;1
4077;92;24;11;land;false;plains;1
4078;87;20;74;land;false;plains;1
4079;222;25;77;land;false;plains;1
4080;248;139;187;land;false;plains;1
4081;221;31;242;land;false;plains;1
4082;140;40;231;land;false;plains;1
4083;215;82;211;land;false;plains;1
4084;32;207;231;land;false;plains;1
4085;36;60;129;land;true;plains;1
4086;103;183;202;land;false;plains;1
4087;210;239;183;land;false;plains;1
4088;241;195;166;land;false;plains;1
4089;178;152;215;land;false;plains;1
4090;57;41;34;land;false;plains;1
4091;14;36;166;land;false;plains;1
4092;74;135;193;land;false;plains;1
4093;137;14;235;land;false;plains;1
4094;224;229;39;land;false;plains;1
4095;19;86;234;land;false;plains;1
4096;173;133;53;land;false;plains;1
4097;38;193;6;land;false;plains;1
4098;214;202;237;land;false;plains;1
4099;71;30;38;land;false;plains;1
4100;19;156;87;land;false;plains;1
4101;46;101;234;land;false;plains;1
4102;183;235;86;land;true;plains;1
4103;144;68;208;land;false;plains;1
4104;220;222;77;land;false;plains;1
4105;139;214;61;land;false;plains;1
4106;137;80;42;land;false;plains;1
4107;85;129;166;land;false;plains;1
4108;30;215;16;land;false;plains;1
4109;189;180;64;land;false;plains;1
4110;208;104;189;land;false;plains;1
4111;124;18;14;land;false;plains;1
4112;44;28;248;land;false;plains;1
4113;93;49;85;land;true;plains;1
4114;73;126;138;land;false;plains;1
4115;44;130;195;land;false;plains;1
4116;169;152;61;land;false;plains;1
4117;68;128;232;land;false;plains;1
4118;20;78;19;land;false;plains;1
4119;187;133;220;land;false;plains;1
4120;221;97;114;land;false;plains;1
4121;80;99;252;land;false;plains;1
4122;91;72;192;land;false;plains;1
4123;80;166;96;land;false;plains;1
4124;183;204;91;land;false;plains;1
4125;209;86;175;land;false;plains;1
4126;8;226;144;land;false;plains;1
4127;17;134;97;land;false;plains;1
4128;157;129;11;land;false;plains;1
4129;25;31;66;land;false;plains;1
4130;33;171;191;land;false;plains;1
4131;190;200;65;land;false;plains;1
4132;245;253;231;land;false;plains;1
4133;35;222;73;land;false;plains;1
4134;29;222;183;land;false;plains;1
4135;231;172;54;land;false;plains;1
4136;60;110;56;land;false;plains;1
4137;65;89;116;land;false;plains;1
4138;194;54;44;land;false;plains;1
4139;3;218;181;land;false;plains;1
4140;252;173;25;land;false;plains;1
4141;205;247;119;land;true;plains;1
4142;201;83;211;land;false;plains;1
4143;111;204;169;land;false;plains;1
4144;54;27;87;land;true;plains;1
4145;163;114;172;land;false;plains;1
4146;193;39;0;land;false;plains;1
4147;211;175;206;land;false;plains;1
4148;159;238;36;land;false;plains;1
4149;55;89;160;land;false;plains;1
4150;199;161;137;land;false;plains;1
4151;180;77;222;land;false;plains;1
4152;52;39;255;land;false;plains;1
4153;187;14;32;land;false;plains;1
4154;70;249;28;land;false;plains;1
4155;219;220;98;land;false;plains;1
4156;107;96;48;land;false;plains;1
4157;52;63;121;land;true;plains;1
4158;75;22;49;land;false;plains;1
4159;106;110;125;land;false;plains;1
4160;210;214;77;land;false;plains;1
4161;136;67;82;land;false;plains;1
4162;76;200;217;land;false;plains;1
4163;95;168;108;land;false;plains;1
4164;142;247;69;land;false;plains;1
4165;140;87;219;land;false;plains;1
4166;181;155;224;land;false;plains;1
4167;201;0;193;land;false;plains;1
4168;44;124;6;land;false;plains;1
4169;83;105;3;land;false;plains;1
4170;39;173;36;land;false;plains;1
4171;39;22;77;land;false;plains;1
4172;183;124;3;land;true;plains;1
4173;74;173;25;land;false;plains;1
4174;61;18;212;land;false;plains;1
4175;78;121;78;land;false;plains;1
4176;173;12;131;land;false;plains;1
4177;208;2;28;land;false;plains;1
4178;153;111;167;land;false;plains;1
4179;133;151;147;land;false;plains;1
4180;215;250;59;land;false;plains;1
4181;31;105;154;land;false;plains;1
4182;171;197;41;land;false;plains;1
4183;81;56;103;land;false;plains;1
4184;220;4;21;land;false;plains;1
4185;162;190;165;land;false;plains;1
4186;30;147;191;land;false;plains;1
4187;252;173;151;land;false;plains;1
4188;157;6;74;land;false;plains;1
4189;32;23;77;land;false;plains;1
4190;130;175;75;land;false;plains;1
4191;241;53;41;land;false;plains;1
4192;90;121;70;land;false;plains;1
4193;107;212;168;land;false;plains;1
4194;93;24;88;land;true;plains;1
4195;31;238;144;land;false;plains;1
4196;85;0;108;land;true;plains;1
4197;114;100;230;land;false;plains;1
4198;128;185;210;land;false;plains;1
4199;99;20;12;land;false;plains;1
4200;157;42;254;land;false;plains;1
4201;91;249;134;land;false;plains;1
4202;245;64;93;land;false;plains;1
4203;231;178;144;land;false;plains;1
4204;190;160;78;land;false;plains;1
4205;156;77;162;land;false;plains;1
4206;19;34;48;land;false;plains;1
4207;122;131;99;land;true;plains;1
4208;194;180;180;land;false;plains;1
4209;214;188;219;land;false;plains;1
4210;254;24;97;land;false;plains;1
4211;228;85;187;land;false;plains;1
4212;150;76;196;land;false;plains;1
4213;23;133;251;land;false;plains;1
4214;115;81;124;land;false;plains;1
4215;137;154;248;land;false;plains;1
4216;170;203;12;land;false;plains;1
4217;168;161;241;land;false;plains;1
4218;197;60;114;land;false;plains;1
4219;71;147;86;land;false;plains;1
4220;27;155;128;land;false;plains;1
4221;170;48;254;land;false;plains;1
4222;108;167;33;land;false;plains;1
4223;107;113;221;land;false;plains;1
4224;44;58;114;land;false;plains;1
4225;155;71;148;land;false;plains;1
4226;79;171;76;land;false;plains;1
4227;43;98;248;land;false;plains;1
4228;6;182;129;land;false;plains;1
4229;70;131;159;land;false;plains;1
4230;197;232;111;land;false;plains;1
4231;16;152;240;land;false;plains;1
4232;209;151;43;land;false;plains;1
4233;10;52;205;land;false;plains;1
4234;176;156;176;land;false;plains;1
4235;226;230;14;land;false;plains;1
4236;251;207;119;land;false;plains;1
4237;224;36;14;land;false;plains;1
4238;36;175;77;land;false;plains;1
4239;246;137;121;land;false;plains;1
4240;130;39;31;land;false;plains;1
4241;149;209;17;land;false;plains;1
4242;180;75;183;land;false;plains;1
4243;246;25;33;land;false;plains;1
4244;173;59;242;land;false;plains;1
4245;201;184;62;land;false;plains;1
4246;192;151;235;land;false;plains;1
4247;228;183;73;land;false;plains;1
4248;151;77;150;land;false;plains;1
4249;73;196;243;land;false;plains;1
4250;99;247;194;land;false;plains;1
4251;28;102;213;land;false;plains;1
4252;94;87;8;land;false;plains;1
4253;247;252;21;land;false;plains;1
4254;236;25;170;land;true;plains;1
4255;13;136;114;land;false;plains;1
4256;71;227;129;land;false;plains;1
4257;17;208;21;land;false;plains;1
4258;164;214;65;land;false;plains;1
4259;52;135;36;land;false;plains;1
4260;171;187;237;land;false;plains;1
4261;104;52;36;land;false;plains;1
4262;85;3;129;land;false;plains;1
4263;4;74;44;land;false;plains;1
4264;12;139;190;land;false;plains;1
4265;191;74;56;land;false;plains;1
4266;2;46;4;land;false;plains;1
4267;75;91;224;land;false;plains;1
4268;52;138;69;land;true;plains;1
4269;202;253;84;land;false;plains;1
4270;172;153;46;land;false;plains;1
4271;126;201;110;land;true;plains;1
4272;205;226;228;land;false;plains;1
4273;132;160;168;land;false;plains;1
4274;53;37;109;land;false;plains;1
4275;154;97;126;land;false;plains;1
4276;184;114;47;land;false;plains;1
4277;171;16;206;land;false;plains;1
4278;193;215;138;land;false;plains;1
4279;224;169;38;land;false;plains;1
4280;47;57;63;land;false;plains;1
4281;108;195;163;land;false;plains;1
4282;134;209;2;land;false;plains;1
4283;205;11;174;land;false;plains;1
4284;100;35;39;land;true;plains;1
4285;123;177;237;land;false;plains;1
4286;119;121;51;land;false;plains;1
4287;155;124;73;land;false;plains;1
4288;235;84;236;land;false;plains;1
4289;41;165;213;land;false;plains;1
4290;200;59;114;land;false;plains;1
4291;53;62;135;land;true;plains;1
4292;37;167;183;land;false;plains;1
4293;182;192;218;land;false;plains;1
4294;91;81;27;land;false;plains;1
4295;223;144;155;land;false;plains;1
4296;120;120;132;land;false;plains;1
4297;42;13;31;land;false;plains;1
4298;93;242;109;land;false;plains;1
4299;232;249;252;land;false;plains;1
4300;241;107;170;land;false;plains;1
4301;106;30;84;land;false;plains;1
4302;185;135;1;land;false;plains;1
4303;9;230;67;land;false;plains;1
4304;24;122;66;land;false;plains;1
4305;214;200;9;land;false;plains;1
4306;163;100;163;land;false;plains;1
4307;24;145;22;land;false;plains;1
4308;157;249;18;land;false;plains;1
4309;235;111;178;land;false;plains;1
4310;9;219;107;land;false;plains;1
4311;210;101;133;land;false;plains;1
4312;55;255;216;land;false;plains;1
4313;253;121;251;land;false;plains;1
4314;206;118;161;land;false;plains;1
4315;69;74;214;land;false;plains;1
4316;64;41;246;land;true;plains;1
4317;245;214;27;land;false;plains;1
4318;46;73;125;land;false;plains;1
4319;3;76;24;land;false;plains;1
4320;84;29;9;land;false;plains;1
4321;142;219;127;land;false;plains;1
4322;85;253;58;land;false;plains;1
4323;177;138;59;land;false;plains;1
4324;82;62;13;land;false;plains;1
4325;51;109;174;land;false;plains;1
4326;29;97;1;land;false;plains;1
4327;70;26;60;land;true;plains;1
4328;205;218;143;land;false;plains;1
4329;214;132;125;land;false;plains;1
4330;115;202;183;land;false;plains;1
4331;168;162;3;land;false;plains;1
4332;55;117;11;land;false;plains;1
4333;205;33;93;land;false;plains;1
4334;120;68;48;land;false;plains;1
4335;184;26;188;land;false;plains;1
4336;133;221;184;land;false;plains;1
4337;253;209;203;land;false;plains;1
4338;114;122;192;land;false;plains;1
4339;133;145;2;land;false;plains;1
4340;164;165;242;land;false;plains;1
4341;166;238;33;land;false;plains;1
4342;206;108;158;land;false;plains;1
4343;160;158;172;land;false;plains;1
4344;63;141;71;land;false;plains;1
4345;36;195;216;land;true;plains;1
4346;224;91;116;land;false;plains;1
4347;50;17;90;land;false;plains;1
4348;190;72;75;land;false;plains;1
4349;128;226;106;land;true;plains;1
4350;121;209;206;land;false;plains;1
4351;57;18;13;land;true;plains;1
4352;192;88;221;land;false;plains;1
4353;114;186;139;land;false;plains;1
4354;251;211;242;land;false;plains;1
4355;99;208;46;land;false;plains;1
4356;203;37;91;land;false;plains;1
4357;215;129;5;land;false;plains;1
4358;63;0;74;land;false;plains;1
4359;165;236;131;land;false;plains;1
4360;127;132;61;land;false;plains;1
4361;100;252;199;land;false;plains;1
4362;215;144;53;land;false;plains;1
4363;166;198;147;land;false;plains;1
4364;30;71;21;land;false;plains;1
4365;84;219;65;land;false;plains;1
4366;31;41;0;land;false;plains;1
4367;28;223;2;land;false;plains;1
4368;126;74;215;land;false;plains;1
4369;20;108;35;land;false;plains;1
4370;250;190;61;land;false;plains;1
4371;122;31;8;land;false;plains;1
4372;224;10;237;land;false;plains;1
4373;213;69;210;land;false;plains;1
4374;117;78;133;land;false;plains;1
4375;81;146;27;land;false;plains;1
4376;93;204;20;land;true;plains;1
4377;193;97;124;land;false;plains;1
4378;11;113;6;land;false;plains;1
4379;230;115;142;land;false;plains;1
4380;141;240;205;land;false;plains;1
4381;10;18;192;land;false;plains;1
4382;112;57;3;land;false;plains;1
4383;36;143;241;land;false;plains;1
4384;12;127;40;land;true;plains;1
4385;111;123;118;land;false;plains;1
4386;197;104;149;land;false;plains;1
4387;206;57;140;land;false;plains;1
4388;206;137;35;land;false;plains;1
4389;122;55;168;land;true;plains;1
4390;89;254;52;land;true;plains;1
4391;207;3;136;land;true;plains;1
4392;37;237;97;land;false;plains;1
4393;120;207;149;land;false;plains;1
4394;160;135;231;land;false;plains;1
4395;19;240;202;land;false;plains;1
4396;63;130;111;land;false;plains;1
4397;235;47;208;land;false;plains;1
4398;6;179;97;land;false;plains;1
4399;129;104;163;land;false;plains;1
4400;146;159;218;land;false;plains;1
4401;38;183;228;land;false;plains;1
4402;200;167;204;land;false;plains;1
4403;151;151;34;land;false;plains;1
4404;108;109;179;land;false;plains;1
4405;78;139;230;land;false;plains;1
4406;134;110;139;land;true;plains;1
4407;53;170;3;land;false;plains;1
4408;81;131;37;land;false;plains;1
4409;46;145;245;land;false;plains;1
4410;158;228;211;land;false;plains;1
4411;83;152;133;land;false;plains;1
4412;124;133;149;land;false;plains;1
4413;62;36;113;land;false;plains;1
4414;103;164;184;land;false;plains;1
4415;241;8;28;land;false;plains;1
4416;55;182;224;land;false;plains;1
4417;232;13;216;land;false;plains;1
4418;88;8;148;land;false;plains;1
4419;42;172;127;land;false;plains;1
4420;211;154;169;land;false;plains;1
4421;240;49;113;land;false;plains;1
4422;104;192;175;land;false;plains;1
4423;31;1;207;land;true;plains;1
4424;110;129;58;land;false;plains;1
4425;11;201;5;land;false;plains;1
4426;167;91;63;land;false;plains;1
4427;197;106;251;land;false;plains;1
4428;208;19;32;land;false;plains;1
4429;161;106;37;land;false;plains;1
4430;20;186;151;land;false;plains;1
4431;53;141;215;land;false;plains;1
4432;156;231;115;land;false;plains;1
4433;59;174;111;land;false;plains;1
4434;177;58;182;land;false;plains;1
4435;174;102;225;land;false;plains;1
4436;75;227;120;land;false;plains;1
4437;49;185;74;land;true;plains;1
4438;120;217;205;land;false;plains;1
4439;102;55;76;land;false;plains;1
4440;196;47;90;land;false;plains;1
4441;74;84;99;land;false;plains;1
4442;13;122;177;land;false;plains;1
4443;89;22;248;land;false;plains;1
4444;195;75;27;land;false;plains;1
4445;49;28;56;land;false;plains;1
4446;13;97;133;land;false;plains;1
4447;150;45;61;land;false;plains;1
4448;125;249;30;land;false;plains;1
4449;125;237;172;land;false;plains;1
4450;146;34;153;land;false;plains;1
4451;86;49;107;land;false;plains;1
4452;224;82;135;land;false;plains;1
4453;254;82;120;land;false;plains;1
4454;86;184;72;land;false;plains;1
4455;69;235;190;land;false;plains;1
4456;33;207;241;land;false;plains;1
4457;150;50;112;land;false;plains;1
4458;232;208;88;land;false;plains;1
4459;117;38;18;land;false;plains;1
4460;38;201;153;land;false;plains;1
4461;185;135;212;land;false;plains;1
4462;121;5;115;land;false;plains;1
4463;64;89;44;land;false;plains;1
4464;72;220;112;land;false;plains;1
4465;126;86;197;land;false;plains;1
4466;74;160;160;land;false;plains;1
4467;109;24;104;land;false;plains;1
4468;143;4;238;land;true;plains;1
4469;3;3;174;land;false;plains;1
4470;35;217;140;land;false;plains;1
4471;149;159;185;land;true;plains;1
4472;136;123;176;land;false;plains;1
4473;21;58;136;land;false;plains;1
4474;162;88;91;land;false;plains;1
4475;213;197;201;land;false;plains;1
4476;212;144;183;land;false;plains;1
4477;68;58;17;land;false;plains;1
4478;130;215;190;land;false;plains;1
4479;253;82;68;land;false;plains;1
4480;96;214;147;land;false;plains;1
4481;62;13;159;land;false;plains;1
4482;65;174;128;land;false;plains;1
4483;55;118;76;land;false;plains;1
4484;48;57;195;land;false;plains;1
4485;215;16;78;land;false;plains;1
4486;139;191;116;land;false;plains;1
4487;104;136;112;land;false;plains;1
4488;245;78;128;land;false;plains;1
4489;215;44;120;land;true;plains;1
4490;228;248;183;land;false;plains;1
4491;178;13;63;land;false;plains;1
4492;167;46;159;land;false;plains;1
4493;218;44;248;land;false;plains;1
4494;88;9;7;land;false;plains;1
4495;3;15;216;land;false;plains;1
4496;57;195;157;land;false;plains;1
4497;163;180;48;land;true;plains;1
4498;43;27;177;land;false;plains;1
4499;93;182;173;land;false;plains;1
4500;97;255;192;land;false;plains;1
4501;142;164;233;land;false;plains;1
4502;212;138;194;land;false;plains;1
4503;161;244;249;land;false;plains;1
4504;46;35;229;land;false;plains;1
4505;166;238;109;land;false;plains;1
4506;21;115;2;land;false;plains;1
4507;127;173;85;land;false;plains;1
4508;36;59;75;land;false;plains;1
4509;104;81;199;land;false;plains;1
4510;199;244;34;land;false;plains;1
4511;112;154;6;land;false;plains;1
4512;146;78;179;land;false;plains;1
4513;171;150;148;land;true;plains;1
4514;129;123;163;land;false;plains;1
4515;153;151;26;land;false;plains;1
4516;96;227;8;land;false;plains;1
4517;203;43;79;land;false;plains;1
4518;188;137;157;land;false;plains;1
4519;156;27;80;land;false;plains;1
4520;77;114;136;land;false;plains;1
4521;195;8;129;land;false;plains;1
4522;6;231;233;land;false;plains;1
4523;252;44;17;land;false;plains;1
4524;35;72;230;land;true;plains;1
4525;157;136;56;land;false;plains;1
4526;140;139;232;land;false;plains;1
4527;50;131;42;land;false;plains;1
4528;224;82;165;land;false;plains;1
4529;14;231;97;land;false;plains;1
4530;62;88;217;land;false;plains;1
4531;73;30;135;land;false;plains;1
4532;150;153;68;land;false;plains;1
4533;185;190;211;land;false;plains;1
4534;15;141;167;land;true;plains;1
4535;12;19;60;land;false;plains;1
4536;218;99;155;land;false;plains;1
4537;93;234;107;land;false;plains;1
4538;212;230;53;land;false;plains;1
4539;250;241;149;land;true;plains;1
4540;96;35;91;land;true;plains;1
4541;190;114;13;land;false;plains;1
4542;81;98;8;land;false;plains;1
4543;120;242;225;land;false;plains;1
4544;30;209;110;land;false;plains;1
4545;138;28;160;land;false;plains;1
4546;44;123;150;land;false;plains;1
4547;100;23;100;land;false;plains;1
4548;149;108;58;land;true;plains;1
4549;225;226;191;land;false;plains;1
4550;134;130;136;land;false;plains;1
4551;21;181;240;land;false;plains;1
4552;165;65;159;land;true;plains;1
4553;86;57;144;land;true;plains;1
4554;9;164;78;land;false;plains;1
4555;218;122;198;land;false;plains;1
4556;111;186;50;land;false;plains;1
4557;238;52;89;land;false;plains;1
4558;118;191;202;land;false;plains;1
4559;196;202;141;land;false;plains;1
4560;47;190;113;land;false;plains;1
4561;216;169;78;land;false;plains;1
4562;17;120;168;land;false;plains;1
4563;110;176;114;land;false;plains;1
4564;195;39;240;land;false;plains;1
4565;84;78;15;land;false;plains;1
4566;54;203;4;land;false;plains;1
4567;223;222;243;land;false;plains;1
4568;137;18;193;land;false;plains;1
4569;123;170;98;land;false;plains;1
4570;188;65;53;land;false;plains;1
4571;108;160;19;land;false;plains;1
4572;6;11;106;land;false;plains;1
4573;136;104;5;land;false;plains;1
4574;23;122;166;land;false;plains;1
4575;199;7;10;land;false;plains;1
4576;196;196;248;land;false;plains;1
4577;196;161;7;land;false;plains;1
4578;230;152;27;land;false;plains;1
4579;154;48;146;land;false;plains;1
4580;108;160;3;land;false;plains;1
4581;176;5;111;land;false;plains;1
4582;92;9;188;land;false;plains;1
4583;176;194;185;land;true;plains;1
4584;29;202;245;land;false;plains;1
4585;218;70;244;land;false;plains;1
4586;215;47;85;land;false;plains;1
4587;167;92;37;land;false;plains;1
4588;175;160;90;land;false;plains;1
4589;94;31;145;land;true;plains;1
4590;190;187;189;land;false;plains;1
4591;3;213;27;land;true;plains;1
4592;58;102;210;land;false;plains;1
4593;129;151;85;land;false;plains;1
4594;66;54;161;land;false;plains;1
4595;39;237;144;land;false;plains;1
4596;77;150;242;land;false;plains;1
4597;110;126;254;land;false;plains;1
4598;117;78;222;land;false;plains;1
4599;106;244;12;land;false;plains;1
4600;216;184;154;land;false;plains;1
4601;232;187;103;land;false;plains;1
4602;62;178;70;land;false;plains;1
4603;53;26;73;land;false;plains;1
4604;19;102;156;land;false;plains;1
4605;78;171;158;land;false;plains;1
4606;43;130;56;land;false;plains;1
4607;193;70;212;land;false;plains;1
4608;77;234;191;land;true;plains;1
4609;150;247;3;land;true;plains;1
4610;91;151;35;land;false;plains;1
4611;53;76;96;land;false;plains;1
4612;195;230;61;land;false;plains;1
4613;30;130;181;land;true;plains;1
4614;146;134;146;land;false;plains;1
4615;147;251;148;land;false;plains;1
4616;171;204;45;land;false;plains;1
4617;217;94;215;land;false;plains;1
4618;154;48;190;land;false;plains;1
4619;27;5;250;land;false;plains;1
4620;92;254;87;land;false;plains;1
4621;98;112;32;land;false;plains;1
4622;88;77;244;land;false;plains;1
4623;245;244;160;land;false;plains;1
4624;48;99;122;land;false;plains;1
4625;87;176;142;land;false;plains;1
4626;9;12;29;land;false;plains;1
4627;16;54;45;land;true;plains;1
4628;58;29;190;land;true;plains;1
4629;149;184;158;land;false;plains;1
4630;219;106;185;land;false;plains;1
4631;119;245;222;land;false;plains;1
4632;178;123;65;land;false;plains;1
4633;127;27;91;land;false;plains;1
4634;194;161;171;land;false;plains;1
4635;249;242;149;land;false;plains;1
4636;20;190;144;land;false;plains;1
4637;217;222;13;land;false;plains;1
4638;209;249;12;land;false;plains;1
4639;141;131;229;land;false;plains;1
4640;10;199;0;land;false;plains;1
4641;136;95;37;land;false;plains;1
4642;59;6;174;land;false;plains;1
4643;195;118;234;land;false;plains;1
4644;89;99;7;land;false;plains;1
4645;132;162;27;land;true;plains;1
4646;94;122;29;land;false;plains;1
4647;243;231;124;land;false;plains;1
4648;223;74;247;land;false;plains;1
4649;26;88;247;land;false;plains;1
4650;4;128;189;land;false;plains;1
4651;189;10;172;land;false;plains;1
4652;157;114;217;land;false;plains;1
4653;5;95;233;land;true;plains;1
4654;126;66;45;land;false;plains;1
4655;137;203;37;land;false;plains;1
4656;7;205;221;land;false;plains;1
4657;102;146;174;land;true;plains;1
4658;50;63;208;land;false;plains;1
4659;110;131;38;land;false;plains;1
4660;138;15;84;land;false;plains;1
4661;255;108;174;land;false;plains;1
4662;70;120;192;land;true;plains;1
4663;164;252;129;land;false;plains;1
4664;214;83;131;land;false;plains;1
4665;234;70;119;land;false;plains;1
4666;64;108;99;land;false;plains;1
4667;208;217;185;land;false;plains;1
4668;4;58;172;land;false;plains;1
4669;161;24;213;land;false;plains;1
4670;193;102;31;land;false;plains;1
4671;56;85;16;land;false;plains;1
4672;126;206;65;land;false;plains;1
4673;161;190;241;land;false;plains;1
4674;168;127;28;land;false;plains;1
4675;149;59;148;land;false;plains;1
4676;57;120;190;land;false;plains;1
4677;100;201;200;land;false;plains;1
4678;70;141;210;land;false;plains;1
4679;18;56;102;land;false;plains;1
4680;113;22;177;land;false;plains;1
4681;45;160;191;land;false;plains;1
4682;88;119;214;land;false;plains;1
4683;30;4;66;land;true;plains;1
4684;48;67;104;land;false;plains;1
4685;2;10;182;land;false;plains;1
4686;49;159;31;land;false;plains;1
4687;62;93;79;land;false;plains;1
4688;191;11;111;land;false;plains;1
4689;86;64;238;land;false;plains;1
4690;106;10;179;land;false;plains;1
4691;14;190;174;land;false;plains;1
4692;4;121;78;land;false;plains;1
4693;81;122;165;land;false;plains;1
4694;20;168;80;land;false;plains;1
4695;229;103;168;land;false;plains;1
4696;12;255;205;land;false;plains;1
4697;49;4;12;land;false;plains;1
4698;30;19;161;land;false;plains;1
4699;197;54;165;land;false;plains;1
4700;88;145;252;land;false;plains;1
4701;66;245;58;land;false;plains;1
4702;11;189;107;land;false;plains;1
4703;207;148;224;land;false;plains;1
4704;90;222;255;land;false;plains;1
4705;6;194;197;land;false;plains;1
4706;131;137;67;land;false;plains;1
4707;71;26;122;land;false;plains;1
4708;163;190;197;land;false;plains;1
4709;155;66;78;land;false;plains;1
4710;113;75;122;land;false;plains;1
4711;12;2;93;land;false;plains;1
4712;110;226;89;land;false;plains;1
4713;237;13;93;land;false;plains;1
4714;44;186;240;land;false;plains;1
4715;68;158;244;land;true;plains;1
4716;216;79;199;land;false;plains;1
4717;176;40;166;land;true;plains;1
4718;40;21;50;land;false;plains;1
4719;183;135;145;land;true;plains;1
4720;189;243;62;land;false;plains;1
4721;114;14;176;land;false;plains;1
4722;5;173;209;land;false;plains;1
4723;178;23;133;land;true;plains;1
4724;150;61;229;land;false;plains;1
4725;107;102;196;land;false;plains;1
4726;86;127;45;land;true;plains;1
4727;158;53;115;land;false;plains;1
4728;186;112;68;land;false;plains;1
4729;78;125;80;land;false;plains;1
4730;170;246;83;land;false;plains;1
4731;185;103;34;land;false;plains;1
4732;116;174;103;land;false;plains;1
4733;36;14;32;land;false;plains;1
4734;29;14;138;land;false;plains;1
4735;205;110;229;land;false;plains;1
4736;53;73;23;land;false;plains;1
4737;153;122;92;land;false;plains;1
4738;73;107;212;land;false;plains;1
4739;183;179;211;land;false;plains;1
4740;7;67;20;land;false;plains;1
4741;145;109;39;land;false;plains;1
4742;54;81;54;land;false;plains;1
4743;92;73;224;land;false;plains;1
4744;223;33;100;land;false;plains;1
4745;1;93;116;land;false;plains;1
4746;74;100;3;land;false;plains;1
4747;158;19;218;land;false;plains;1
4748;95;1;140;land;false;plains;1
4749;106;229;223;land;false;plains;1
4750;239;61;247;land;false;plains;1
4751;116;79;117;land;false;plains;1
4752;44;128;4;land;false;plains;1
4753;71;36;149;land;false;plains;1
4754;114;46;146;land;true;plains;1
4755;149;156;158;land;false;plains;1
4756;151;252;216;land;false;plains;1
4757;43;51;249;land;false;plains;1
4758;79;22;6;land;false;plains;1
4759;250;85;73;land;false;plains;1
4760;179;56;29;land;false;plains;1
4761;240;123;185;land;false;plains;1
4762;138;77;46;land;false;plains;1
4763;156;174;151;land;false;plains;1
4764;134;112;255;land;false;plains;1
4765;96;205;60;land;false;plains;1
4766;188;66;218;land;false;plains;1
4767;62;128;141;land;false;plains;1
4768;162;239;69;land;false;plains;1
4769;152;87;24;land;false;plains;1
4770;187;56;234;land;false;plains;1
4771;166;182;5;land;false;plains;1
4772;182;197;97;land;false;plains;1
4773;115;235;82;land;false;plains;1
4774;162;89;196;land;false;plains;1
4775;87;6;236;land;false;plains;1
4776;251;1;40;land;false;plains;1
4777;106;204;58;land;false;plains;1
4778;218;17;132;land;false;plains;1
4779;129;39;13;land;false;plains;1
4780;205;128;211;land;false;plains;1
4781;74;153;91;land;false;plains;1
4782;195;138;199;land;true;plains;1
4783;207;168;110;land;false;plains;1
4784;158;36;187;land;false;plains;1
4785;126;142;92;land;true;plains;1
4786;142;165;242;land;false;plains;1
4787;7;60;27;land;false;plains;1
4788;225;63;20;land;true;plains;1
4789;46;160;99;land;false;plains;1
4790;211;10;234;land;false;plains;1
4791;61;25;8;land;false;plains;1
4792;122;63;27;land;false;plains;1
4793;242;131;34;land;false;plains;1
4794;169;79;126;land;false;plains;1
4795;25;203;239;land;false;plains;1
4796;252;156;155;land;false;plains;1
4797;148;185;39;land;true;plains;1
4798;62;211;202;land;false;plains;1
4799;237;238;177;land;false;plains;1
4800;194;50;221;land;false;plains;1
4801;138;183;171;land;false;plains;1
4802;74;78;186;land;false;plains;1
4803;160;122;28;land;false;plains;1
4804;166;64;28;land;false;plains;1
4805;211;153;202;land;false;plains;1
4806;126;157;245;land;false;plains;1
4807;64;204;154;land;false;plains;1
4808;231;57;56;land;false;plains;1
4809;251;130;21;land;false;plains;1
4810;53;220;206;land;false;plains;1
4811;220;92;155;land;true;plains;1
4812;131;91;139;land;false;plains;1
4813;145;96;60;land;false;plains;1
4814;135;188;152;land;false;plains;1
4815;127;242;204;land;false;plains;1
4816;184;167;27;land;false;plains;1
4817;143;203;197;land;true;plains;1
4818;31;57;96;land;true;plains;1
4819;228;100;247;land;false;plains;1
4820;72;102;77;land;false;plains;1
4821;192;225;91;land;false;plains;1
4822;2;212;89;land;false;plains;1
4823;149;215;150;land;false;plains;1
4824;246;83;2;land;true;plains;1
4825;71;148;154;land;false;plains;1
4826;1;153;204;land;false;plains;1
4827;149;129;200;land;false;plains;1
4828;159;132;127;land;false;plains;1
4829;169;230;215;land;true;plains;1
4830;125;60;172;land;false;plains;1
4831;49;114;23;land;false;plains;1
4832;200;157;183;land;false;plains;1
4833;71;42;154;land;false;plains;1
4834;231;145;117;land;false;plains;1
4835;242;238;119;land;false;plains;1
4836;117;3;105;land;true;plains;1
4837;245;166;147;land;true;plains;1
4838;178;241;162;land;false;plains;1
4839;230;231;177;land;false;plains;1
4840;221;227;65;land;false;plains;1
4841;28;178;6;land;false;plains;1
4842;82;52;224;land;false;plains;1
4843;253;155;162;land;false;plains;1
4844;18;234;108;land;false;plains;1
4845;166;1;38;land;false;plains;1
4846;236;41;128;land;false;plains;1
4847;53;65;110;land;false;plains;1
4848;29;154;130;land;false;plains;1
4849;219;3;181;land;false;plains;1
4850;98;39;138;land;false;plains;1
4851;210;25;108;land;false;plains;1
4852;129;147;42;land;false;plains;1
4853;138;168;134;land;false;plains;1
4854;115;230;222;land;true;plains;1
4855;127;204;146;land;false;plains;1
4856;187;177;28;land;false;plains;1
4857;214;110;170;land;false;plains;1
4858;251;134;148;land;false;plains;1
4859;40;220;139;land;false;plains;1
4860;207;112;46;land;false;plains;1
4861;43;200;135;land;false;plains;1
4862;167;159;90;land;false;plains;1
4863;169;145;60;land;false;plains;1
4864;112;93;252;land;false;plains;1
4865;186;88;238;land;false;plains;1
4866;251;240;91;land;true;plains;1
4867;80;73;19;land;false;plains;1
4868;166;90;185;land;false;plains;1
4869;246;198;217;land;false;plains;1
4870;53;158;54;land;false;plains;1
4871;152;228;25;land;true;plains;1
4872;141;40;32;land;false;plains;1
4873;53;33;128;land;false;plains;1
4874;94;212;21;land;false;plains;1
4875;38;86;38;land;false;plains;1
4876;246;215;77;land;false;plains;1
4877;104;15;63;land;false;plains;1
4878;65;204;250;land;false;plains;1
4879;115;17;115;land;false;plains;1
4880;167;82;105;land;false;plains;1
4881;202;174;165;land;false;plains;1
4882;72;129;144;land;true;plains;1
4883;182;206;99;land;false;plains;1
4884;106;72;46;land;false;plains;1
4885;177;72;168;land;false;plains;1
4886;205;58;179;land;true;plains;1
4887;69;219;5;land;true;plains;1
4888;248;246;218;land;false;plains;1
4889;107;47;33;land;false;plains;1
4890;239;136;38;land;false;plains;1
4891;116;183;202;land;false;plains;1
4892;27;129;240;land;true;plains;1
4893;36;232;58;land;false;plains;1
4894;79;7;233;land;false;plains;1
4895;13;47;176;land;false;plains;1
4896;252;159;62;land;false;plains;1
4897;31;126;219;land;false;plains;1
4898;102;129;104;land;true;plains;1
4899;109;213;60;land;false;plains;1
4900;39;62;4;land;false;plains;1
4901;136;254;79;land;false;plains;1
4902;83;247;67;land;true;plains;1
4903;201;10;88;land;true;plains;1
4904;73;71;68;land;false;plains;1
4905;199;111;20;land;false;plains;1
4906;220;108;179;land;false;plains;1
4907;75;116;32;land;false;plains;1
4908;210;186;149;land;false;plains;1
4909;234;213;3;land;false;plains;1
4910;68;46;211;land;false;plains;1
4911;215;111;249;land;false;plains;1
4912;187;115;206;land;false;plains;1
4913;177;77;162;land;false;plains;1
4914;34;153;124;land;false;plains;1
4915;105;210;236;land;false;plains;1
4916;248;37;86;land;false;plains;1
4917;207;179;120;land;false;plains;1
4918;235;46;150;land;false;plains;1
4919;254;228;249;land;false;plains;1
4920;191;213;69;land;false;plains;1
4921;11;9;45;land;false;plains;1
4922;253;94;139;land;false;plains;1
4923;18;27;181;land;false;plains;1
4924;163;103;63;land;false;plains;1
4925;147;43;155;land;true;plains;1
4926;193;30;44;land;false;plains;1
4927;179;31;188;land;false;plains;1
4928;88;171;0;land;false;plains;1
4929;147;23;133;land;false;plains;1
4930;215;198;201;land;false;plains;1
4931;52;93;150;land;false;plains;1
4932;1;87;3;land;false;plains;1
4933;248;207;235;land;false;plains;1
4934;237;241;192;land;false;plains;1
4935;181;134;139;land;false;plains;1
4936;31;143;109;land;false;plains;1
4937;33;177;91;land;false;plains;1
4938;59;181;240;land;false;plains;1
4939;76;143;23;land;false;plains;1
4940;255;198;158;land;false;plains;1
4941;127;198;235;land;true;plains;1
4942;123;8;129;land;false;plains;1
4943;10;154;53;land;false;plains;1
4944;182;226;3;land;false;plains;1
4945;15;60;46;land;false;plains;1
4946;24;136;144;land;false;plains;1
4947;130;20;69;land;false;plains;1
4948;142;53;51;land;false;plains;1
4949;245;243;169;land;false;plains;1
4950;255;255;37;land;false;plains;1
4951;198;36;232;land;false;plains;1
4952;12;172;232;land;false;plains;1
4953;221;175;243;land;true;plains;1
4954;151;205;65;land;false;plains;1
4955;246;37;117;land;false;plains;1
4956;87;234;253;land;false;plains;1
4957;246;133;23;land;false;plains;1
4958;92;239;223;land;false;plains;1
4959;125;137;77;land;false;plains;1
4960;42;164;164;land;false;plains;1
4961;86;86;102;land;false;plains;1
4962;224;137;94;land;false;plains;1
4963;76;161;140;land;false;plains;1
4964;92;36;133;land;false;plains;1
4965;76;7;70;land;false;plains;1
4966;252;165;108;land;false;plains;1
4967;3;148;64;land;true;plains;1
4968;184;48;149;land;false;plains;1
4969;29;176;200;land;true;plains;1
4970;220;218;52;land;false;plains;1
4971;27;234;216;land;false;plains;1
4972;128;51;94;land;false;plains;1
4973;8;234;196;land;false;plains;1
4974;119;73;94;land;false;plains;1
4975;205;60;155;land;true;plains;1
4976;67;27;51;land;false;plains;1
4977;68;116;140;land;false;plains;1
4978;83;160;236;land;false;plains;1
4979;99;244;61;land;false;plains;1
4980;196;192;96;land;false;plains;1
4981;88;196;87;land;false;plains;1
4982;250;141;172;land;false;plains;1
4983;160;19;47;land;false;plains;1
4984;234;247;179;land;false;plains;1
4985;237;47;18;land;false;plains;1
4986;61;55;5;land;true;plains;1
4987;125;82;162;land;false;plains;1
4988;11;132;169;land;false;plains;1
4989;93;58;113;land;false;plains;1
4990;105;200;143;land;false;plains;1
4991;145;78;96;land;true;plains;1
4992;169;153;173;land;false;plains;1
4993;243;158;132;land;false;plains;1
4994;18;56;32;land;false;plains;1
4995;224;17;213;land;false;plains;1
4996;192;198;155;land;false;plains;1
4997;46;87;112;land;false;plains;1
4998;203;58;138;land;false;plains;1
4999;175;106;122;land;false;plains;1
5000;186;106;15;land;false;plains;1
5001;91;57;147;land;false;plains;1
5002;166;253;14;land;false;plains;1
5003;64;242;96;land;false;plains;1
5004;183;120;160;land;false;plains;1
5005;182;138;130;land;false;plains;1
5006;21;17;40;land;false;plains;1
5007;110;202;127;land;false;plains;1
5008;71;150;225;land;false;plains;1
5009;208;224;183;land;false;plains;1
5010;56;19;225;land;false;plains;1
5011;23;253;29;land;false;plains;1
5012;189;77;166;land;false;plains;1
5013;50;159;36;land;false;plains;1
5014;142;232;111;land;false;plains;1
5015;127;210;84;land;false;plains;1
5016;115;15;148;land;false;plains;1
5017;88;164;187;land;false;plains;1
5018;138;148;4;land;false;plains;1
5019;74;89;85;land;false;plains;1
5020;202;145;57;land;false;plains;1
5021;83;218;9;land;true;plains;1
5022;205;238;28;land;false;plains;1
5023;102;118;223;land;false;plains;1
5024;246;210;202;land;true;plains;1
5025;30;219;110;land;false;plains;1
5026;68;19;44;land;false;plains;1
5027;155;191;154;land;false;plains;1
5028;63;18;115;land;false;plains;1
5029;185;242;45;land;false;plains;1
5030;236;20;86;land;true;plains;1
5031;95;118;78;land;false;plains;1
5032;6;55;67;land;false;plains;1
5033;201;202;238;land;false;plains;1
5034;113;116;86;land;false;plains;1
5035;48;83;102;land;false;plains;1
5036;206;67;125;land;false;plains;1
5037;148;33;76;land;false;plains;1
5038;210;186;134;land;false;plains;1
5039;125;246;62;land;false;plains;1
5040;138;205;31;land;true;plains;1
5041;6;42;221;land;false;plains;1
5042;61;107;116;land;false;plains;1
5043;224;45;40;land;true;plains;1
5044;233;129;237;land;true;plains;1
5045;118;145;55;land;true;plains;1
5046;9;6;188;land;false;plains;1
5047;154;205;211;land;true;plains;1
5048;255;136;179;land;false;plains;1
5049;23;51;192;land;true;plains;1
5050;14;247;206;land;false;plains;1
5051;175;47;152;land;false;plains;1
5052;107;165;83;land;false;plains;1
5053;105;105;78;land;false;plains;1
5054;95;108;229;land;false;plains;1
5055;105;205;59;land;true;plains;1
5056;214;70;203;land;true;plains;1
5057;1;151;244;land;false;plains;1
5058;244;236;76;land;false;plains;1
5059;201;170;222;land;false;plains;1
5060;128;182;13;land;true;plains;1
5061;119;211;250;land;true;plains;1
5062;12;214;23;land;true;plains;1
5063;76;187;211;land;false;plains;1
5064;89;7;98;land;false;plains;1
5065;117;65;36;land;true;plains;1
5066;94;180;42;land;false;plains;1
5067;154;28;193;land;false;plains;1
5068;236;29;166;land;true;plains;1
5069;249;108;107;land;false;plains;1
5070;27;116;178;land;true;plains;1
5071;13;218;16;land;false;plains;1
5072;4;208;6;land;false;plains;1
5073;123;190;170;land;false;plains;1
5074;238;45;17;land;true;plains;1
5075;101;128;111;land;true;plains;1
5076;212;168;181;land;false;plains;1
5077;224;232;131;land;false;plains;1
5078;172;125;24;land;true;plains;1
5079;191;44;121;land;false;plains;1
5080;193;45;209;land;true;plains;1
5081;63;156;239;land;true;plains;1
5082;195;62;235;land;false;plains;1
5083;210;82;24;land;false;plains;1
5084;22;112;152;land;true;plains;1
5085;152;157;251;land;false;plains;1
5086;182;25;145;land;false;plains;1
5087;221;67;194;land;true;plains;1
5088;228;13;52;land;false;plains;1
5089;50;225;82;land;false;plains;1
5090;168;80;253;land;false;plains;1
5091;4;254;195;land;false;plains;1
5092;143;171;191;land;false;plains;1
5093;18;245;30;land;true;plains;1
5094;198;51;204;land;false;plains;1
5095;37;129;202;land;false;plains;1
5096;119;193;86;land;false;plains;1
5097;20;133;171;land;false;plains;1
5098;2;51;177;land;true;plains;1
5099;114;69;99;land;true;plains;1
5100;143;71;188;land;false;plains;1
5101;142;192;80;land;false;plains;1
5102;221;110;191;land;false;plains;1
5103;108;156;211;land;false;plains;1
5104;201;89;160;land;false;plains;1
5105;103;120;237;land;true;plains;1
5106;189;25;157;land;false;plains;1
5107;118;160;233;land;true;plains;1
5108;97;60;23;land;false;plains;1
5109;75;181;234;land;false;plains;1
5110;189;100;161;land;true;plains;1
5111;159;171;150;land;true;plains;1
5112;66;99;25;land;true;plains;1
5113;184;110;45;land;true;plains;1
5114;100;94;193;land;true;plains;1
5115;176;182;225;land;false;plains;1
5116;235;69;3;land;false;plains;1
5117;5;71;133;land;false;plains;1
5118;205;210;80;land;false;plains;1
5119;15;63;110;land;false;plains;1
5120;216;63;18;land;false;plains;1
5121;190;180;79;land;false;plains;1
5122;97;252;89;land;false;plains;1
5123;188;33;182;land;false;plains;1
5124;226;110;76;land;true;plains;1
5125;136;235;186;land;false;plains;1
5126;12;30;133;land;true;plains;1
5127;21;243;148;land;true;plains;1
5128;185;219;6;land;false;plains;1
5129;102;177;17;land;false;plains;1
5130;232;132;179;land;false;plains;1
5131;224;66;63;land;false;plains;1
5132;126;195;240;land;false;plains;1
5133;10;174;237;land;true;plains;1
5134;60;201;232;land;true;plains;1
5135;121;29;168;land;false;plains;1
5136;32;76;234;land;false;plains;1
5137;22;158;100;land;false;plains;1
5138;26;97;3;land;false;plains;1
5139;70;94;48;land;false;plains;1
5140;177;241;44;land;false;plains;1
5141;52;36;143;land;false;plains;1
5142;159;46;199;land;true;plains;1
5143;9;207;182;land;false;plains;1
5144;179;53;79;land;false;plains;1
5145;208;56;78;land;true;plains;1
5146;59;76;79;land;true;plains;1
5147;151;38;0;land;false;plains;1
5148;25;233;190;land;true;plains;1
5149;174;116;164;land;true;plains;1
5150;219;253;239;land;false;plains;1
5151;39;42;32;land;false;plains;1
5152;158;79;169;land;false;plains;1
5153;153;102;176;land;false;plains;1
5154;113;188;254;land;false;plains;1
5155;145;78;228;land;false;plains;1
5156;235;138;148;land;true;plains;1
5157;38;77;114;land;false;plains;1
5158;1;156;133;land;true;plains;1
5159;217;1;62;land;false;plains;1
5160;204;52;253;land;true;plains;1
5161;163;99;173;land;false;plains;1
5162;243;16;60;land;false;plains;1
5163;161;20;58;land;false;plains;1
5164;191;195;161;land;true;plains;1
5165;190;64;144;land;true;plains;1
5166;131;218;32;land;true;plains;1
5167;120;81;97;land;true;plains;1
5168;123;81;171;land;false;plains;1
5169;82;76;243;land;false;plains;1
5170;67;206;243;land;false;plains;1
5171;254;96;136;land;true;plains;1
5172;180;223;128;land;false;plains;1
5173;98;236;207;land;false;plains;1
5174;173;78;156;land;true;plains;1
5175;188;59;108;land;true;plains;1
5176;22;21;134;land;false;plains;1
5177;214;101;5;land;false;plains;1
5178;135;46;49;land;true;plains;1
5179;226;131;129;land;true;plains;1
5180;87;128;74;land;false;plains;1
5181;148;138;62;land;false;plains;1
5182;7;108;2;land;false;plains;1
5183;232;149;91;land;false;plains;1
5184;63;40;133;land;false;plains;1
5185;120;1;171;land;true;plains;1
5186;194;173;75;land;false;plains;1
5187;225;146;13;land;true;plains;1
5188;60;227;235;land;false;plains;1
5189;191;78;105;land;true;plains;1
5190;102;250;164;land;true;plains;1
5191;230;195;125;land;false;plains;1
5192;59;106;96;land;false;plains;1
5193;39;87;47;land;false;plains;1
5194;179;85;235;land;true;plains;1
5195;220;170;26;land;true;plains;1
5196;83;172;34;land;false;plains;1
5197;72;102;215;land;true;plains;1
5198;229;189;40;land;false;plains;1
5199;255;36;139;land;false;plains;1
5200;30;225;153;land;false;plains;1
5201;81;97;71;land;true;plains;1
5202;156;129;165;land;false;plains;1
5203;41;31;2;land;true;plains;1
5204;209;137;201;land;true;plains;1
5205;238;59;61;land;false;plains;1
5206;171;155;90;land;false;plains;1
5207;72;170;115;land;false;plains;1
5208;193;14;245;land;false;plains;1
5209;48;240;253;land;false;plains;1
5210;65;57;66;land;true;plains;1
5211;178;129;203;land;false;plains;1
5212;45;56;138;land;false;plains;1
5213;215;126;248;land;false;plains;1
5214;60;217;64;land;false;plains;1
5215;247;113;189;land;false;plains;1
5216;139;54;201;land;false;plains;1
5217;61;89;60;land;false;plains;1
5218;106;232;233;land;true;plains;1
5219;54;7;30;land;true;plains;1
5220;221;234;64;land;false;plains;1
5221;79;153;150;land;true;plains;1
5222;218;87;29;land;true;plains;1
5223;195;137;154;land;false;plains;1
5224;130;232;108;land;true;plains;1
5225;49;130;146;land;false;plains;1
5226;134;12;83;land;false;plains;1
5227;93;26;70;land;false;plains;1
5228;150;122;107;land;false;plains;1
5229;24;110;180;land;false;plains;1
5230;89;0;26;land;false;plains;1
5231;250;216;27;land;true;plains;1
5232;142;227;85;land;false;plains;1
5233;148;90;16;land;true;plains;1
5234;199;226;103;land;false;plains;1
5235;222;250;86;land;false;plains;1
5236;203;62;183;land;false;plains;1
5237;116;100;80;land;true;plains;1
5238;218;125;31;land;true;plains;1
5239;56;240;47;land;true;plains;1
5240;109;173;226;land;false;plains;1
5241;12;115;103;land;false;plains;1
5242;231;203;180;land;false;plains;1
5243;52;85;154;land;false;plains;1
5244;146;100;83;land;false;plains;1
5245;135;194;32;land;true;plains;1
5246;76;172;220;land;false;plains;1
5247;239;143;194;land;true;plains;1
5248;251;61;34;land;false;plains;1
5249;170;165;229;land;true;plains;1
5250;181;186;139;land;false;plains;1
5251;91;0;79;land;true;plains;1
5252;58;64;211;land;true;plains;1
5253;31;118;93;land;false;plains;1
5254;151;180;107;land;false;plains;1
5255;161;120;126;land;false;plains;1
5256;209;107;217;land;true;plains;1
5257;239;248;52;land;true;plains;1
5258;114;214;145;land;false;plains;1
5259;65;243;86;land;false;plains;1
5260;221;86;239;land;false;plains;1
5261;157;63;235;land;false;plains;1
5262;101;148;181;land;false;plains;1
5263;114;18;76;land;false;plains;1
5264;93;54;65;land;false;plains;1
5265;83;241;78;land;false;plains;1
5266;29;148;0;land;true;plains;1
5267;61;138;19;land;true;plains;1
5268;239;85;184;land;false;plains;1
5269;90;49;67;land;true;plains;1
5270;70;45;122;land;false;plains;1
5271;195;235;51;land;false;plains;1
5272;219;32;183;land;false;plains;1
5273;182;129;52;land;false;plains;1
5274;140;79;222;land;false;plains;1
5275;183;60;62;land;false;plains;1
5276;111;248;202;land;true;plains;1
5277;245;36;211;land;false;plains;1
5278;226;147;120;land;true;plains;1
5279;211;71;100;land;false;plains;1
5280;143;97;206;land;true;plains;1
5281;200;9;241;land;true;plains;1
5282;221;102;250;land;true;plains;1
5283;184;125;215;land;false;plains;1
5284;35;27;243;land;false;plains;1
5285;6;114;153;land;false;plains;1
5286;48;11;113;land;true;plains;1
5287;35;105;28;land;false;plains;1
5288;24;147;122;land;false;plains;1
5289;232;218;219;land;false;plains;1
5290;173;44;6;land;true;plains;1
5291;98;20;111;land;true;plains;1
5292;54;226;19;land;false;plains;1
5293;182;61;205;land;true;plains;1
5294;21;140;133;land;false;plains;1
5295;22;36;57;land;true;plains;1
5296;168;92;49;land;true;plains;1
5297;205;72;179;land;false;plains;1
5298;172;199;136;land;false;plains;1
5299;26;97;249;land;false;plains;1
5300;134;216;226;land;false;plains;1
5301;136;107;230;land;false;plains;1
5302;87;255;178;land;false;plains;1
5303;191;94;66;land;false;plains;1
5304;65;156;216;land;false;plains;1
5305;41;11;248;land;true;plains;1
5306;115;144;130;land;false;plains;1
5307;253;63;213;land;false;plains;1
5308;50;189;2;land;false;plains;1
5309;183;175;227;land;false;plains;1
5310;183;89;6;land;true;plains;1
5311;126;215;21;land;true;plains;1
5312;124;75;94;land;false;plains;1
5313;197;57;99;land;false;plains;1
5314;108;141;60;land;false;plains;1
5315;117;116;196;land;false;plains;1
5316;214;9;62;land;false;plains;1
5317;179;2;255;land;true;plains;1
5318;206;169;25;land;true;plains;1
5319;197;137;24;land;false;plains;1
5320;190;88;82;land;true;plains;1
5321;152;149;193;land;false;plains;1
5322;136;63;24;land;false;plains;1
5323;63;169;136;land;true;plains;1
5324;165;236;163;land;false;plains;1
5325;173;161;167;land;true;plains;1
5326;255;149;107;land;true;plains;1
5327;7;105;144;land;false;plains;1
5328;192;202;130;land;false;plains;1
5329;99;174;192;land;false;plains;1
5330;163;207;24;land;false;plains;1
5331;62;190;28;land;true;plains;1
5332;98;200;123;land;false;plains;1
5333;222;244;216;land;false;plains;1
5334;75;59;207;land;true;plains;1
5335;90;217;97;land;false;plains;1
5336;61;224;111;land;false;plains;1
5337;121;220;79;land;false;plains;1
5338;198;96;221;land;true;plains;1
5339;58;142;64;land;false;plains;1
5340;226;95;164;land;true;plains;1
5341;110;88;149;land;false;plains;1
5342;104;211;130;land;true;plains;1
5343;123;112;220;land;true;plains;1
5344;67;82;174;land;false;plains;1
5345;191;251;65;land;false;plains;1
5346;136;136;14;land;true;plains;1
5347;34;217;33;land;true;plains;1
5348;184;236;11;land;true;plains;1
5349;6;11;68;land;false;plains;1
5350;35;220;101;land;false;plains;1
5351;55;78;31;land;true;plains;1
5352;70;146;35;land;true;plains;1
5353;141;188;98;land;true;plains;1
5354;30;12;211;land;true;plains;1
5355;137;71;86;land;true;plains;1
5356;206;76;87;land;true;plains;1
5357;42;184;111;land;false;plains;1
5358;147;164;91;land;true;plains;1
5359;12;53;137;land;true;plains;1
5360;250;71;111;land;true;plains;1
5361;202;38;248;land;true;plains;1
5362;47;93;22;land;false;plains;1
5363;195;149;8;land;false;plains;1
5364;103;224;255;land;true;plains;1
5365;97;205;228;land;true;plains;1
5366;255;86;145;land;false;plains;1
5367;199;167;70;land;true;plains;1
5368;109;13;228;land;false;plains;1
5369;13;242;214;land;false;plains;1
5370;219;34;225;land;true;plains;1
5371;24;203;21;land;true;plains;1
5372;240;15;166;land;false;plains;1
5373;108;79;221;land;true;plains;1
5374;179;53;103;land;true;plains;1
5375;215;228;59;land;true;plains;1
5376;63;188;9;land;false;plains;1
5377;21;73;57;land;true;plains;1
5378;188;123;201;land;true;plains;1
5379;99;88;198;land;true;plains;1
5380;222;0;25;land;true;plains;1
5381;95;96;0;land;true;plains;1
5382;152;226;32;land;true;plains;1
5383;76;198;20;land;false;plains;1
5384;50;43;117;land;false;plains;1
5385;111;109;116;land;false;plains;1
5386;15;29;218;land;true;plains;1
5387;6;154;72;land;false;plains;1
5388;77;253;150;land;false;plains;1
5389;114;246;121;land;true;plains;1
5390;100;126;159;land;true;plains;1
5391;80;251;24;land;false;plains;1
5392;217;108;169;land;true;plains;1
5393;236;187;101;land;true;plains;1
5394;126;35;245;land;true;plains;1
5395;1;72;85;land;false;plains;1
5396;5;186;36;land;true;plains;1
5397;81;113;167;land;false;plains;1
5398;234;3;8;land;false;plains;1
5399;177;175;65;land;false;plains;1
5400;146;124;227;land;false;plains;1
5401;48;247;234;land;true;plains;1
5402;56;174;245;land;false;plains;1
5403;17;47;67;land;true;plains;1
5404;237;23;126;land;false;plains;1
5405;53;157;201;land;false;plains;1
5406;127;135;95;land;false;plains;1
5407;219;57;2;land;false;plains;1
5408;189;47;152;land;false;plains;1
5409;20;90;227;land;false;plains;1
5410;88;100;53;land;false;plains;1
5411;186;215;16;land;false;plains;1
5412;222;194;10;land;true;plains;1
5413;101;138;181;land;false;plains;1
5414;34;199;102;land;false;plains;1
5415;166;52;17;land;true;plains;1
5416;98;24;211;land;true;plains;1
5417;95;250;118;land;false;plains;1
5418;26;202;107;land;true;plains;1
5419;102;56;5;land;true;plains;1
5420;113;152;139;land;true;plains;1
5421;137;132;83;land;true;plains;1
5422;93;97;71;land;false;plains;1
5423;195;23;2;land;false;plains;1
5424;143;89;57;land;true;plains;1
5425;25;213;61;land;true;plains;1
5426;21;203;117;land;false;plains;1
5427;182;203;160;land;true;plains;1
5428;213;94;81;land;false;plains;1
5429;49;93;30;land;false;plains;1
5430;17;2;184;land;true;plains;1
5431;46;201;81;land;true;plains;1
5432;130;243;90;land;false;plains;1
5433;210;135;27;land;false;plains;1
5434;89;150;54;land;false;plains;1
5435;241;30;237;land;false;plains;1
5436;229;155;6;land;false;plains;1
5437;180;169;169;land;true;plains;1
5438;51;134;148;land;true;plains;1
5439;214;121;47;land;false;plains;1
5440;254;157;241;land;false;plains;1
5441;7;103;230;land;false;plains;1
5442;142;248;180;land;true;plains;1
5443;244;176;144;land;false;plains;1
5444;240;89;205;land;true;plains;1
5445;133;201;215;land;true;plains;1
5446;4;25;67;land;true;plains;1
5447;106;164;207;land;false;plains;1
5448;153;97;226;land;true;plains;1
5449;67;235;217;land;false;plains;1
5450;77;172;42;land;false;plains;1
5451;17;142;136;land;true;plains;1
5452;39;175;90;land;true;plains;1
5453;10;62;181;land;false;plains;1
5454;116;15;1;land;false;plains;1
5455;219;246;214;land;true;plains;1
5456;158;9;142;land;true;plains;1
5457;144;195;44;land;true;plains;1
5458;246;209;152;land;true;plains;1
5459;21;191;80;land;true;plains;1
5460;59;60;117;land;true;plains;1
5461;113;128;140;land;true;plains;1
5462;162;130;154;land;true;plains;1
5463;141;171;185;land;true;plains;1
5464;210;153;121;land;true;plains;1
5465;118;188;160;land;true;plains;1
5466;225;18;20;land;false;plains;1
5467;202;160;196;land;true;plains;1
5468;3;159;150;land;false;plains;1
5469;226;94;14;land;false;plains;1
5470;87;50;39;land;true;plains;1
5471;39;158;121;land;true;plains;1
5472;49;23;115;land;false;plains;1
5473;32;218;92;land;true;plains;1
5474;115;254;48;land;true;plains;1
5475;200;174;243;land;true;plains;1
5476;35;201;197;land;true;plains;1
5477;158;17;217;land;true;plains;1
5478;107;43;214;land;false;plains;1
5479;231;228;12;land;true;plains;1
5480;75;138;15;land;true;plains;1
5481;44;230;124;land;true;plains;1
5482;227;205;84;land;true;plains;1
5483;40;218;81;land;false;plains;1
5484;189;60;49;land;true;plains;1
5485;142;25;109;land;true;plains;1
5486;245;212;211;land;false;plains;1
5487;67;127;114;land;false;plains;1
5488;137;192;228;land;true;plains;1
5489;91;146;191;land;false;plains;1
5490;246;30;62;land;true;plains;1
5491;182;170;225;land;true;plains;1
5492;167;253;225;land;false;plains;1
5493;128;225;5;land;false;plains;1
5494;192;22;63;land;true;plains;1
5495;242;112;114;land;true;plains;1
5496;229;108;209;land;true;plains;1
5497;203;182;110;land;false;plains;1
5498;128;235;142;land;false;plains;1
5499;159;143;102;land;true;plains;1
5500;148;72;94;land;false;plains;1
5501;117;82;1;land;true;plains;1
5502;138;59;224;land;false;plains;1
5503;84;166;204;land;true;plains;1
5504;183;76;116;land;false;plains;1
5505;2;127;137;land;true;plains;1
5506;251;221;34;land;true;plains;1
5507;184;180;120;land;true;plains;1
5508;171;151;6;land;true;plains;1
5509;215;134;200;land;false;plains;1
5510;72;95;96;land;false;plains;1
5511;7;33;137;land;true;plains;1
5512;211;12;71;land;true;plains;1
5513;193;220;153;land;true;plains;1
5514;88;3;188;land;true;plains;1
5515;11;194;247;land;true;plains;1
5516;149;123;185;land;true;plains;1
5517;161;195;21;land;true;plains;1
5518;229;215;165;land;false;plains;1
5519;182;87;201;land;false;plains;1
5520;3;6;87;land;true;plains;1
5521;230;1;223;land;true;plains;1
5522;98;102;87;land;false;plains;1
5523;28;224;242;land;true;plains;1
5524;83;9;122;land;false;plains;1
5525;47;165;192;land;false;plains;1
5526;60;56;115;land;true;plains;1
5527;239;22;135;land;false;plains;1
5528;237;110;31;land;true;plains;1
5529;122;188;4;land;false;plains;1
5530;143;2;177;land;false;plains;1
5531;67;218;18;land;true;plains;1
5532;169;190;127;land;true;plains;1
5533;73;104;101;land;true;plains;1
5534;83;234;54;land;true;plains;1
5535;161;34;199;land;false;plains;1
5536;70;226;184;land;false;plains;1
5537;16;183;19;land;true;plains;1
5538;228;67;207;land;true;plains;1
5539;191;111;118;land;true;plains;1
5540;120;22;146;land;true;plains;1
5541;184;245;108;land;true;plains;1
5542;232;229;234;land;true;plains;1
5543;210;122;129;land;false;plains;1
5544;173;62;142;land;true;plains;1
5545;86;116;96;land;false;plains;1
5546;78;4;44;land;true;plains;1
5547;113;242;34;land;false;plains;1
5548;17;107;234;land;true;plains;1
5549;144;55;176;land;true;plains;1
5550;135;77;51;land;false;plains;1
5551;241;245;238;land;true;plains;1
5552;235;146;59;land;false;plains;1
5553;230;231;137;land;true;plains;1
5554;251;82;166;land;true;plains;1
5555;147;175;168;land;false;plains;1
5556;140;252;76;land;false;plains;1
5557;8;139;13;land;false;plains;1
5558;190;170;75;land;false;plains;1
5559;62;46;125;land;false;plains;1
5560;90;175;159;land;false;plains;1
5561;51;114;157;land;true;plains;1
5562;55;3;177;land;true;plains;1
5563;3;210;237;land;true;plains;1
5564;13;137;122;land;false;plains;1
5565;59;211;209;land;true;plains;1
5566;151;139;212;land;false;plains;1
5567;78;146;174;land;false;plains;1
5568;36;15;250;land;false;plains;1
5569;177;130;114;land;false;plains;1
5570;158;68;34;land;false;plains;1
5571;192;176;71;land;false;plains;1
5572;202;20;15;land;false;plains;1
5573;71;19;160;land;false;plains;1
5574;167;150;73;land;false;plains;1
5575;166;49;85;land;false;plains;1
5576;21;39;31;land;false;plains;1
5577;103;5;159;land;false;plains;1
5578;6;119;7;land;false;plains;1
5579;38;41;141;land;false;plains;1
5580;98;169;87;land;false;plains;1
5581;164;81;14;land;false;plains;1
5582;76;142;70;land;false;plains;1
5583;110;206;95;land;false;plains;1
5584;249;84;117;land;false;plains;1
5585;199;41;78;land;false;plains;1
5586;218;114;219;land;false;plains;1
5587;54;174;244;land;false;plains;1
5588;143;61;227;land;false;plains;1
5589;202;236;70;land;false;plains;1
5590;61;57;49;land;false;plains;1
5591;114;139;129;land;false;plains;1
5592;218;171;126;land;false;plains;1
5593;184;82;21;land;false;plains;1
5594;76;215;25;land;false;plains;1
5595;196;187;233;land;false;plains;1
5596;219;208;111;land;false;plains;1
5597;142;232;226;land;true;plains;1
5598;82;154;56;land;false;plains;1
5599;113;100;179;land;false;plains;1
5600;74;112;42;land;false;plains;1
5601;105;53;87;land;false;plains;1
5602;45;25;207;land;false;plains;1
5603;178;193;42;land;false;plains;1
5604;4;225;111;land;true;plains;1
5605;203;62;5;land;false;plains;1
5606;39;53;164;land;true;plains;1
5607;224;244;21;land;false;plains;1
5608;2;187;136;land;true;plains;1
5609;214;67;170;land;false;plains;1
5610;88;62;213;land;false;plains;1
5611;245;93;114;land;true;plains;1
5612;16;183;149;land;false;plains;1
5613;211;202;91;land;false;plains;1
5614;223;228;83;land;false;plains;1
5615;115;26;33;land;false;plains;1
5616;152;222;155;land;false;plains;1
5617;100;46;231;land;false;plains;1
5618;251;13;228;land;false;plains;1
5619;222;14;252;land;false;plains;1
5620;130;47;109;land;false;plains;1
5621;72;126;80;land;false;plains;1
5622;35;175;187;land;false;plains;1
5623;64;36;71;land;false;plains;1
5624;133;194;40;land;false;plains;1
5625;15;205;245;land;false;plains;1
5626;218;64;102;land;false;plains;1
5627;196;46;25;land;false;plains;1
5628;189;245;39;land;false;plains;1
5629;143;184;70;land;false;plains;1
5630;72;233;252;land;false;plains;1
5631;112;3;155;land;false;plains;1
5632;39;254;39;land;false;plains;1
5633;64;97;84;land;false;plains;1
5634;255;172;174;land;false;plains;1
5635;213;250;91;land;false;plains;1
5636;190;147;158;land;false;plains;1
5637;202;151;95;land;false;plains;1
5638;15;206;171;land;false;plains;1
5639;169;29;57;land;false;plains;1
5640;195;193;219;land;true;plains;1
5641;149;69;38;land;false;plains;1
5642;99;189;195;land;false;plains;1
5643;178;123;19;land;true;plains;1
5644;168;227;226;land;false;plains;1
5645;200;108;72;land;false;plains;1
5646;139;106;22;land;false;plains;1
5647;80;40;183;land;false;plains;1
5648;137;218;79;land;false;plains;1
5649;162;173;43;land;false;plains;1
5650;243;178;147;land;false;plains;1
5651;20;213;98;land;false;plains;1
5652;58;229;20;land;false;plains;1
5653;112;47;99;land;false;plains;1
5654;27;246;135;land;false;plains;1
5655;86;21;93;land;false;plains;1
5656;104;213;161;land;true;plains;1
5657;220;25;204;land;false;plains;1
5658;188;144;37;land;false;plains;1
5659;255;157;211;land;false;plains;1
5660;235;97;9;land;false;plains;1
5661;121;110;70;land;false;plains;1
5662;94;178;51;land;false;plains;1
5663;232;242;116;land;false;plains;1
5664;46;186;160;land;false;plains;1
5665;243;159;222;land;false;plains;1
5666;24;120;0;land;false;plains;1
5667;198;18;19;land;false;plains;1
5668;164;105;98;land;false;plains;1
5669;254;68;10;land;false;plains;1
5670;95;226;231;land;false;plains;1
5671;25;66;211;land;false;plains;1
5672;202;205;214;land;false;plains;1
5673;150;230;250;land;false;plains;1
5674;149;22;125;land;false;plains;1
5675;107;108;24;land;false;plains;1
5676;178;207;160;land;true;plains;1
5677;172;103;11;land;false;plains;1
5678;1;102;188;land;false;plains;1
5679;26;71;105;land;false;plains;1
5680;115;239;189;land;false;plains;1
5681;65;31;96;land;false;plains;1
5682;31;25;139;land;true;plains;1
5683;37;156;221;land;false;plains;1
5684;140;150;103;land;false;plains;1
5685;208;213;99;land;false;plains;1
5686;215;48;4;land;false;plains;1
5687;119;167;48;land;false;plains;1
5688;237;121;215;land;false;plains;1
5689;171;78;252;land;false;plains;1
5690;228;35;210;land;false;plains;1
5691;198;97;110;land;false;plains;1
5692;13;42;134;land;false;plains;1
5693;231;69;146;land;false;plains;1
5694;115;199;19;land;false;plains;1
5695;167;102;14;land;false;plains;1
5696;90;163;160;land;false;plains;1
5697;68;113;168;land;true;plains;1
5698;205;231;11;land;true;plains;1
5699;124;255;82;land;true;plains;1
5700;159;144;92;land;false;plains;1
5701;201;239;221;land;true;plains;1
5702;51;22;159;land;false;plains;1
5703;255;211;15;land;false;plains;1
5704;99;131;115;land;false;plains;1
5705;120;137;157;land;false;plains;1
5706;222;157;159;land;false;plains;1
5707;233;35;19;land;false;plains;1
5708;103;173;215;land;false;plains;1
5709;47;91;137;land;true;plains;1
5710;136;143;198;land;false;plains;1
5711;138;221;192;land;true;plains;1
5712;211;217;100;land;false;plains;1
5713;43;13;0;land;false;plains;1
5714;212;95;15;land;false;plains;1
5715;107;15;121;land;false;plains;1
5716;234;38;5;land;false;plains;1
5717;143;59;68;land;false;plains;1
5718;170;149;24;land;false;plains;1
5719;114;109;8;land;true;plains;1
5720;199;110;97;land;false;plains;1
5721;81;224;177;land;false;plains;1
5722;73;244;107;land;false;plains;1
5723;188;232;87;land;false;plains;1
5724;21;184;100;land;false;plains;1
5725;26;25;96;land;false;plains;1
5726;195;157;207;land;false;plains;1
5727;117;217;27;land;true;plains;1
5728;89;209;107;land;true;plains;1
5729;109;14;174;land;false;plains;1
5730;140;124;222;land;true;plains;1
5731;231;68;22;land;false;plains;1
5732;37;199;18;land;true;plains;1
5733;167;93;65;land;false;plains;1
5734;18;128;105;land;false;plains;1
5735;167;162;26;land;false;plains;1
5736;166;204;33;land;true;plains;1
5737;81;182;138;land;false;plains;1
5738;182;187;26;land;false;plains;1
5739;199;227;244;land;true;plains;1
5740;145;218;82;land;false;plains;1
5741;244;227;42;land;false;plains;1
5742;250;42;137;land;false;plains;1
5743;106;62;136;land;false;plains;1
5744;144;246;108;land;false;plains;1
5745;199;133;194;land;false;plains;1
5746;151;45;101;land;false;plains;1
5747;104;170;109;land;false;plains;1
5748;66;155;7;land;false;plains;1
5749;131;86;84;land;false;plains;1
5750;10;68;169;land;false;plains;1
5751;119;185;178;land;true;plains;1
5752;69;63;99;land;false;plains;1
5753;239;228;143;land;false;plains;1
5754;8;76;217;land;false;plains;1
5755;73;68;243;land;true;plains;1
5756;215;144;81;land;false;plains;1
5757;110;203;67;land;false;plains;1
5758;253;159;176;land;true;plains;1
5759;80;169;217;land;false;plains;1
5760;193;181;8;land;true;plains;1
5761;35;142;32;land;false;plains;1
5762;149;161;193;land;false;plains;1
5763;253;199;26;land;true;plains;1
5764;44;25;64;land;false;plains;1
5765;9;232;28;land;false;plains;1
5766;253;121;248;land;false;plains;1
5767;79;197;110;land;false;plains;1
5768;34;193;70;land;false;plains;1
5769;240;96;8;land;false;plains;1
5770;120;101;95;land;false;plains;1
5771;200;81;190;land;false;plains;1
5772;179;139;36;land;false;plains;1
5773;245;130;186;land;false;plains;1
5774;52;242;249;land;false;plains;1
5775;129;175;124;land;false;plains;1
5776;63;239;192;land;false;plains;1
5777;189;61;243;land;false;plains;1
5778;71;57;21;land;false;plains;1
5779;98;58;135;land;false;plains;1
5780;94;54;18;land;false;plains;1
5781;26;194;176;land;false;plains;1
5782;223;193;61;land;false;plains;1
5783;173;42;244;land;false;plains;1
5784;44;232;147;land;false;plains;1
5785;75;231;55;land;false;plains;1
5786;210;109;116;land;false;plains;1
5787;40;176;83;land;false;plains;1
5788;132;114;170;land;false;plains;1
5789;10;67;57;land;false;plains;1
5790;224;151;254;land;false;plains;1
5791;159;210;96;land;false;plains;1
5792;30;146;206;land;true;plains;1
5793;13;213;96;land;false;plains;1
5794;177;242;67;land;true;plains;1
5795;56;245;171;land;false;plains;1
5796;254;168;139;land;false;plains;1
5797;62;24;138;land;false;plains;1
5798;170;98;154;land;false;plains;1
5799;225;67;237;land;false;plains;1
5800;119;148;138;land;true;plains;1
5801;146;73;125;land;false;plains;1
5802;62;129;72;land;false;plains;1
5803;154;97;196;land;false;plains;1
5804;198;231;194;land;false;plains;1
5805;16;18;208;land;false;plains;1
5806;112;153;59;land;true;plains;1
5807;209;211;165;land;false;plains;1
5808;14;42;218;land;false;plains;1
5809;252;153;138;land;true;plains;1
5810;88;62;178;land;false;plains;1
5811;154;217;0;land;false;plains;1
5812;130;186;54;land;false;plains;1
5813;116;217;174;land;false;plains;1
5814;132;39;13;land;false;plains;1
5815;97;151;203;land;false;plains;1
5816;139;249;203;land;false;plains;1
5817;67;91;121;land;false;plains;1
5818;132;172;216;land;false;plains;1
5819;84;89;93;land;true;plains;1
5820;30;56;118;land;false;plains;1
5821;132;14;118;land;false;plains;1
5822;211;211;45;land;false;plains;1
5823;158;72;41;land;false;plains;1
5824;71;65;25;land;false;plains;1
5825;202;164;84;land;false;plains;1
5826;140;88;17;land;false;plains;1
5827;149;154;200;land;false;plains;1
5828;4;121;156;land;false;plains;1
5829;80;20;222;land;false;plains;1
5830;14;80;22;land;false;plains;1
5831;219;136;29;land;false;plains;1
5832;41;185;250;land;false;plains;1
5833;12;21;251;land;false;plains;1
5834;6;184;41;land;false;plains;1
5835;191;127;5;land;false;plains;1
5836;11;245;36;land;true;plains;1
5837;13;175;26;land;false;plains;1
5838;72;56;125;land;false;plains;1
5839;191;185;198;land;false;plains;1
5840;27;203;3;land;false;plains;1
5841;218;139;138;land;false;plains;1
5842;123;208;1;land;false;plains;1
5843;215;68;161;land;false;plains;1
5844;145;203;234;land;false;plains;1
5845;28;210;173;land;false;plains;1
5846;25;127;96;land;false;plains;1
5847;73;243;202;land;true;plains;1
5848;180;112;152;land;false;plains;1
5849;162;57;197;land;false;plains;1
5850;225;238;135;land;false;plains;1
5851;110;55;22;land;false;plains;1
5852;98;165;56;land;false;plains;1
5853;206;168;198;land;false;plains;1
5854;92;202;8;land;false;plains;1
5855;11;16;226;land;false;plains;1
5856;199;54;202;land;false;plains;1
5857;228;81;179;land;false;plains;1
5858;202;246;66;land;false;plains;1
5859;126;144;200;land;true;plains;1
5860;15;118;100;land;false;plains;1
5861;147;46;172;land;false;plains;1
5862;181;181;3;land;false;plains;1
5863;213;95;247;land;false;plains;1
5864;229;48;84;land;false;plains;1
5865;213;5;176;land;false;plains;1
5866;143;142;188;land;false;plains;1
5867;188;241;48;land;false;plains;1
5868;178;6;74;land;false;plains;1
5869;106;105;178;land;false;plains;1
5870;221;82;222;land;false;plains;1
5871;3;67;59;land;false;plains;1
5872;115;219;153;land;true;plains;1
5873;87;240;90;land;false;plains;1
5874;76;181;83;land;false;plains;1
5875;255;2;113;land;false;plains;1
5876;52;206;34;land;false;plains;1
5877;99;230;235;land;false;plains;1
5878;248;239;15;land;false;plains;1
5879;37;192;180;land;false;plains;1
5880;250;130;92;land;false;plains;1
5881;244;238;45;land;false;plains;1
5882;143;244;153;land;false;plains;1
5883;84;181;25;land;false;plains;1
5884;77;3;78;land;false;plains;1
5885;115;158;135;land;false;plains;1
5886;51;55;118;land;false;plains;1
5887;146;19;132;land;false;plains;1
5888;125;23;15;land;false;plains;1
5889;75;83;68;land;false;plains;1
5890;109;241;49;land;false;plains;1
5891;229;156;94;land;false;plains;1
5892;100;28;195;land;false;plains;1
5893;183;146;187;land;false;plains;1
5894;88;150;136;land;false;plains;1
5895;5;142;42;land;false;plains;1
5896;59;183;2;land;false;plains;1
5897;205;251;27;land;false;plains;1
5898;237;6;76;land;false;plains;1
5899;166;24;176;land;false;plains;1
5900;106;52;245;land;false;plains;1
5901;55;202;196;land;true;plains;1
5902;177;53;224;land;false;plains;1
5903;199;11;72;land;false;plains;1
5904;38;64;24;land;false;plains;1
5905;13;98;212;land;false;plains;1
5906;214;238;77;land;true;plains;1
5907;108;112;181;land;false;plains;1
5908;28;220;91;land;false;plains;1
5909;250;8;4;land;false;plains;1
5910;60;104;95;land;false;plains;1
5911;74;91;49;land;false;plains;1
5912;210;224;25;land;false;plains;1
5913;164;34;166;land;false;plains;1
5914;176;120;153;land;true;plains;1
5915;28;87;235;land;false;plains;1
5916;71;195;93;land;false;plains;1
5917;243;184;191;land;false;plains;1
5918;46;24;69;land;true;plains;1
5919;106;64;99;land;true;plains;1
5920;113;79;156;land;false;plains;1
5921;35;22;222;land;false;plains;1
5922;222;205;40;land;false;plains;1
5923;220;118;101;land;false;plains;1
5924;82;148;22;land;false;plains;1
5925;35;249;145;land;false;plains;1
5926;158;242;26;land;false;plains;1
5927;41;68;159;land;true;plains;1
5928;91;51;134;land;false;plains;1
5929;207;7;249;land;false;plains;1
5930;80;174;179;land;false;plains;1
5931;252;159;153;land;false;plains;1
5932;169;219;197;land;false;plains;1
5933;112;111;42;land;false;plains;1
5934;28;72;62;land;false;plains;1
5935;126;185;153;land;false;plains;1
5936;65;21;116;land;true;plains;1
5937;23;169;33;land;false;plains;1
5938;130;59;61;land;true;plains;1
5939;97;145;201;land;false;plains;1
5940;203;190;28;land;false;plains;1
5941;91;94;13;land;false;plains;1
5942;70;180;196;land;true;plains;1
5943;229;243;33;land;false;plains;1
5944;80;130;177;land;false;plains;1
5945;125;236;79;land;true;plains;1
5946;221;179;60;land;false;plains;1
5947;201;233;189;land;false;plains;1
5948;124;193;47;land;true;plains;1
5949;7;222;188;land;false;plains;1
5950;176;137;183;land;false;plains;1
5951;168;99;78;land;false;plains;1
5952;69;115;4;land;false;plains;1
5953;85;41;229;land;false;plains;1
5954;126;172;88;land;false;plains;1
5955;148;122;209;land;false;plains;1
5956;254;40;111;land;false;plains;1
5957;104;34;102;land;false;plains;1
5958;149;254;44;land;false;plains;1
5959;114;85;95;land;false;plains;1
5960;107;192;69;land;false;plains;1
5961;110;128;17;land;false;plains;1
5962;113;115;87;land;false;plains;1
5963;181;142;74;land;false;plains;1
5964;24;161;7;land;false;plains;1
5965;141;245;197;land;false;plains;1
5966;89;49;53;land;false;plains;1
5967;42;240;3;land;true;plains;1
5968;212;118;199;land;false;plains;1
5969;199;218;94;land;false;plains;1
5970;108;253;19;land;false;plains;1
5971;97;106;136;land;false;plains;1
5972;156;95;153;land;false;plains;1
5973;119;198;120;land;false;plains;1
5974;71;82;66;land;false;plains;1
5975;32;4;244;land;false;plains;1
5976;89;88;232;land;false;plains;1
5977;215;118;147;land;false;plains;1
5978;73;158;128;land;false;plains;1
5979;189;43;249;land;false;plains;1
5980;156;123;122;land;false;plains;1
5981;135;9;193;land;true;plains;1
5982;191;209;211;land;false;plains;1
5983;51;251;54;land;false;plains;1
5984;166;66;112;land;false;plains;1
5985;66;206;6;land;true;plains;1
5986;183;224;98;land;false;plains;1
5987;240;72;182;land;false;plains;1
5988;160;72;215;land;false;plains;1
5989;58;7;85;land;false;plains;1
5990;201;160;34;land;false;plains;1
5991;187;52;220;land;false;plains;1
5992;142;71;20;land;false;plains;1
5993;82;85;146;land;false;plains;1
5994;226;248;77;land;false;plains;1
5995;101;62;150;land;false;plains;1
5996;243;3;92;land;false;plains;1
5997;152;170;149;land;false;plains;1
5998;51;112;124;land;false;plains;1
5999;91;135;121;land;false;plains;1
6000;19;237;204;land;false;plains;1
6001;62;161;7;land;false;plains;1
6002;163;164;254;land;false;plains;1
6003;71;142;227;land;false;plains;1
6004;7;60;74;land;true;plains;1
6005;234;93;142;land;false;plains;1
6006;235;151;135;land;false;plains;1
6007;83;66;154;land;false;plains;1
6008;216;42;226;land;false;plains;1
6009;122;203;84;land;false;plains;1
6010;187;47;92;land;true;plains;1
6011;113;179;182;land;false;plains;1
6012;255;38;72;land;true;plains;1
6013;220;82;182;land;false;plains;1
6014;12;33;163;land;true;plains;1
6015;5;249;229;land;false;plains;1
6016;234;252;105;land;false;plains;1
6017;174;210;167;land;false;plains;1
6018;161;211;198;land;false;plains;1
6019;150;11;185;land;false;plains;1
6020;86;122;229;land;false;plains;1
6021;85;80;168;land;false;plains;1
6022;203;254;135;land;false;plains;1
6023;199;176;76;land;false;plains;1
6024;110;83;62;land;true;plains;1
6025;58;243;212;land;true;plains;1
6026;6;130;60;land;false;plains;1
6027;32;101;214;land;false;plains;1
6028;115;103;247;land;false;plains;1
6029;190;18;44;land;false;plains;1
6030;251;190;186;land;false;plains;1
6031;24;160;65;land;false;plains;1
6032;171;22;11;land;false;plains;1
6033;84;59;147;land;false;plains;1
6034;156;121;106;land;false;plains;1
6035;184;76;11;land;true;plains;1
6036;50;80;68;land;false;plains;1
6037;63;60;45;land;false;plains;1
6038;177;44;52;land;false;plains;1
6039;175;170;81;land;false;plains;1
6040;45;63;151;land;false;plains;1
6041;238;94;208;land;false;plains;1
6042;247;184;233;land;false;plains;1
6043;161;159;23;land;false;plains;1
6044;141;205;152;land;false;plains;1
6045;123;169;249;land;false;plains;1
6046;119;62;52;land;false;plains;1
6047;9;244;237;land;false;plains;1
6048;111;14;232;land;false;plains;1
6049;12;204;84;land;true;plains;1
6050;142;41;71;land;false;plains;1
6051;23;234;182;land;true;plains;1
6052;169;108;245;land;true;plains;1
6053;126;21;211;land;false;plains;1
6054;49;100;17;land;false;plains;1
6055;255;63;138;land;false;plains;1
6056;244;202;173;land;false;plains;1
6057;117;29;6;land;false;plains;1
6058;17;150;161;land;true;plains;1
6059;10;102;228;land;false;plains;1
6060;45;213;168;land;false;plains;1
6061;221;236;64;land;false;plains;1
6062;245;170;52;land;false;plains;1
6063;170;54;55;land;false;plains;1
6064;40;131;81;land;false;plains;1
6065;182;41;52;land;false;plains;1
6066;2;135;25;land;false;plains;1
6067;202;247;63;land;false;plains;1
6068;252;56;206;land;false;plains;1
6069;48;75;71;land;false;plains;1
6070;115;193;84;land;false;plains;1
6071;39;68;148;land;true;plains;1
6072;132;86;164;land;false;plains;1
6073;38;177;128;land;false;plains;1
6074;115;18;153;land;false;plains;1
6075;44;232;41;land;false;plains;1
6076;133;56;6;land;false;plains;1
6077;154;56;102;land;true;plains;1
6078;42;21;111;land;false;plains;1
6079;180;124;2;land;false;plains;1
6080;32;169;213;land;true;plains;1
6081;12;249;133;land;false;plains;1
6082;162;130;184;land;false;plains;1
6083;7;234;18;land;false;plains;1
6084;171;74;92;land;false;plains;1
6085;81;252;175;land;false;plains;1
6086;95;12;255;land;true;plains;1
6087;109;114;207;land;false;plains;1
6088;97;161;121;land;false;plains;1
6089;35;36;135;land;true;plains;1
6090;29;145;12;land;false;plains;1
6091;140;219;113;land;false;plains;1
6092;67;167;124;land;false;plains;1
6093;5;13;123;land;false;plains;1
6094;47;117;9;land;false;plains;1
6095;255;155;219;land;false;plains;1
6096;55;240;209;land;false;plains;1
6097;235;126;214;land;false;plains;1
6098;203;81;193;land;false;plains;1
6099;126;207;150;land;false;plains;1
6100;254;94;68;land;false;plains;1
6101;22;82;76;land;true;plains;1
6102;92;43;49;land;true;plains;1
6103;217;21;84;land;false;plains;1
6104;94;246;100;land;false;plains;1
6105;2;14;31;land;false;plains;1
6106;128;92;234;land;false;plains;1
6107;210;149;3;land;true;plains;1
6108;238;102;10;land;false;plains;1
6109;114;187;12;land;false;plains;1
6110;222;74;171;land;false;plains;1
6111;53;65;55;land;false;plains;1
6112;48;174;89;land;false;plains;1
6113;252;212;3;land;false;plains;1
6114;238;231;94;land;false;plains;1
6115;9;95;159;land;true;plains;1
6116;209;169;22;land;true;plains;1
6117;64;117;26;land;false;plains;1
6118;50;98;190;land;false;plains;1
6119;2;92;62;land;false;plains;1
6120;8;209;149;land;false;plains;1
6121;169;87;52;land;false;plains;1
6122;115;166;72;land;false;plains;1
6123;79;23;168;land;false;plains;1
6124;39;120;228;land;false;plains;1
6125;121;18;102;land;false;plains;1
6126;54;95;176;land;false;plains;1
6127;82;220;245;land;false;plains;1
6128;28;202;118;land;false;plains;1
6129;220;244;144;land;false;plains;1
6130;163;86;193;land;false;plains;1
6131;205;247;127;land;true;plains;1
6132;180;90;233;land;false;plains;1
6133;136;125;190;land;false;plains;1
6134;26;17;1;land;false;plains;1
6135;194;198;36;land;false;plains;1
6136;158;125;250;land;false;plains;1
6137;61;202;66;land;false;plains;1
6138;128;166;17;land;false;plains;1
6139;186;234;198;land;true;plains;1
6140;121;127;13;land;false;plains;1
6141;42;220;230;land;false;plains;1
6142;12;96;24;land;false;plains;1
6143;220;87;50;land;false;plains;1
6144;61;180;132;land;false;plains;1
6145;204;71;22;land;true;plains;1
6146;134;252;75;land;false;plains;1
6147;191;75;61;land;false;plains;1
6148;22;158;135;land;false;plains;1
6149;133;70;83;land;true;plains;1
6150;225;200;162;land;false;plains;1
6151;183;8;154;land;false;plains;1
6152;145;20;98;land;false;plains;1
6153;110;98;0;land;false;plains;1
6154;23;229;156;land;false;plains;1
6155;16;30;153;land;true;plains;1
6156;59;207;212;land;true;plains;1
6157;107;113;91;land;true;plains;1
6158;11;171;93;land;false;plains;1
6159;23;13;26;land;false;plains;1
6160;151;194;101;land;false;plains;1
6161;220;243;143;land;false;plains;1
6162;231;237;5;land;false;plains;1
6163;253;195;33;land;false;plains;1
6164;175;26;14;land;false;plains;1
6165;15;30;232;land;false;plains;1
6166;152;176;202;land;false;plains;1
6167;116;58;69;land;false;plains;1
6168;217;246;140;land;false;plains;1
6169;236;183;248;land;false;plains;1
6170;204;249;69;land;false;plains;1
6171;117;36;176;land;false;plains;1
6172;126;169;51;land;false;plains;1
6173;95;201;236;land;true;plains;1
6174;187;231;131;land;false;plains;1
6175;54;192;219;land;true;plains;1
6176;1;21;90;land;false;plains;1
6177;68;173;105;land;false;plains;1
6178;200;32;211;land;false;plains;1
6179;217;204;123;land;false;plains;1
6180;71;125;128;land;false;plains;1
6181;191;30;53;land;false;plains;1
6182;107;175;104;land;false;plains;1
6183;118;11;16;land;false;plains;1
6184;218;214;185;land;false;plains;1
6185;176;152;100;land;false;plains;1
6186;34;219;133;land;false;plains;1
6187;131;162;53;land;false;plains;1
6188;136;71;71;land;false;plains;1
6189;164;110;41;land;true;plains;1
6190;150;199;32;land;false;plains;1
6191;126;215;115;land;false;plains;1
6192;158;238;97;land;false;plains;1
6193;153;36;37;land;false;plains;1
6194;232;147;12;land;false;plains;1
6195;51;28;98;land;false;plains;1
6196;117;107;17;land;false;plains;1
6197;158;220;89;land;false;plains;1
6198;142;131;73;land;false;plains;1
6199;169;231;87;land;false;plains;1
6200;41;57;98;land;false;plains;1
6201;192;33;165;land;false;plains;1
6202;95;89;222;land;false;plains;1
6203;142;64;137;land;false;plains;1
6204;229;91;148;land;false;plains;1
6205;131;167;120;land;false;plains;1
6206;57;6;245;land;false;plains;1
6207;223;90;241;land;false;plains;1
6208;197;134;157;land;true;plains;1
6209;59;231;78;land;false;plains;1
6210;87;75;170;land;false;plains;1
6211;196;41;17;land;false;plains;1
6212;254;176;75;land;false;plains;1
6213;97;221;32;land;false;plains;1
6214;126;29;169;land;false;plains;1
6215;1;136;147;land;false;plains;1
6216;219;237;15;land;true;plains;1
6217;3;165;3;land;false;plains;1
6218;182;171;164;land;false;plains;1
6219;135;228;202;land;false;plains;1
6220;74;49;147;land;false;plains;1
6221;99;22;4;land;false;plains;1
6222;105;95;87;land;false;plains;1
6223;23;209;197;land;false;plains;1
6224;65;245;167;land;false;plains;1
6225;35;208;31;land;false;plains;1
6226;5;105;203;land;false;plains;1
6227;156;23;205;land;false;plains;1
6228;63;135;21;land;false;plains;1
6229;11;98;246;land;false;plains;1
6230;16;230;219;land;false;plains;1
6231;54;188;69;land;false;plains;1
6232;235;32;129;land;false;plains;1
6233;137;68;161;land;false;plains;1
6234;79;3;112;land;true;plains;1
6235;147;45;87;land;false;plains;1
6236;142;237;24;land;true;plains;1
6237;120;70;249;land;false;plains;1
6238;82;87;132;land;false;plains;1
6239;87;88;249;land;false;plains;1
6240;116;89;115;land;false;plains;1
6241;229;88;28;land;false;plains;1
6242;250;169;79;land;false;plains;1
6243;223;222;14;land;false;plains;1
6244;247;158;164;land;false;plains;1
6245;104;113;200;land;true;plains;1
6246;6;155;246;land;false;plains;1
6247;122;185;32;land;true;plains;1
6248;154;178;184;land;false;plains;1
6249;193;53;202;land;false;plains;1
6250;136;161;133;land;false;plains;1
6251;208;110;186;land;false;plains;1
6252;232;3;182;land;false;plains;1
6253;232;205;9;land;false;plains;1
6254;253;14;13;land;false;plains;1
6255;17;184;29;land;true;plains;1
6256;252;56;194;land;false;plains;1
6257;89;37;110;land;false;plains;1
6258;140;154;165;land;false;plains;1
6259;86;187;193;land;false;plains;1
6260;20;175;61;land;false;plains;1
6261;226;252;76;land;false;plains;1
6262;160;42;141;land;false;plains;1
6263;141;36;164;land;false;plains;1
6264;92;83;216;land;false;plains;1
6265;168;85;111;land;false;plains;1
6266;141;139;42;land;false;plains;1
6267;240;99;132;land;false;plains;1
6268;187;2;89;land;false;plains;1
6269;252;37;234;land;false;plains;1
6270;53;103;24;land;false;plains;1
6271;43;246;243;land;false;plains;1
6272;208;5;95;land;true;plains;1
6273;132;28;0;land;false;plains;1
6274;28;253;38;land;false;plains;1
6275;3;145;159;land;false;plains;1
6276;38;211;201;land;false;plains;1
6277;198;102;0;land;false;plains;1
6278;154;50;190;land;false;plains;1
6279;130;77;184;land;false;plains;1
6280;81;39;83;land;false;plains;1
6281;141;78;11;land;false;plains;1
6282;14;106;244;land;false;plains;1
6283;85;181;42;land;false;plains;1
6284;140;25;19;land;false;plains;1
6285;228;100;188;land;false;plains;1
6286;65;211;31;land;true;plains;1
6287;153;244;223;land;false;plains;1
6288;204;143;182;land;false;plains;1
6289;11;16;62;land;false;plains;1
6290;108;161;131;land;false;plains;1
6291;235;114;127;land;false;plains;1
6292;28;30;169;land;false;plains;1
6293;183;28;202;land;false;plains;1
6294;178;233;41;land;false;plains;1
6295;201;48;241;land;true;plains;1
6296;153;167;148;land;false;plains;1
6297;153;116;200;land;false;plains;1
6298;174;221;11;land;false;plains;1
6299;227;73;174;land;false;plains;1
6300;75;139;36;land;false;plains;1
6301;59;244;3;land;true;plains;1
6302;22;21;191;land;false;plains;1
6303;99;31;189;land;false;plains;1
6304;55;166;161;land;false;plains;1
6305;193;197;71;land;false;plains;1
6306;50;204;236;land;false;plains;1
6307;241;217;202;land;false;plains;1
6308;131;125;50;land;false;plains;1
6309;52;190;206;land;false;plains;1
6310;157;161;191;land;false;plains;1
6311;253;66;54;land;false;plains;1
6312;105;199;142;land;false;plains;1
6313;103;197;105;land;false;plains;1
6314;250;164;81;land;true;plains;1
6315;189;14;7;land;true;plains;1
6316;162;165;130;land;true;plains;1
6317;165;250;192;land;false;plains;1
6318;145;225;53;land;false;plains;1
6319;80;79;207;land;false;plains;1
6320;81;106;197;land;false;plains;1
6321;54;28;55;land;false;plains;1
6322;54;227;53;land;false;plains;1
6323;194;239;1;land;true;plains;1
6324;210;3;250;land;false;plains;1
6325;97;210;8;land;false;plains;1
6326;233;124;133;land;false;plains;1
6327;254;3;166;land;false;plains;1
6328;19;70;48;land;false;plains;1
6329;112;17;118;land;true;plains;1
6330;32;118;161;land;false;plains;1
6331;164;165;93;land;false;plains;1
6332;220;33;29;land;false;plains;1
6333;97;197;124;land;true;plains;1
6334;64;24;38;land;false;plains;1
6335;163;253;67;land;false;plains;1
6336;7;3;142;land;false;plains;1
6337;218;78;90;land;false;plains;1
6338;169;129;66;land;false;plains;1
6339;99;238;181;land;false;plains;1
6340;188;69;243;land;false;plains;1
6341;61;57;220;land;false;plains;1
6342;211;177;91;land;false;plains;1
6343;178;229;121;land;false;plains;1
6344;88;52;40;land;false;plains;1
6345;11;155;106;land;false;plains;1
6346;58;63;119;land;false;plains;1
6347;34;165;197;land;false;plains;1
6348;98;19;124;land;true;plains;1
6349;2;205;192;land;false;plains;1
6350;108;165;169;land;false;plains;1
6351;223;248;65;land;true;plains;1
6352;4;79;104;land;false;plains;1
6353;154;166;116;land;false;plains;1
6354;211;64;31;land;false;plains;1
6355;188;174;107;land;false;plains;1
6356;179;129;81;land;false;plains;1
6357;218;236;204;land;false;plains;1
6358;103;246;127;land;true;plains;1
6359;93;158;251;land;false;plains;1
6360;42;45;169;land;false;plains;1
6361;137;242;110;land;false;plains;1
6362;127;156;211;land;false;plains;1
6363;190;234;164;land;false;plains;1
6364;168;69;75;land;true;plains;1
6365;54;38;224;land;false;plains;1
6366;157;48;240;land;false;plains;1
6367;165;40;57;land;false;plains;1
6368;185;5;126;land;false;plains;1
6369;232;159;201;land;false;plains;1
6370;142;78;92;land;false;plains;1
6371;97;231;108;land;false;plains;1
6372;216;12;216;land;false;plains;1
6373;155;138;51;land;false;plains;1
6374;119;124;233;land;false;plains;1
6375;69;78;44;land;false;plains;1
6376;181;40;97;land;false;plains;1
6377;178;35;215;land;false;plains;1
6378;30;206;247;land;true;plains;1
6379;47;242;102;land;false;plains;1
6380;77;115;5;land;false;plains;1
6381;173;22;222;land;false;plains;1
6382;154;128;100;land;false;plains;1
6383;19;133;141;land;false;plains;1
6384;189;170;226;land;false;plains;1
6385;232;87;160;land;false;plains;1
6386;122;148;213;land;false;plains;1
6387;113;208;69;land;false;plains;1
6388;211;201;70;land;false;plains;1
6389;65;133;241;land;false;plains;1
6390;243;130;231;land;false;plains;1
6391;48;44;215;land;false;plains;1
6392;81;161;197;land;false;plains;1
6393;202;113;45;land;false;plains;1
6394;14;220;110;land;false;plains;1
6395;202;233;69;land;false;plains;1
6396;31;157;195;land;false;plains;1
6397;173;134;45;land;true;plains;1
6398;80;246;254;land;false;plains;1
6399;216;136;186;land;true;plains;1
6400;227;239;134;land;false;plains;1
6401;165;226;85;land;false;plains;1
6402;100;184;48;land;false;plains;1
6403;223;113;123;land;false;plains;1
6404;37;65;22;land;false;plains;1
6405;95;212;1;land;false;plains;1
6406;71;193;175;land;true;plains;1
6407;5;84;54;land;false;plains;1
6408;152;204;243;land;false;plains;1
6409;118;149;162;land;false;plains;1
6410;224;202;182;land;false;plains;1
6411;124;214;77;land;true;plains;1
6412;60;239;174;land;true;plains;1
6413;40;1;31;land;false;plains;1
6414;67;119;52;land;false;plains;1
6415;67;88;163;land;false;plains;1
6416;32;145;108;land;false;plains;1
6417;101;52;167;land;false;plains;1
6418;36;151;164;land;false;plains;1
6419;195;46;152;land;false;plains;1
6420;198;215;218;land;false;plains;1
6421;6;141;186;land;false;plains;1
6422;191;228;37;land;false;plains;1
6423;202;54;191;land;false;plains;1
6424;36;35;201;land;false;plains;1
6425;190;240;21;land;false;plains;1
6426;235;236;65;land;false;plains;1
6427;147;247;163;land;false;plains;1
6428;171;224;194;land;false;plains;1
6429;175;190;145;land;false;plains;1
6430;179;2;222;land;false;plains;1
6431;110;103;253;land;false;plains;1
6432;177;144;42;land;false;plains;1
6433;56;7;187;land;false;plains;1
6434;26;120;249;land;false;plains;1
6435;107;182;1;land;false;plains;1
6436;15;56;162;land;false;plains;1
6437;199;164;30;land;false;plains;1
6438;13;177;178;land;false;plains;1
6439;70;196;41;land;false;plains;1
6440;44;15;73;land;false;plains;1
6441;56;110;120;land;false;plains;1
6442;104;54;141;land;false;plains;1
6443;91;77;23;land;false;plains;1
6444;203;184;20;land;false;plains;1
6445;58;254;211;land;false;plains;1
6446;239;120;198;land;false;plains;1
6447;221;78;140;land;false;plains;1
6448;129;110;86;land;false;plains;1
6449;107;218;21;land;false;plains;1
6450;235;98;207;land;false;plains;1
6451;16;92;161;land;false;plains;1
6452;31;79;26;land;false;plains;1
6453;155;80;160;land;false;plains;1
6454;238;253;17;land;false;plains;1
6455;228;231;23;land;false;plains;1
6456;253;99;27;land;false;plains;1
6457;137;13;102;land;false;plains;1
6458;67;10;66;land;true;plains;1
6459;214;179;31;land;false;plains;1
6460;67;253;186;land;false;plains;1
6461;115;175;197;land;false;plains;1
6462;164;52;71;land;false;plains;1
6463;6;133;118;land;false;plains;1
6464;1;109;128;land;false;plains;1
6465;14;250;117;land;true;plains;1
6466;37;173;253;land;false;plains;1
6467;150;42;218;land;false;plains;1
6468;236;20;101;land;false;plains;1
6469;234;224;204;land;false;plains;1
6470;146;171;245;land;false;plains;1
6471;62;162;55;land;false;plains;1
6472;4;71;49;land;false;plains;1
6473;178;114;94;land;false;plains;1
6474;228;144;84;land;false;plains;1
6475;168;54;93;land;false;plains;1
6476;141;37;197;land;false;plains;1
6477;137;143;166;land;false;plains;1
6478;202;149;1;land;false;plains;1
6479;58;146;90;land;false;plains;1
6480;254;175;162;land;true;plains;1
6481;96;0;172;land;false;plains;1
6482;80;248;253;land;false;plains;1
6483;235;230;232;land;true;plains;1
6484;147;204;149;land;false;plains;1
6485;228;248;147;land;false;plains;1
6486;170;34;228;land;true;plains;1
6487;149;72;169;land;false;plains;1
6488;25;215;48;land;true;plains;1
6489;110;232;149;land;false;plains;1
6490;95;153;215;land;false;plains;1
6491;99;4;160;land;false;plains;1
6492;18;162;31;land;true;plains;1
6493;44;149;40;land;false;plains;1
6494;125;135;27;land;false;plains;1
6495;32;189;158;land;false;plains;1
6496;107;196;31;land;true;plains;1
6497;238;252;63;land;true;plains;1
6498;155;138;32;land;false;plains;1
6499;146;211;105;land;false;plains;1
6500;210;106;6;land;false;plains;1
6501;152;129;90;land;false;plains;1
6502;181;92;17;land;false;plains;1
6503;229;180;22;land;false;plains;1
6504;55;160;248;land;false;plains;1
6505;132;116;163;land;false;plains;1
6506;82;179;61;land;true;plains;1
6507;23;98;36;land;false;plains;1
6508;117;27;94;land;false;plains;1
6509;154;251;202;land;false;plains;1
6510;96;246;111;land;false;plains;1
6511;225;208;130;land;false;plains;1
6512;21;137;168;land;false;plains;1
6513;125;185;152;land;false;plains;1
6514;64;49;85;land;false;plains;1
6515;106;182;116;land;true;plains;1
6516;38;142;251;land;false;plains;1
6517;110;0;68;land;false;plains;1
6518;68;34;63;land;true;plains;1
6519;137;245;187;land;false;plains;1
6520;66;7;239;land;false;plains;1
6521;249;186;77;land;false;plains;1
6522;87;242;175;land;false;plains;1
6523;42;93;17;land;false;plains;1
6524;49;140;82;land;false;plains;1
6525;195;217;77;land;false;plains;1
6526;45;51;73;land;false;plains;1
6527;159;18;105;land;false;plains;1
6528;31;185;125;land;false;plains;1
6529;177;174;135;land;false;plains;1
6530;174;109;212;land;false;plains;1
6531;46;26;137;land;false;plains;1
6532;133;94;118;land;true;plains;1
6533;152;126;86;land;true;plains;1
6534;239;0;16;land;false;plains;1
6535;69;132;141;land;false;plains;1
6536;171;139;8;land;false;plains;1
6537;147;245;218;land;false;plains;1
6538;187;29;232;land;false;plains;1
6539;184;60;174;land;false;plains;1
6540;219;73;196;land;false;plains;1
6541;219;22;48;land;false;plains;1
6542;238;73;253;land;false;plains;1
6543;12;79;9;land;false;plains;1
6544;145;69;147;land;false;plains;1
6545;125;233;36;land;false;plains;1
6546;122;125;143;land;true;plains;1
6547;114;38;23;land;false;plains;1
6548;51;33;95;land;false;plains;1
6549;149;179;85;land;false;plains;1
6550;53;116;164;land;false;plains;1
6551;152;237;238;land;false;plains;1
6552;112;83;142;land;true;plains;1
6553;160;132;165;land;false;plains;1
6554;204;41;197;land;false;plains;1
6555;33;158;70;land;false;plains;1
6556;139;205;188;land;false;plains;1
6557;19;37;249;land;false;plains;1
6558;117;237;112;land;false;plains;1
6559;75;131;213;land;false;plains;1
6560;88;239;3;land;false;plains;1
6561;184;154;79;land;false;plains;1
6562;239;101;80;land;true;plains;1
6563;87;184;99;land;false;plains;1
6564;164;162;165;land;false;plains;1
6565;17;63;206;land;false;plains;1
6566;227;52;91;land;false;plains;1
6567;169;214;122;land;false;plains;1
6568;235;159;220;land;false;plains;1
6569;153;28;176;land;false;plains;1
6570;9;98;179;land;false;plains;1
6571;250;35;245;land;false;plains;1
6572;245;157;185;land;false;plains;1
6573;41;182;5;land;true;plains;1
6574;20;101;102;land;false;plains;1
6575;214;213;182;land;true;plains;1
6576;34;121;158;land;false;plains;1
6577;125;246;195;land;false;plains;1
6578;148;16;234;land;false;plains;1
6579;48;76;45;land;false;plains;1
6580;94;108;23;land;true;plains;1
6581;43;37;154;land;false;plains;1
6582;166;186;20;land;false;plains;1
6583;4;244;164;land;false;plains;1
6584;93;158;190;land;true;plains;1
6585;28;76;234;land;true;plains;1
6586;74;123;226;land;false;plains;1
6587;13;206;43;land;false;plains;1
6588;172;200;192;land;false;plains;1
6589;178;90;21;land;false;plains;1
6590;128;4;157;land;false;plains;1
6591;152;235;113;land;false;plains;1
6592;85;105;126;land;false;plains;1
6593;176;208;245;land;false;plains;1
6594;40;75;57;land;false;plains;1
6595;146;222;41;land;false;plains;1
6596;51;144;149;land;false;plains;1
6597;53;142;70;land;false;plains;1
6598;59;221;159;land;false;plains;1
6599;56;93;79;land;false;plains;1
6600;168;120;158;land;false;plains;1
6601;238;243;142;land;false;plains;1
6602;216;100;247;land;false;plains;1
6603;22;23;1;land;true;plains;1
6604;40;73;31;land;false;plains;1
6605;183;27;3;land;false;plains;1
6606;223;181;140;land;true;plains;1
6607;97;81;233;land;false;plains;1
6608;184;74;65;land;false;plains;1
6609;202;108;41;land;true;plains;1
6610;214;83;91;land;true;plains;1
6611;55;42;212;land;false;plains;1
6612;40;20;202;land;true;plains;1
6613;240;213;102;land;false;plains;1
6614;64;57;48;land;true;plains;1
6615;46;154;72;land;true;plains;1
6616;167;112;249;land;false;plains;1
6617;163;239;91;land;false;plains;1
6618;158;130;247;land;true;plains;1
6619;115;99;36;land;true;plains;1
6620;110;182;69;land;true;plains;1
6621;91;248;31;land;false;plains;1
6622;156;248;150;land;false;plains;1
6623;232;130;149;land;false;plains;1
6624;95;175;102;land;false;plains;1
6625;108;38;108;land;false;plains;1
6626;47;177;167;land;true;plains;1
6627;61;84;80;land;false;plains;1
6628;218;252;234;land;false;plains;1
6629;180;77;201;land;false;plains;1
6630;141;162;60;land;false;plains;1
6631;193;57;142;land;false;plains;1
6632;54;10;41;land;false;plains;1
6633;119;159;167;land;false;plains;1
6634;134;111;214;land;true;plains;1
6635;241;186;220;land;false;plains;1
6636;42;194;66;land;false;plains;1
6637;107;137;13;land;false;plains;1
6638;101;234;121;land;true;plains;1
6639;40;134;80;land;false;plains;1
6640;252;203;14;land;false;plains;1
6641;108;19;87;land;false;plains;1
6642;192;45;219;land;false;plains;1
6643;234;186;25;land;false;plains;1
6644;141;111;60;land;false;plains;1
6645;120;225;239;land;false;plains;1
6646;173;88;41;land;false;plains;1
6647;137;113;220;land;true;plains;1
6648;16;72;162;land;false;plains;1
6649;92;144;58;land;false;plains;1
6650;136;10;67;land;false;plains;1
6651;237;107;37;land;false;plains;1
6652;9;91;89;land;false;plains;1
6653;204;22;44;land;false;plains;1
6654;185;61;200;land;true;plains;1
6655;195;188;190;land;false;plains;1
6656;20;174;251;land;true;plains;1
6657;91;138;56;land;false;plains;1
6658;195;245;247;land;false;plains;1
6659;217;182;60;land;true;plains;1
6660;213;220;228;land;false;plains;1
6661;34;110;195;land;false;plains;1
6662;145;165;201;land;false;plains;1
6663;185;137;82;land;false;plains;1
6664;75;164;229;land;false;plains;1
6665;134;213;33;land;false;plains;1
6666;68;201;122;land;false;plains;1
6667;177;161;243;land;false;plains;1
6668;245;131;185;land;false;plains;1
6669;39;191;251;land;true;plains;1
6670;194;161;31;land;false;plains;1
6671;113;18;189;land;false;plains;1
6672;139;167;179;land;false;plains;1
6673;181;2;90;land;false;plains;1
6674;183;156;145;land;false;plains;1
6675;179;18;121;land;false;plains;1
6676;56;18;130;land;false;plains;1
6677;193;47;108;land;true;plains;1
6678;251;86;211;land;false;plains;1
6679;40;174;151;land;false;plains;1
6680;71;155;253;land;false;plains;1
6681;88;1;200;land;false;plains;1
6682;38;183;229;land;false;plains;1
6683;106;201;105;land;true;plains;1
6684;111;10;24;land;false;plains;1
6685;85;180;226;land;false;plains;1
6686;107;178;69;land;false;plains;1
6687;173;135;11;land;false;plains;1
6688;30;245;185;land;false;plains;1
6689;154;248;243;land;false;plains;1
6690;236;19;210;land;false;plains;1
6691;2;163;231;land;false;plains;1
6692;183;227;35;land;false;plains;1
6693;187;209;96;land;false;plains;1
6694;131;215;41;land;false;plains;1
6695;192;34;217;land;false;plains;1
6696;187;130;86;land;false;plains;1
6697;79;120;29;land;false;plains;1
6698;241;197;87;land;true;plains;1
6699;213;195;112;land;false;plains;1
6700;57;95;65;land;false;plains;1
6701;49;251;123;land;true;plains;1
6702;3;67;110;land;false;plains;1
6703;133;121;233;land;false;plains;1
6704;227;187;153;land;false;plains;1
6705;9;15;1;land;false;plains;1
6706;8;156;169;land;true;plains;1
6707;135;56;134;land;false;plains;1
6708;200;163;201;land;false;plains;1
6709;203;206;48;land;false;plains;1
6710;132;83;150;land;false;plains;1
6711;36;152;107;land;true;plains;1
6712;194;180;20;land;false;plains;1
6713;91;190;251;land;false;plains;1
6714;52;45;236;land;false;plains;1
6715;204;253;5;land;false;plains;1
6716;45;131;154;land;false;plains;1
6717;133;45;5;land;false;plains;1
6718;179;8;47;land;false;plains;1
6719;7;124;192;land;false;plains;1
6720;146;60;56;land;false;plains;1
6721;109;147;74;land;true;plains;1
6722;9;157;45;land;false;plains;1
6723;41;192;182;land;true;plains;1
6724;112;18;19;land;false;plains;1
6725;104;66;186;land;false;plains;1
6726;33;187;234;land;true;plains;1
6727;99;134;227;land;false;plains;1
6728;129;72;106;land;true;plains;1
6729;240;182;39;land;true;plains;1
6730;164;120;220;land;false;plains;1
6731;25;108;205;land;false;plains;1
6732;21;135;148;land;false;plains;1
6733;24;113;117;land;false;plains;1
6734;238;98;96;land;false;plains;1
6735;2;140;170;land;true;plains;1
6736;176;108;51;land;true;plains;1
6737;197;103;244;land;false;plains;1
6738;243;54;52;land;false;plains;1
6739;133;161;202;land;false;plains;1
6740;192;129;99;land;false;plains;1
6741;227;41;123;land;false;plains;1
6742;231;54;164;land;false;plains;1
6743;35;23;24;land;true;plains;1
6744;76;71;244;land;false;plains;1
6745;168;16;14;land;false;plains;1
6746;201;60;234;land;false;plains;1
6747;49;24;196;land;false;plains;1
6748;31;240;88;land;false;plains;1
6749;101;47;193;land;false;plains;1
6750;10;224;122;land;false;plains;1
6751;170;226;223;land;false;plains;1
6752;246;93;254;land;false;plains;1
6753;40;9;133;land;false;plains;1
6754;233;179;141;land;false;plains;1
6755;170;157;143;land;false;plains;1
6756;189;216;213;land;false;plains;1
6757;174;170;13;land;false;plains;1
6758;108;254;168;land;false;plains;1
6759;34;21;245;land;true;plains;1
6760;3;100;94;land;true;plains;1
6761;120;109;195;land;false;plains;1
6762;124;224;175;land;false;plains;1
6763;98;142;169;land;false;plains;1
6764;61;113;147;land;false;plains;1
6765;38;44;228;land;true;plains;1
6766;144;222;7;land;false;plains;1
6767;11;150;144;land;false;plains;1
6768;18;154;181;land;false;plains;1
6769;92;81;126;land;false;plains;1
6770;212;166;211;land;false;plains;1
6771;29;92;242;land;false;plains;1
6772;40;67;118;land;false;plains;1
6773;246;190;160;land;false;plains;1
6774;68;182;169;land;false;plains;1
6775;79;74;99;land;false;plains;1
6776;240;56;104;land;false;plains;1
6777;67;55;218;land;false;plains;1
6778;251;166;155;land;false;plains;1
6779;91;18;105;land;false;plains;1
6780;174;97;84;land;false;plains;1
6781;45;92;14;land;false;plains;1
6782;225;18;224;land;false;plains;1
6783;240;230;182;land;false;plains;1
6784;149;205;35;land;false;plains;1
6785;174;172;229;land;false;plains;1
6786;29;136;199;land;false;plains;1
6787;47;4;97;land;false;plains;1
6788;21;37;6;land;false;plains;1
6789;51;247;128;land;false;plains;1
6790;2;97;214;land;false;plains;1
6791;40;2;64;land;false;plains;1
6792;127;112;86;land;true;plains;1
6793;235;72;45;land;false;plains;1
6794;253;218;142;land;false;plains;1
6795;76;15;181;land;false;plains;1
6796;230;172;203;land;true;plains;1
6797;219;2;101;land;false;plains;1
6798;59;106;63;land;false;plains;1
6799;162;204;190;land;false;plains;1
6800;200;180;59;land;false;plains;1
6801;251;19;157;land;true;plains;1
6802;208;71;247;land;false;plains;1
6803;5;53;3;land;false;plains;1
6804;159;111;46;land;false;plains;1
6805;233;25;43;land;false;plains;1
6806;147;106;239;land;false;plains;1
6807;85;217;252;land;false;plains;1
6808;103;20;83;land;false;plains;1
6809;62;161;197;land;false;plains;1
6810;225;113;54;land;false;plains;1
6811;74;18;81;land;true;plains;1
6812;79;4;153;land;false;plains;1
6813;54;238;79;land;false;plains;1
6814;243;166;169;land;false;plains;1
6815;55;79;11;land;false;plains;1
6816;183;120;55;land;false;plains;1
6817;87;173;192;land;false;plains;1
6818;250;26;202;land;false;plains;1
6819;222;95;107;land;false;plains;1
6820;68;207;56;land;false;plains;1
6821;120;47;84;land;false;plains;1
6822;204;101;166;land;false;plains;1
6823;101;57;194;land;false;plains;1
6824;71;7;28;land;false;plains;1
6825;225;99;3;land;false;plains;1
6826;114;206;177;land;false;plains;1
6827;82;49;11;land;false;plains;1
6828;198;227;85;land;false;plains;1
6829;187;237;185;land;false;plains;1
6830;62;111;99;land;false;plains;1
6831;172;8;169;land;false;plains;1
6832;249;173;55;land;false;plains;1
6833;164;116;163;land;false;plains;1
6834;164;240;232;land;false;plains;1
6835;147;15;201;land;false;plains;1
6836;220;2;212;land;false;plains;1
6837;224;52;93;land;false;plains;1
6838;46;98;177;land;false;plains;1
6839;224;253;223;land;false;plains;1
6840;88;87;231;land;false;plains;1
6841;165;134;166;land;false;plains;1
6842;240;201;131;land;false;plains;1
6843;152;114;217;land;false;plains;1
6844;9;56;94;land;false;plains;1
6845;97;128;118;land;false;plains;1
6846;36;59;22;land;false;plains;1
6847;109;2;209;land;true;plains;1
6848;186;243;21;land;true;plains;1
6849;105;127;57;land;false;plains;1
6850;155;53;112;land;true;plains;1
6851;99;6;99;land;false;plains;1
6852;91;142;22;land;false;plains;1
6853;132;245;92;land;false;plains;1
6854;93;205;64;land;false;plains;1
6855;198;249;35;land;false;plains;1
6856;185;82;83;land;false;plains;1
6857;22;40;208;land;false;plains;1
6858;110;44;239;land;false;plains;1
6859;32;46;165;land;false;plains;1
6860;225;71;118;land;false;plains;1
6861;189;85;6;land;false;plains;1
6862;251;149;126;land;false;plains;1
6863;81;85;72;land;false;plains;1
6864;28;144;135;land;false;plains;1
6865;167;79;93;land;false;plains;1
6866;52;225;201;land;false;plains;1
6867;186;77;219;land;false;plains;1
6868;43;1;77;land;false;plains;1
6869;187;244;104;land;false;plains;1
6870;123;38;87;land;false;plains;1
6871;116;228;193;land;false;plains;1
6872;176;65;90;land;false;plains;1
6873;136;185;195;land;false;plains;1
6874;56;77;155;land;false;plains;1
6875;19;88;159;land;true;plains;1
6876;112;42;72;land;false;plains;1
6877;200;133;9;land;false;plains;1
6878;243;179;230;land;false;plains;1
6879;224;191;129;land;true;plains;1
6880;34;158;132;land;false;plains;1
6881;243;9;99;land;false;plains;1
6882;199;66;17;land;false;plains;1
6883;46;82;104;land;true;plains;1
6884;231;171;178;land;false;plains;1
6885;145;99;186;land;false;plains;1
6886;100;22;147;land;false;plains;1
6887;35;144;29;land;false;plains;1
6888;195;119;11;land;false;plains;1
6889;113;180;155;land;false;plains;1
6890;19;243;241;land;false;plains;1
6891;14;216;140;land;false;plains;1
6892;200;35;122;land;false;plains;1
6893;26;102;212;land;false;plains;1
6894;143;126;168;land;false;plains;1
6895;101;225;8;land;false;plains;1
6896;87;94;166;land;false;plains;1
6897;199;123;174;land;true;plains;1
6898;40;81;104;land;false;plains;1
6899;203;200;44;land;false;plains;1
6900;106;215;172;land;false;plains;1
6901;231;52;144;land;true;plains;1
6902;31;252;37;land;false;plains;1
6903;201;36;64;land;false;plains;1
6904;17;52;144;land;false;plains;1
6905;179;125;159;land;false;plains;1
6906;116;116;177;land;false;plains;1
6907;41;210;111;land;false;plains;1
6908;150;41;134;land;false;plains;1
6909;221;173;33;land;false;plains;1
6910;219;169;206;land;false;plains;1
6911;145;140;83;land;false;plains;1
6912;119;28;174;land;false;plains;1
6913;220;178;252;land;false;plains;1
6914;17;56;38;land;false;plains;1
6915;29;20;221;land;false;plains;1
6916;80;209;96;land;false;plains;1
6917;204;31;231;land;false;plains;1
6918;5;102;206;land;false;plains;1
6919;199;176;55;land;false;plains;1
6920;188;30;145;land;false;plains;1
6921;128;82;237;land;false;plains;1
6922;89;247;97;land;false;plains;1
6923;150;228;200;land;false;plains;1
6924;144;148;81;land;false;plains;1
6925;25;42;253;land;false;plains;1
6926;213;22;114;land;false;plains;1
6927;182;193;26;land;false;plains;1
6928;212;255;112;land;true;plains;1
6929;199;65;191;land;false;plains;1
6930;98;203;14;land;false;plains;1
6931;83;77;196;land;true;plains;1
6932;52;164;31;land;false;plains;1
6933;182;31;73;land;false;plains;1
6934;160;50;224;land;false;plains;1
6935;87;141;162;land;false;plains;1
6936;110;105;89;land;false;plains;1
6937;241;242;86;land;false;plains;1
6938;151;154;123;land;false;plains;1
6939;92;242;95;land;true;plains;1
6940;190;52;36;land;false;plains;1
6941;167;32;24;land;false;plains;1
6942;197;119;168;land;false;plains;1
6943;175;126;247;land;false;plains;1
6944;116;0;57;land;false;plains;1
6945;93;245;174;land;false;plains;1
6946;130;252;253;land;false;plains;1
6947;236;210;97;land;false;plains;1
6948;5;39;107;land;false;plains;1
6949;216;39;68;land;false;plains;1
6950;52;36;112;land;true;plains;1
6951;217;243;4;land;false;plains;1
6952;53;243;128;land;false;plains;1
6953;49;250;221;land;false;plains;1
6954;119;51;71;land;false;plains;1
6955;174;195;38;land;false;plains;1
6956;250;36;241;land;false;plains;1
6957;197;129;158;land;false;plains;1
6958;8;103;95;land;false;plains;1
6959;239;29;171;land;false;plains;1
6960;252;5;6;land;false;plains;1
6961;195;103;11;land;false;plains;1
6962;141;27;47;land;false;plains;1
6963;140;234;8;land;false;plains;1
6964;96;208;230;land;true;plains;1
6965;219;215;69;land;false;plains;1
6966;136;117;151;land;false;plains;1
6967;19;40;7;land;false;plains;1
6968;206;107;84;land;true;plains;1
6969;191;199;177;land;false;plains;1
6970;221;22;228;land;true;plains;1
6971;36;100;98;land;false;plains;1
6972;184;91;185;land;false;plains;1
6973;43;111;227;land;true;plains;1
6974;157;156;9;land;false;plains;1
6975;103;172;137;land;false;plains;1
6976;238;183;173;land;false;plains;1
6977;221;76;155;land;false;plains;1
6978;219;49;112;land;false;plains;1
6979;55;229;137;land;false;plains;1
6980;227;133;248;land;false;plains;1
6981;33;19;65;land;false;plains;1
6982;54;45;225;land;false;plains;1
6983;245;35;212;land;false;plains;1
6984;160;234;27;land;true;plains;1
6985;223;55;222;land;false;plains;1
6986;118;144;136;land;false;plains;1
6987;6;180;153;land;false;plains;1
6988;101;119;247;land;true;plains;1
6989;18;75;244;land;false;plains;1
6990;182;183;163;land;false;plains;1
6991;108;127;25;land;false;plains;1
6992;160;182;16;land;false;plains;1
6993;177;198;173;land;false;plains;1
6994;170;39;43;land;false;plains;1
6995;178;253;151;land;true;plains;1
6996;81;224;224;land;false;plains;1
6997;255;110;84;land;false;plains;1
6998;118;45;45;land;false;plains;1
6999;28;176;245;land;false;plains;1
7000;89;118;166;land;false;plains;1
7001;104;1;53;land;true;plains;1
7002;117;171;186;land;false;plains;1
7003;214;198;94;land;false;plains;1
7004;155;72;123;land;false;plains;1
7005;95;145;106;land;false;plains;1
7006;48;8;144;land;false;plains;1
7007;71;117;212;land;true;plains;1
7008;146;249;101;land;false;plains;1
7009;55;186;176;land;false;plains;1
7010;184;40;245;land;false;plains;1
7011;187;15;245;land;false;plains;1
7012;148;58;23;land;false;plains;1
7013;235;200;213;land;false;plains;1
7014;27;213;103;land;false;plains;1
7015;122;16;68;land;false;plains;1
7016;98;10;205;land;false;plains;1
7017;199;172;188;land;false;plains;1
7018;101;211;7;land;false;plains;1
7019;189;1;91;land;false;plains;1
7020;104;148;186;land;true;plains;1
7021;77;166;52;land;true;plains;1
7022;242;247;162;land;false;plains;1
7023;155;164;243;land;false;plains;1
7024;2;252;239;land;true;plains;1
7025;16;97;158;land;false;plains;1
7026;233;211;193;land;false;plains;1
7027;13;32;252;land;false;plains;1
7028;154;22;186;land;false;plains;1
7029;25;136;105;land;false;plains;1
7030;167;185;154;land;false;plains;1
7031;102;113;0;land;false;plains;1
7032;147;217;245;land;false;plains;1
7033;71;183;62;land;false;plains;1
7034;39;60;189;land;false;plains;1
7035;117;151;5;land;false;plains;1
7036;239;212;227;land;false;plains;1
7037;18;139;60;land;false;plains;1
7038;119;91;167;land;false;plains;1
7039;24;206;243;land;false;plains;1
7040;129;237;108;land;false;plains;1
7041;152;94;207;land;false;plains;1
7042;69;135;18;land;false;plains;1
7043;183;235;39;land;true;plains;1
7044;119;107;180;land;false;plains;1
7045;135;253;239;land;false;plains;1
7046;162;195;242;land;false;plains;1
7047;83;56;170;land;false;plains;1
7048;17;65;67;land;false;plains;1
7049;16;216;209;land;false;plains;1
7050;178;203;79;land;false;plains;1
7051;93;27;148;land;false;plains;1
7052;50;131;203;land;false;plains;1
7053;160;217;39;land;true;plains;1
7054;160;33;28;land;false;plains;1
7055;137;120;206;land;false;plains;1
7056;86;36;155;land;false;plains;1
7057;64;227;167;land;false;plains;1
7058;146;11;51;land;false;plains;1
7059;144;197;185;land;false;plains;1
7060;96;215;112;land;true;plains;1
7061;168;183;104;land;false;plains;1
7062;250;7;64;land;false;plains;1
7063;216;207;209;land;false;plains;1
7064;92;169;160;land;false;plains;1
7065;249;157;130;land;true;plains;1
7066;49;61;186;land;true;plains;1
7067;228;187;245;land;false;plains;1
7068;100;123;70;land;false;plains;1
7069;2;55;107;land;true;plains;1
7070;204;93;255;land;true;plains;1
7071;215;15;81;land;true;plains;1
7072;196;132;159;land;false;plains;1
7073;220;141;184;land;false;plains;1
7074;86;158;68;land;false;plains;1
7075;144;77;141;land;true;plains;1
7076;33;182;121;land;true;plains;1
7077;66;225;78;land;false;plains;1
7078;246;85;21;land;false;plains;1
7079;14;238;96;land;false;plains;1
7080;85;133;82;land;false;plains;1
7081;88;229;71;land;false;plains;1
7082;242;144;67;land;false;plains;1
7083;177;253;188;land;false;plains;1
7084;41;214;249;land;false;plains;1
7085;39;172;166;land;true;plains;1
7086;176;215;8;land;false;plains;1
7087;203;179;82;land;false;plains;1
7088;78;236;16;land;false;plains;1
7089;197;241;195;land;false;plains;1
7090;117;113;143;land;false;plains;1
7091;63;37;248;land;true;plains;1
7092;175;243;193;land;false;plains;1
7093;240;78;138;land;false;plains;1
7094;181;159;224;land;false;plains;1
7095;248;189;194;land;true;plains;1
7096;11;158;53;land;true;plains;1
7097;156;152;184;land;false;plains;1
7098;3;205;18;land;false;plains;1
7099;232;23;247;land;false;plains;1
7100;86;190;56;land;false;plains;1
7101;57;38;25;land;false;plains;1
7102;80;225;8;land;false;plains;1
7103;16;161;136;land;false;plains;1
7104;6;79;39;land;false;plains;1
7105;148;29;220;land;false;plains;1
7106;56;4;123;land;false;plains;1
7107;116;194;55;land;false;plains;1
7108;244;9;26;land;false;plains;1
7109;56;8;221;land;false;plains;1
7110;165;195;238;land;false;plains;1
7111;45;106;183;land;false;plains;1
7112;186;102;31;land;false;plains;1
7113;54;116;240;land;false;plains;1
7114;91;111;34;land;false;plains;1
7115;92;40;42;land;false;plains;1
7116;62;223;213;land;false;plains;1
7117;168;117;90;land;true;plains;1
7118;13;200;231;land;true;plains;1
7119;189;44;32;land;false;plains;1
7120;50;34;237;land;false;plains;1
7121;202;25;181;land;false;plains;1
7122;29;212;15;land;false;plains;1
7123;83;179;180;land;false;plains;1
7124;25;139;149;land;false;plains;1
7125;198;49;242;land;false;plains;1
7126;167;126;132;land;false;plains;1
7127;14;59;139;land;false;plains;1
7128;121;49;3;land;false;plains;1
7129;207;168;213;land;true;plains;1
7130;172;194;186;land;false;plains;1
7131;229;228;79;land;false;plains;1
7132;192;109;221;land;false;plains;1
7133;157;23;74;land;false;plains;1
7134;204;151;89;land;false;plains;1
7135;142;178;19;land;false;plains;1
7136;149;36;154;land;false;plains;1
7137;37;16;248;land;false;plains;1
7138;148;59;217;land;false;plains;1
7139;139;24;87;land;true;plains;1
7140;225;188;133;land;false;plains;1
7141;250;218;134;land;false;plains;1
7142;111;64;164;land;false;plains;1
7143;4;111;141;land;false;plains;1
7144;88;207;242;land;false;plains;1
7145;220;32;57;land;true;plains;1
7146;111;125;128;land;false;plains;1
7147;50;35;232;land;false;plains;1
7148;71;194;104;land;false;plains;1
7149;100;108;23;land;false;plains;1
7150;152;150;113;land;false;plains;1
7151;97;114;44;land;false;plains;1
7152;122;180;92;land;false;plains;1
7153;187;53;7;land;false;plains;1
7154;11;251;41;land;false;plains;1
7155;188;50;162;land;false;plains;1
7156;51;60;199;land;true;plains;1
7157;242;234;126;land;false;plains;1
7158;219;176;230;land;false;plains;1
7159;195;196;239;land;false;plains;1
7160;249;135;134;land;false;plains;1
7161;145;72;13;land;false;plains;1
7162;94;60;125;land;false;plains;1
7163;142;211;133;land;true;plains;1
7164;47;26;183;land;false;plains;1
7165;218;2;207;land;false;plains;1
7166;1;146;224;land;false;plains;1
7167;151;214;30;land;false;plains;1
7168;122;95;178;land;false;plains;1
7169;34;81;233;land;false;plains;1
7170;153;23;173;land;false;plains;1
7171;162;125;229;land;false;plains;1
7172;133;129;214;land;false;plains;1
7173;28;26;121;land;false;plains;1
7174;151;113;8;land;false;plains;1
7175;154;34;50;land;true;plains;1
7176;14;171;81;land;false;plains;1
7177;43;116;23;land;false;plains;1
7178;39;11;130;land;false;plains;1
7179;234;200;112;land;false;plains;1
7180;119;24;18;land;true;plains;1
7181;15;155;146;land;false;plains;1
7182;95;144;102;land;false;plains;1
7183;103;26;71;land;false;plains;1
7184;116;208;122;land;false;plains;1
7185;59;87;87;land;false;plains;1
7186;166;201;0;land;false;plains;1
7187;106;122;198;land;false;plains;1
7188;66;117;165;land;false;plains;1
7189;27;1;3;land;false;plains;1
7190;136;128;167;land;true;plains;1
7191;194;152;45;land;false;plains;1
7192;32;225;209;land;false;plains;1
7193;36;8;172;land;false;plains;1
7194;119;162;178;land;false;plains;1
7195;144;8;93;land;false;plains;1
7196;11;135;68;land;false;plains;1
7197;76;106;254;land;false;plains;1
7198;105;65;160;land;false;plains;1
7199;50;9;207;land;false;plains;1
7200;2;140;190;land;false;plains;1
7201;56;243;205;land;false;plains;1
7202;4;168;224;land;false;plains;1
7203;67;77;10;land;false;plains;1
7204;123;177;213;land;false;plains;1
7205;61;200;102;land;false;plains;1
7206;212;253;138;land;false;plains;1
7207;255;227;246;land;false;plains;1
7208;22;209;206;land;true;plains;1
7209;3;253;18;land;false;plains;1
7210;206;27;193;land;false;plains;1
7211;150;90;221;land;false;plains;1
7212;245;40;206;land;false;plains;1
7213;2;108;48;land;false;plains;1
7214;192;242;83;land;false;plains;1
7215;167;228;194;land;false;plains;1
7216;62;130;252;land;false;plains;1
7217;147;79;57;land;false;plains;1
7218;127;28;11;land;false;plains;1
7219;11;171;65;land;false;plains;1
7220;167;7;169;land;true;plains;1
7221;185;206;9;land;false;plains;1
7222;185;205;200;land;false;plains;1
7223;105;122;205;land;false;plains;1
7224;172;121;94;land;false;plains;1
7225;135;98;108;land;false;plains;1
7226;132;124;83;land;false;plains;1
7227;217;66;189;land;false;plains;1
7228;126;208;111;land;false;plains;1
7229;210;44;125;land;false;plains;1
7230;111;241;95;land;false;plains;1
7231;52;140;65;land;false;plains;1
7232;226;221;191;land;false;plains;1
7233;213;21;164;land;true;plains;1
7234;80;201;134;land;false;plains;1
7235;86;148;141;land;false;plains;1
7236;28;72;60;land;false;plains;1
7237;16;252;226;land;false;plains;1
7238;127;102;22;land;true;plains;1
7239;233;233;80;land;false;plains;1
7240;59;98;154;land;false;plains;1
7241;44;87;220;land;false;plains;1
7242;170;31;135;land;false;plains;1
7243;159;51;158;land;false;plains;1
7244;64;141;146;land;false;plains;1
7245;15;136;42;land;false;plains;1
7246;133;136;156;land;false;plains;1
7247;170;90;166;land;false;plains;1
7248;34;101;170;land;true;plains;1
7249;57;25;139;land;false;plains;1
7250;78;151;92;land;false;plains;1
7251;118;150;216;land;false;plains;1
7252;75;45;107;land;false;plains;1
7253;37;128;80;land;false;plains;1
7254;69;171;96;land;true;plains;1
7255;12;14;104;land;false;plains;1
7256;80;78;189;land;false;plains;1
7257;102;153;130;land;false;plains;1
7258;42;65;107;land;false;plains;1
7259;202;112;73;land;true;plains;1
7260;195;103;18;land;false;plains;1
7261;194;239;63;land;false;plains;1
7262;101;162;100;land;false;plains;1
7263;55;201;238;land;false;plains;1
7264;77;132;191;land;false;plains;1
7265;106;223;117;land;false;plains;1
7266;30;24;231;land;false;plains;1
7267;112;181;215;land;false;plains;1
7268;224;235;207;land;false;plains;1
7269;59;179;176;land;false;plains;1
7270;248;74;49;land;false;plains;1
7271;205;123;192;land;false;plains;1
7272;197;139;226;land;false;plains;1
7273;33;31;18;land;false;plains;1
7274;210;20;10;land;false;plains;1
7275;230;26;60;land;false;plains;1
7276;62;99;236;land;false;plains;1
7277;240;75;50;land;false;plains;1
7278;26;251;37;land;true;plains;1
7279;53;19;109;land;false;plains;1
7280;176;169;89;land;false;plains;1
7281;12;10;115;land;false;plains;1
7282;252;252;242;land;false;plains;1
7283;92;230;223;land;false;plains;1
7284;171;197;11;land;false;plains;1
7285;44;62;221;land;false;plains;1
7286;157;102;141;land;false;plains;1
7287;8;53;74;land;false;plains;1
7288;98;110;167;land;false;plains;1
7289;124;125;88;land;false;plains;1
7290;251;129;189;land;false;plains;1
7291;175;64;24;land;false;plains;1
7292;241;125;23;land;false;plains;1
7293;214;76;29;land;false;plains;1
7294;90;47;29;land;false;plains;1
7295;76;196;193;land;false;plains;1
7296;192;55;71;land;false;plains;1
7297;247;56;37;land;false;plains;1
7298;243;185;124;land;false;plains;1
7299;178;98;213;land;false;plains;1
7300;219;221;179;land;false;plains;1
7301;174;132;151;land;false;plains;1
7302;150;92;167;land;false;plains;1
7303;144;233;53;land;false;plains;1
7304;239;221;152;land;false;plains;1
7305;98;243;144;land;false;plains;1
7306;18;230;43;land;false;plains;1
7307;244;198;77;land;false;plains;1
7308;234;44;155;land;false;plains;1
7309;253;73;148;land;false;plains;1
7310;104;131;3;land;false;plains;1
7311;234;147;77;land;true;plains;1
7312;111;88;192;land;false;plains;1
7313;70;7;68;land;false;plains;1
7314;35;99;87;land;false;plains;1
7315;245;158;43;land;true;plains;1
7316;180;69;42;land;false;plains;1
7317;247;28;20;land;false;plains;1
7318;240;5;12;land;false;plains;1
7319;173;70;127;land;false;plains;1
7320;132;236;202;land;false;plains;1
7321;241;75;181;land;false;plains;1
7322;77;143;64;land;false;plains;1
7323;54;178;39;land;false;plains;1
7324;169;16;150;land;false;plains;1
7325;236;168;136;land;true;plains;1
7326;56;27;71;land;false;plains;1
7327;111;21;141;land;false;plains;1
7328;189;53;107;land;false;plains;1
7329;138;248;196;land;false;plains;1
7330;141;196;123;land;false;plains;1
7331;252;157;178;land;false;plains;1
7332;97;80;118;land;false;plains;1
7333;215;64;17;land;false;plains;1
7334;108;237;125;land;true;plains;1
7335;252;95;59;land;false;plains;1
7336;138;143;130;land;false;plains;1
7337;211;47;77;land;true;plains;1
7338;24;20;99;land;false;plains;1
7339;211;189;228;land;false;plains;1
7340;193;63;140;land;false;plains;1
7341;5;85;16;land;false;plains;1
7342;209;155;47;land;false;plains;1
7343;64;95;119;land;false;plains;1
7344;38;137;85;land;false;plains;1
7345;134;42;152;land;false;plains;1
7346;216;58;226;land;false;plains;1
7347;39;74;24;land;false;plains;1
7348;197;191;57;land;false;plains;1
7349;50;238;76;land;false;plains;1
7350;190;67;247;land;false;plains;1
7351;162;34;69;land;false;plains;1
7352;187;212;43;land;false;plains;1
7353;227;85;26;land;false;plains;1
7354;157;29;137;land;true;plains;1
7355;144;92;56;land;false;plains;1
7356;5;25;87;land;false;plains;1
7357;14;181;199;land;false;plains;1
7358;103;195;68;land;true;plains;1
7359;186;139;177;land;false;plains;1
7360;100;35;66;land;false;plains;1
7361;216;70;144;land;true;plains;1
7362;138;155;152;land;true;plains;1
7363;88;94;33;land;false;plains;1
7364;5;24;132;land;false;plains;1
7365;96;127;141;land;false;plains;1
7366;133;164;207;land;true;plains;1
7367;199;241;129;land;false;plains;1
7368;215;232;233;land;false;plains;1
7369;81;19;47;land;false;plains;1
7370;42;243;67;land;false;plains;1
7371;120;239;172;land;false;plains;1
7372;182;166;27;land;false;plains;1
7373;241;59;192;land;false;plains;1
7374;20;173;160;land;false;plains;1
7375;204;11;24;land;false;plains;1
7376;89;136;79;land;false;plains;1
7377;213;190;125;land;true;plains;1
7378;64;61;53;land;false;plains;1
7379;65;121;149;land;false;plains;1
7380;51;202;12;land;false;plains;1
7381;79;187;227;land;true;plains;1
7382;116;67;211;land;false;plains;1
7383;120;11;137;land;false;plains;1
7384;53;150;249;land;false;plains;1
7385;10;62;173;land;false;plains;1
7386;41;181;100;land;false;plains;1
7387;91;70;101;land;false;plains;1
7388;144;60;179;land;false;plains;1
7389;78;25;254;land;false;plains;1
7390;27;66;129;land;false;plains;1
7391;155;154;209;land;false;plains;1
7392;74;130;61;land;false;plains;1
7393;24;55;186;land;false;plains;1
7394;218;170;202;land;false;plains;1
7395;52;5;11;land;true;plains;1
7396;201;180;106;land;false;plains;1
7397;255;164;209;land;false;plains;1
7398;95;237;47;land;false;plains;1
7399;245;56;27;land;false;plains;1
7400;143;9;185;land;false;plains;1
7401;149;177;122;land;false;plains;1
7402;49;202;60;land;false;plains;1
7403;183;56;45;land;false;plains;1
7404;38;155;245;land;true;plains;1
7405;134;103;132;land;true;plains;1
7406;49;85;83;land;false;plains;1
7407;113;65;235;land;false;plains;1
7408;49;127;146;land;false;plains;1
7409;188;29;19;land;true;plains;1
7410;93;44;99;land;false;plains;1
7411;84;203;90;land;false;plains;1
7412;100;17;69;land;false;plains;1
7413;189;158;88;land;false;plains;1
7414;72;253;19;land;false;plains;1
7415;207;119;102;land;true;plains;1
7416;200;67;178;land;false;plains;1
7417;75;251;187;land;false;plains;1
7418;135;49;25;land;false;plains;1
7419;117;211;141;land;false;plains;1
7420;16;114;175;land;false;plains;1
7421;217;159;144;land;false;plains;1
7422;174;105;109;land;false;plains;1
7423;105;186;218;land;false;plains;1
7424;10;87;164;land;false;plains;1
7425;95;8;201;land;false;plains;1
7426;142;203;142;land;false;plains;1
7427;20;65;196;land;false;plains;1
7428;208;74;11;land;false;plains;1
7429;213;188;165;land;false;plains;1
7430;47;133;121;land;false;plains;1
7431;147;43;237;land;false;plains;1
7432;164;166;180;land;false;plains;1
7433;103;243;115;land;false;plains;1
7434;90;80;29;land;false;plains;1
7435;28;132;6;land;false;plains;1
7436;106;103;5;land;false;plains;1
7437;28;62;110;land;false;plains;1
7438;88;20;238;land;false;plains;1
7439;87;105;209;land;false;plains;1
7440;144;127;231;land;false;plains;1
7441;194;73;85;land;false;plains;1
7442;32;108;11;land;false;plains;1
7443;167;94;200;land;false;plains;1
7444;184;204;225;land;false;plains;1
7445;7;22;113;land;false;plains;1
7446;231;38;137;land;false;plains;1
7447;236;221;63;land;false;plains;1
7448;184;23;144;land;false;plains;1
7449;197;106;254;land;true;plains;1
7450;226;189;106;land;false;plains;1
7451;180;34;100;land;false;plains;1
7452;12;92;165;land;false;plains;1
7453;11;62;175;land;true;plains;1
7454;57;213;137;land;false;plains;1
7455;187;178;94;land;false;plains;1
7456;241;18;17;land;false;plains;1
7457;52;81;2;land;false;plains;1
7458;74;98;93;land;false;plains;1
7459;27;101;218;land;false;plains;1
7460;118;237;223;land;false;plains;1
7461;154;66;207;land;false;plains;1
7462;197;67;208;land;false;plains;1
7463;176;135;84;land;true;plains;1
7464;8;47;69;land;false;plains;1
7465;241;109;238;land;false;plains;1
7466;203;215;88;land;false;plains;1
7467;254;226;25;land;false;plains;1
7468;145;209;67;land;false;plains;1
7469;104;85;207;land;false;plains;1
7470;168;217;214;land;true;plains;1
7471;68;221;77;land;false;plains;1
7472;227;48;181;land;false;plains;1
7473;30;132;118;land;false;plains;1
7474;98;95;179;land;false;plains;1
7475;237;245;90;land;false;plains;1
7476;159;82;240;land;false;plains;1
7477;59;49;192;land;false;plains;1
7478;189;153;172;land;false;plains;1
7479;65;185;123;land;false;plains;1
7480;104;155;126;land;true;plains;1
7481;229;32;98;land;false;plains;1
7482;136;245;138;land;true;plains;1
7483;91;212;236;land;false;plains;1
7484;11;212;129;land;false;plains;1
7485;186;171;25;land;false;plains;1
7486;110;63;231;land;false;plains;1
7487;135;133;109;land;true;plains;1
7488;179;45;140;land;true;plains;1
7489;25;152;239;land;false;plains;1
7490;14;28;26;land;false;plains;1
7491;160;143;136;land;false;plains;1
7492;136;54;74;land;false;plains;1
7493;98;55;41;land;false;plains;1
7494;141;93;127;land;false;plains;1
7495;225;184;185;land;true;plains;1
7496;184;225;152;land;false;plains;1
7497;67;242;8;land;false;plains;1
7498;107;73;22;land;false;plains;1
7499;101;108;3;land;false;plains;1
7500;134;82;246;land;false;plains;1
7501;45;233;245;land;true;plains;1
7502;61;223;253;land;false;plains;1
7503;209;178;243;land;true;plains;1
7504;178;53;97;land;false;plains;1
7505;216;134;105;land;true;plains;1
7506;155;127;243;land;false;plains;1
7507;89;87;232;land;false;plains;1
7508;34;190;197;land;false;plains;1
7509;158;241;98;land;false;plains;1
7510;68;99;4;land;false;plains;1
7511;49;84;30;land;true;plains;1
7512;243;23;198;land;false;plains;1
7513;45;156;120;land;false;plains;1
7514;91;100;51;land;true;plains;1
7515;244;241;208;land;false;plains;1
7516;147;221;217;land;false;plains;1
7517;166;19;7;land;false;plains;1
7518;131;228;149;land;false;plains;1
7519;150;48;57;land;false;plains;1
7520;223;224;185;land;false;plains;1
7521;105;68;125;land;false;plains;1
7522;43;239;4;land;false;plains;1
7523;240;68;228;land;false;plains;1
7524;188;219;235;land;false;plains;1
7525;15;136;134;land;false;plains;1
7526;165;150;83;land;false;plains;1
7527;250;154;220;land;false;plains;1
7528;41;75;182;land;false;plains;1
7529;115;49;60;land;false;plains;1
7530;17;214;93;land;false;plains;1
7531;91;60;229;land;false;plains;1
7532;107;29;249;land;false;plains;1
7533;47;90;75;land;false;plains;1
7534;196;127;145;land;false;plains;1
7535;74;232;30;land;false;plains;1
7536;201;108;183;land;true;plains;1
7537;62;166;27;land;false;plains;1
7538;115;219;161;land;false;plains;1
7539;2;166;63;land;false;plains;1
7540;6;85;214;land;true;plains;1
7541;225;203;130;land;false;plains;1
7542;39;192;128;land;false;plains;1
7543;161;130;238;land;true;plains;1
7544;210;245;227;land;false;plains;1
7545;181;91;140;land;false;plains;1
7546;112;206;111;land;false;plains;1
7547;208;182;192;land;false;plains;1
7548;83;161;251;land;false;plains;1
7549;34;95;67;land;false;plains;1
7550;77;46;169;land;false;plains;1
7551;17;194;107;land;false;plains;1
7552;241;241;152;land;false;plains;1
7553;217;144;201;land;false;plains;1
7554;114;99;62;land;true;plains;1
7555;206;57;209;land;false;plains;1
7556;5;192;181;land;false;plains;1
7557;147;18;45;land;false;plains;1
7558;7;203;11;land;false;plains;1
7559;40;4;146;land;false;plains;1
7560;228;183;247;land;false;plains;1
7561;223;248;80;land;false;plains;1
7562;100;228;102;land;false;plains;1
7563;85;161;87;land;false;plains;1
7564;64;28;97;land;false;plains;1
7565;191;175;105;land;false;plains;1
7566;238;251;105;land;true;plains;1
7567;208;165;131;land;false;plains;1
7568;221;17;30;land;false;plains;1
7569;86;217;12;land;false;plains;1
7570;204;213;255;land;false;plains;1
7571;34;230;95;land;false;plains;1
7572;237;11;226;land;false;plains;1
7573;136;114;64;land;false;plains;1
7574;186;35;16;land;false;plains;1
7575;207;229;200;land;true;plains;1
7576;229;151;161;land;false;plains;1
7577;135;78;133;land;true;plains;1
7578;105;67;27;land;false;plains;1
7579;22;163;177;land;false;plains;1
7580;78;51;109;land;false;plains;1
7581;184;40;132;land;false;plains;1
7582;228;54;127;land;false;plains;1
7583;143;52;136;land;true;plains;1
7584;151;253;183;land;false;plains;1
7585;63;23;175;land;false;plains;1
7586;185;36;12;land;false;plains;1
7587;71;246;92;land;false;plains;1
7588;69;33;8;land;false;plains;1
7589;85;25;234;land;false;plains;1
7590;200;26;29;land;false;plains;1
7591;251;105;43;land;false;plains;1
7592;170;242;122;land;false;plains;1
7593;62;185;78;land;false;plains;1
7594;64;110;241;land;false;plains;1
7595;5;234;245;land;false;plains;1
7596;208;170;67;land;false;plains;1
7597;75;182;90;land;false;plains;1
7598;62;250;6;land;true;plains;1
7599;242;34;200;land;false;plains;1
7600;71;27;73;land;false;plains;1
7601;41;175;242;land;false;plains;1
7602;147;204;43;land;false;plains;1
7603;27;246;37;land;false;plains;1
7604;91;14;248;land;false;plains;1
7605;9;249;38;land;false;plains;1
7606;253;28;65;land;false;plains;1
7607;21;94;207;land;false;plains;1
7608;165;101;140;land;true;plains;1
7609;240;61;180;land;false;plains;1
7610;71;224;91;land;false;plains;1
7611;86;197;243;land;false;plains;1
7612;6;86;35;land;false;plains;1
7613;19;36;158;land;false;plains;1
7614;98;4;26;land;false;plains;1
7615;60;199;96;land;false;plains;1
7616;83;80;93;land;true;plains;1
7617;227;7;222;land;false;plains;1
7618;236;206;111;land;true;plains;1
7619;181;79;30;land;true;plains;1
7620;201;135;62;land;false;plains;1
7621;11;120;233;land;false;plains;1
7622;251;220;90;land;true;plains;1
7623;199;53;188;land;false;plains;1
7624;75;33;232;land;false;plains;1
7625;75;170;152;land;false;plains;1
7626;18;25;183;land;false;plains;1
7627;84;36;144;land;false;plains;1
7628;40;33;74;land;false;plains;1
7629;119;88;95;land;false;plains;1
7630;133;77;191;land;false;plains;1
7631;132;222;86;land;false;plains;1
7632;193;177;91;land;false;plains;1
7633;160;234;128;land;false;plains;1
7634;63;227;55;land;false;plains;1
7635;72;132;139;land;false;plains;1
7636;248;253;85;land;false;plains;1
7637;122;40;43;land;false;plains;1
7638;152;237;34;land;false;plains;1
7639;125;26;251;land;false;plains;1
7640;22;70;44;land;false;plains;1
7641;145;137;81;land;true;plains;1
7642;153;231;230;land;false;plains;1
7643;115;146;185;land;false;plains;1
7644;119;238;199;land;false;plains;1
7645;105;17;26;land;false;plains;1
7646;157;32;61;land;false;plains;1
7647;135;73;142;land;false;plains;1
7648;110;88;147;land;false;plains;1
7649;46;161;212;land;false;plains;1
7650;174;175;203;land;true;plains;1
7651;100;252;221;land;false;plains;1
7652;118;85;111;land;false;plains;1
7653;133;100;61;land;true;plains;1
7654;92;194;197;land;false;plains;1
7655;137;33;95;land;false;plains;1
7656;8;23;101;land;false;plains;1
7657;61;5;7;land;false;plains;1
7658;81;32;218;land;false;plains;1
7659;211;95;171;land;true;plains;1
7660;188;108;170;land;false;plains;1
7661;134;75;227;land;false;plains;1
7662;63;205;199;land;false;plains;1
7663;111;122;140;land;true;plains;1
7664;108;127;24;land;false;plains;1
7665;22;126;107;land;false;plains;1
7666;131;213;119;land;false;plains;1
7667;92;236;136;land;false;plains;1
7668;74;169;238;land;false;plains;1
7669;175;105;32;land;false;plains;1
7670;186;176;130;land;false;plains;1
7671;33;125;153;land;false;plains;1
7672;69;40;144;land;false;plains;1
7673;120;228;1;land;false;plains;1
7674;22;51;188;land;false;plains;1
7675;92;78;71;land;false;plains;1
7676;154;48;58;land;false;plains;1
7677;129;94;106;land;false;plains;1
7678;43;122;77;land;false;plains;1
7679;32;157;176;land;false;plains;1
7680;23;110;137;land;false;plains;1
7681;128;207;93;land;false;plains;1
7682;184;120;21;land;true;plains;1
7683;46;212;32;land;false;plains;1
7684;43;17;218;land;false;plains;1
7685;163;108;238;land;false;plains;1
7686;198;19;164;land;false;plains;1
7687;243;178;86;land;false;plains;1
7688;102;36;44;land;false;plains;1
7689;222;196;228;land;false;plains;1
7690;227;17;228;land;false;plains;1
7691;22;11;26;land;false;plains;1
7692;44;161;134;land;false;plains;1
7693;94;162;166;land;false;plains;1
7694;102;129;208;land;true;plains;1
7695;123;47;254;land;false;plains;1
7696;237;244;152;land;false;plains;1
7697;180;172;17;land;false;plains;1
7698;148;166;111;land;false;plains;1
7699;213;173;94;land;false;plains;1
7700;251;146;207;land;false;plains;1
7701;70;70;13;land;false;plains;1
7702;5;147;112;land;false;plains;1
7703;244;29;62;land;false;plains;1
7704;52;37;145;land;false;plains;1
7705;10;243;193;land;false;plains;1
7706;143;143;84;land;false;plains;1
7707;37;177;133;land;false;plains;1
7708;156;253;188;land;false;plains;1
7709;44;129;19;land;false;plains;1
7710;224;101;122;land;false;plains;1
7711;41;154;11;land;false;plains;1
7712;101;133;198;land;false;plains;1
7713;130;227;159;land;false;plains;1
7714;98;30;11;land;false;plains;1
7715;95;131;33;land;false;plains;1
7716;63;183;228;land;false;plains;1
7717;62;19;207;land;false;plains;1
7718;238;69;216;land;false;plains;1
7719;141;109;143;land;true;plains;1
7720;157;50;92;land;false;plains;1
7721;243;10;128;land;false;plains;1
7722;181;98;192;land;true;plains;1
7723;245;20;48;land;false;plains;1
7724;57;148;180;land;false;plains;1
7725;245;120;66;land;false;plains;1
7726;44;114;180;land;false;plains;1
7727;53;140;174;land;false;plains;1
7728;254;19;63;land;false;plains;1
7729;203;189;28;land;false;plains;1
7730;21;144;229;land;false;plains;1
7731;42;48;35;land;false;plains;1
7732;211;160;216;land;false;plains;1
7733;180;101;129;land;false;plains;1
7734;208;127;37;land;false;plains;1
7735;64;202;131;land;false;plains;1
7736;102;51;243;land;false;plains;1
7737;211;155;204;land;true;plains;1
7738;223;251;90;land;false;plains;1
7739;40;213;81;land;false;plains;1
7740;168;232;75;land;true;plains;1
7741;177;7;154;land;false;plains;1
7742;7;173;243;land;false;plains;1
7743;41;5;171;land;false;plains;1
7744;110;14;143;land;false;plains;1
7745;80;8;12;land;false;plains;1
7746;97;190;211;land;false;plains;1
7747;99;18;132;land;false;plains;1
7748;185;167;210;land;true;plains;1
7749;115;1;243;land;false;plains;1
7750;30;140;164;land;true;plains;1
7751;16;175;242;land;false;plains;1
7752;238;35;6;land;false;plains;1
7753;53;56;62;land;false;plains;1
7754;40;49;48;land;false;plains;1
7755;198;231;124;land;false;plains;1
7756;147;175;180;land;true;plains;1
7757;182;78;50;land;false;plains;1
7758;234;250;41;land;false;plains;1
7759;130;84;26;land;false;plains;1
7760;228;126;210;land;false;plains;1
7761;108;181;74;land;true;plains;1
7762;115;215;176;land;false;plains;1
7763;252;172;8;land;false;plains;1
7764;79;247;223;land;false;plains;1
7765;82;201;124;land;true;plains;1
7766;12;97;188;land;false;plains;1
7767;66;221;94;land;false;plains;1
7768;89;166;50;land;false;plains;1
7769;234;4;133;land;false;plains;1
7770;36;69;155;land;false;plains;1
7771;91;59;213;land;false;plains;1
7772;174;95;193;land;false;plains;1
7773;155;241;21;land;false;plains;1
7774;147;230;173;land;false;plains;1
7775;140;91;57;land;true;plains;1
7776;94;22;201;land;true;plains;1
7777;18;104;152;land;false;plains;1
7778;137;141;222;land;false;plains;1
7779;42;131;186;land;false;plains;1
7780;11;152;0;land;false;plains;1
7781;119;182;91;land;false;plains;1
7782;111;152;134;land;false;plains;1
7783;234;230;133;land;false;plains;1
7784;143;112;180;land;false;plains;1
7785;248;174;53;land;false;plains;1
7786;9;97;27;land;true;plains;1
7787;249;113;80;land;true;plains;1
7788;131;13;160;land;false;plains;1
7789;102;218;29;land;false;plains;1
7790;107;154;45;land;false;plains;1
7791;97;204;4;land;false;plains;1
7792;84;148;248;land;true;plains;1
7793;135;140;61;land;false;plains;1
7794;215;55;192;land;false;plains;1
7795;175;194;2;land;true;plains;1
7796;41;53;11;land;false;plains;1
7797;136;195;130;land;false;plains;1
7798;19;54;52;land;true;plains;1
7799;16;246;48;land;false;plains;1
7800;19;59;247;land;false;plains;1
7801;169;224;189;land;false;plains;1
7802;55;33;153;land;false;plains;1
7803;228;75;72;land;false;plains;1
7804;238;2;146;land;false;plains;1
7805;47;225;82;land;false;plains;1
7806;252;135;198;land;false;plains;1
7807;143;64;63;land;false;plains;1
7808;245;95;70;land;false;plains;1
7809;214;170;238;land;true;plains;1
7810;36;129;198;land;false;plains;1
7811;37;224;49;land;false;plains;1
7812;21;55;99;land;false;plains;1
7813;253;32;45;land;false;plains;1
7814;21;197;10;land;true;plains;1
7815;98;99;54;land;false;plains;1
7816;126;18;196;land;true;plains;1
7817;36;32;36;land;false;plains;1
7818;222;242;1;land;false;plains;1
7819;159;45;253;land;false;plains;1
7820;124;111;254;land;false;plains;1
7821;209;174;54;land;true;plains;1
7822;253;130;106;land;true;plains;1
7823;32;90;29;land;false;plains;1
7824;209;56;81;land;false;plains;1
7825;225;207;121;land;false;plains;1
7826;116;49;214;land;false;plains;1
7827;218;88;212;land;false;plains;1
7828;189;34;251;land;false;plains;1
7829;217;168;185;land;false;plains;1
7830;197;30;29;land;false;plains;1
7831;241;125;19;land;false;plains;1
7832;94;119;161;land;false;plains;1
7833;250;120;104;land;false;plains;1
7834;155;121;235;land;false;plains;1
7835;120;48;39;land;false;plains;1
7836;192;16;49;land;false;plains;1
7837;142;95;46;land;true;plains;1
7838;214;158;227;land;false;plains;1
7839;214;141;5;land;false;plains;1
7840;127;253;153;land;false;plains;1
7841;244;171;12;land;false;plains;1
7842;34;208;160;land;false;plains;1
7843;39;144;64;land;false;plains;1
7844;94;120;205;land;true;plains;1
7845;162;39;87;land;false;plains;1
7846;40;58;144;land;false;plains;1
7847;212;11;246;land;false;plains;1
7848;247;255;13;land;false;plains;1
7849;193;26;60;land;false;plains;1
7850;176;165;184;land;false;plains;1
7851;235;160;51;land;true;plains;1
7852;136;225;20;land;false;plains;1
7853;243;138;86;land;false;plains;1
7854;142;124;151;land;false;plains;1
7855;174;200;83;land;false;plains;1
7856;145;250;1;land;true;plains;1
7857;36;33;74;land;false;plains;1
7858;101;86;7;land;false;plains;1
7859;87;240;4;land;false;plains;1
7860;162;138;146;land;false;plains;1
7861;133;176;89;land;false;plains;1
7862;36;99;159;land;false;plains;1
7863;143;79;201;land;false;plains;1
7864;193;108;14;land;false;plains;1
7865;202;51;220;land;false;plains;1
7866;211;198;121;land;false;plains;1
7867;12;74;158;land;false;plains;1
7868;172;184;238;land;true;plains;1
7869;176;34;93;land;false;plains;1
7870;138;120;207;land;false;plains;1
7871;238;167;192;land;false;plains;1
7872;113;20;32;land;false;plains;1
7873;196;68;208;land;false;plains;1
7874;167;20;30;land;false;plains;1
7875;87;23;85;land;false;plains;1
7876;102;215;18;land;false;plains;1
7877;255;114;128;land;true;plains;1
7878;157;181;131;land;false;plains;1
7879;14;213;245;land;false;plains;1
7880;52;82;65;land;false;plains;1
7881;137;150;225;land;false;plains;1
7882;97;251;19;land;false;plains;1
7883;203;229;96;land;true;plains;1
7884;216;1;195;land;false;plains;1
7885;188;108;174;land;true;plains;1
7886;85;217;55;land;false;plains;1
7887;168;218;46;land;false;plains;1
7888;30;60;232;land;false;plains;1
7889;215;194;36;land;false;plains;1
7890;105;171;197;land;false;plains;1
7891;159;8;65;land;false;plains;1
7892;2;62;64;land;false;plains;1
7893;73;153;107;land;false;plains;1
7894;217;204;28;land;false;plains;1
7895;13;157;197;land;false;plains;1
7896;30;3;132;land;false;plains;1
7897;245;202;239;land;false;plains;1
7898;54;43;45;land;true;plains;1
7899;192;40;21;land;false;plains;1
7900;74;171;198;land;false;plains;1
7901;60;217;212;land;true;plains;1
7902;39;58;24;land;false;plains;1
7903;163;97;1;land;true;plains;1
7904;66;24;204;land;false;plains;1
7905;176;0;253;land;false;plains;1
7906;43;6;162;land;false;plains;1
7907;203;193;37;land;false;plains;1
7908;219;216;39;land;false;plains;1
7909;230;251;87;land;false;plains;1
7910;203;98;153;land;false;plains;1
7911;211;4;155;land;false;plains;1
7912;74;116;214;land;false;plains;1
7913;168;211;79;land;false;plains;1
7914;66;141;240;land;false;plains;1
7915;54;222;5;land;false;plains;1
7916;3;183;222;land;false;plains;1
7917;124;133;28;land;false;plains;1
7918;236;30;59;land;false;plains;1
7919;53;244;37;land;false;plains;1
7920;59;86;188;land;false;plains;1
7921;16;222;198;land;false;plains;1
7922;125;69;182;land;false;plains;1
7923;236;202;249;land;false;plains;1
7924;188;33;134;land;false;plains;1
7925;93;88;197;land;false;plains;1
7926;241;169;208;land;false;plains;1
7927;135;43;49;land;false;plains;1
7928;44;46;100;land;false;plains;1
7929;22;112;91;land;false;plains;1
7930;32;75;10;land;false;plains;1
7931;112;88;176;land;false;plains;1
7932;49;165;227;land;false;plains;1
7933;13;226;164;land;false;plains;1
7934;134;83;227;land;false;plains;1
7935;73;82;37;land;true;plains;1
7936;5;183;221;land;true;plains;1
7937;102;158;201;land;false;plains;1
7938;150;199;41;land;true;plains;1
7939;163;124;170;land;true;plains;1
7940;181;68;132;land;true;plains;1
7941;109;125;254;land;false;plains;1
7942;3;237;248;land;false;plains;1
7943;193;107;246;land;false;plains;1
7944;198;91;189;land;false;plains;1
7945;78;146;240;land;false;plains;1
7946;151;12;141;land;false;plains;1
7947;114;239;95;land;false;plains;1
7948;175;241;102;land;true;plains;1
7949;121;4;73;land;false;plains;1
7950;141;3;44;land;true;plains;1
7951;221;20;63;land;true;plains;1
7952;101;218;190;land;false;plains;1
7953;77;236;175;land;false;plains;1
7954;254;248;255;land;false;plains;1
7955;56;188;221;land;true;plains;1
7956;7;105;22;land;true;plains;1
7957;216;222;58;land;false;plains;1
7958;71;173;147;land;true;plains;1
7959;87;176;205;land;false;plains;1
7960;211;61;230;land;false;plains;1
7961;232;130;158;land;true;plains;1
7962;71;135;249;land;false;plains;1
7963;122;37;250;land;false;plains;1
7964;41;77;131;land;true;plains;1
7965;205;224;99;land;false;plains;1
7966;224;39;2;land;false;plains;1
7967;36;212;66;land;true;plains;1
7968;94;137;153;land;false;plains;1
7969;227;243;56;land;false;plains;1
7970;15;145;243;land;false;plains;1
7971;106;24;123;land;false;plains;1
7972;242;145;48;land;false;plains;1
7973;195;107;98;land;false;plains;1
7974;101;191;167;land;false;plains;1
7975;65;35;80;land;false;plains;1
7976;169;47;135;land;true;plains;1
7977;80;219;151;land;false;plains;1
7978;117;117;194;land;false;plains;1
7979;61;218;206;land;true;plains;1
7980;210;16;0;land;false;plains;1
7981;65;109;129;land;false;plains;1
7982;204;5;177;land;false;plains;1
7983;35;204;225;land;false;plains;1
7984;29;126;227;land;false;plains;1
7985;8;66;115;land;false;plains;1
7986;33;73;206;land;false;plains;1
7987;92;38;181;land;false;plains;1
7988;123;204;191;land;true;plains;1
7989;30;141;147;land;false;plains;1
7990;111;11;154;land;true;plains;1
7991;30;8;87;land;false;plains;1
7992;226;39;116;land;false;plains;1
7993;254;62;218;land;false;plains;1
7994;38;251;115;land;false;plains;1
7995;168;137;249;land;false;plains;1
7996;121;104;213;land;false;plains;1
7997;162;123;221;land;false;plains;1
7998;201;55;24;land;false;plains;1
7999;83;93;195;land;true;plains;1
8000;73;41;207;land;false;plains;1
8001;221;23;43;land;true;plains;1
8002;161;141;220;land;false;plains;1
8003;131;252;123;land;false;plains;1
8004;58;61;30;land;false;plains;1
8005;42;214;5;land;true;plains;1
8006;127;171;224;land;false;plains;1
8007;184;186;200;land;false;plains;1
8008;227;156;13;land;false;plains;1
8009;150;190;107;land;false;plains;1
8010;100;18;80;land;false;plains;1
8011;144;68;233;land;false;plains;1
8012;110;73;64;land;false;plains;1
8013;54;104;173;land;false;plains;1
8014;39;123;137;land;false;plains;1
8015;173;135;84;land;false;plains;1
8016;133;67;0;land;false;plains;1
8017;254;57;128;land;false;plains;1
8018;235;228;212;land;false;plains;1
8019;166;227;184;land;true;plains;1
8020;35;254;146;land;false;plains;1
8021;205;48;53;land;false;plains;1
8022;165;66;45;land;true;plains;1
8023;114;32;62;land;false;plains;1
8024;61;44;135;land;false;plains;1
8025;180;24;38;land;false;plains;1
8026;81;30;237;land;false;plains;1
8027;91;117;184;land;true;plains;1
8028;199;48;137;land;true;plains;1
8029;247;195;164;land;false;plains;1
8030;105;74;58;land;false;plains;1
8031;222;5;216;land;false;plains;1
8032;240;238;18;land;false;plains;1
8033;230;42;152;land;false;plains;1
8034;185;103;232;land;false;plains;1
8035;138;218;14;land;false;plains;1
8036;100;140;235;land;false;plains;1
8037;53;211;17;land;false;plains;1
8038;184;66;185;land;false;plains;1
8039;188;2;254;land;false;plains;1
8040;156;11;249;land;false;plains;1
8041;10;201;221;land;false;plains;1
8042;118;11;165;land;false;plains;1
8043;119;202;45;land;true;plains;1
8044;225;108;151;land;false;plains;1
8045;138;245;98;land;false;plains;1
8046;77;139;134;land;false;plains;1
8047;135;173;104;land;false;plains;1
8048;145;144;1;land;false;plains;1
8049;242;155;223;land;false;plains;1
8050;168;38;146;land;false;plains;1
8051;162;209;94;land;false;plains;1
8052;243;64;101;land;false;plains;1
8053;129;230;146;land;false;plains;1
8054;168;4;167;land;true;plains;1
8055;136;91;216;land;false;plains;1
8056;162;140;183;land;false;plains;1
8057;133;234;33;land;false;plains;1
8058;153;254;145;land;false;plains;1
8059;12;4;172;land;true;plains;1
8060;112;166;191;land;false;plains;1
8061;166;55;156;land;false;plains;1
8062;18;231;117;land;false;plains;1
8063;213;39;78;land;false;plains;1
8064;94;64;62;land;false;plains;1
8065;8;112;52;land;false;plains;1
8066;121;122;140;land;false;plains;1
8067;27;249;156;land;false;plains;1
8068;206;207;210;land;false;plains;1
8069;41;93;251;land;false;plains;1
8070;157;217;124;land;false;plains;1
8071;50;232;177;land;false;plains;1
8072;52;115;247;land;true;plains;1
8073;55;68;70;land;false;plains;1
8074;243;104;85;land;false;plains;1
8075;196;165;56;land;false;plains;1
8076;77;246;130;land;true;plains;1
8077;139;188;175;land;false;plains;1
8078;134;251;182;land;false;plains;1
8079;207;117;172;land;false;plains;1
8080;20;22;97;land;false;plains;1
8081;188;171;123;land;false;plains;1
8082;87;43;93;land;false;plains;1
8083;11;1;176;land;false;plains;1
8084;116;83;134;land;false;plains;1
8085;72;8;239;land;false;plains;1
8086;142;41;11;land;false;plains;1
8087;73;165;252;land;false;plains;1
8088;78;184;6;land;false;plains;1
8089;95;172;247;land;false;plains;1
8090;45;47;208;land;false;plains;1
8091;156;25;0;land;false;plains;1
8092;208;229;134;land;false;plains;1
8093;55;241;39;land;false;plains;1
8094;23;36;67;land;false;plains;1
8095;135;193;229;land;false;plains;1
8096;146;56;6;land;false;plains;1
8097;151;105;21;land;true;plains;1
8098;173;175;233;land;false;plains;1
8099;8;241;231;land;false;plains;1
8100;134;250;8;land;false;plains;1
8101;118;243;150;land;false;plains;1
8102;252;179;224;land;true;plains;1
8103;151;129;169;land;false;plains;1
8104;243;49;141;land;false;plains;1
8105;147;193;248;land;false;plains;1
8106;216;253;47;land;false;plains;1
8107;185;134;195;land;false;plains;1
8108;220;106;130;land;false;plains;1
8109;106;62;0;land;false;plains;1
8110;149;224;40;land;false;plains;1
8111;176;155;153;land;false;plains;1
8112;17;80;252;land;false;plains;1
8113;78;254;255;land;false;plains;1
8114;10;106;251;land;false;plains;1
8115;221;160;246;land;false;plains;1
8116;171;108;129;land;false;plains;1
8117;235;16;58;land;true;plains;1
8118;252;183;112;land;false;plains;1
8119;187;1;210;land;true;plains;1
8120;32;231;250;land;false;plains;1
8121;27;45;168;land;false;plains;1
8122;115;104;210;land;false;plains;1
8123;222;136;158;land;false;plains;1
8124;94;187;206;land;true;plains;1
8125;39;254;129;land;false;plains;1
8126;74;60;133;land;false;plains;1
8127;191;229;87;land;false;plains;1
8128;18;203;86;land;false;plains;1
8129;122;179;112;land;false;plains;1
8130;228;32;116;land;false;plains;1
8131;200;6;25;land;false;plains;1
8132;64;65;237;land;true;plains;1
8133;20;127;98;land;false;plains;1
8134;191;136;119;land;false;plains;1
8135;124;103;146;land;false;plains;1
8136;1;242;123;land;false;plains;1
8137;231;170;1;land;false;plains;1
8138;191;102;124;land;false;plains;1
8139;17;127;78;land;true;plains;1
8140;212;111;152;land;false;plains;1
8141;26;26;192;land;false;plains;1
8142;71;1;120;land;false;plains;1
8143;74;231;183;land;true;plains;1
8144;28;166;25;land;false;plains;1
8145;231;20;152;land;false;plains;1
8146;253;192;67;land;false;plains;1
8147;79;157;108;land;false;plains;1
8148;33;178;54;land;true;plains;1
8149;239;97;231;land;false;plains;1
8150;115;57;97;land;false;plains;1
8151;77;181;173;land;false;plains;1
8152;188;169;133;land;false;plains;1
8153;10;112;222;land;true;plains;1
8154;136;94;218;land;true;plains;1
8155;155;15;111;land;false;plains;1
8156;191;154;69;land;false;plains;1
8157;62;195;67;land;false;plains;1
8158;192;79;11;land;false;plains;1
8159;187;227;134;land;false;plains;1
8160;122;122;153;land;false;plains;1
8161;245;183;196;land;false;plains;1
8162;168;198;29;land;false;plains;1
8163;197;203;117;land;true;plains;1
8164;27;165;20;land;false;plains;1
8165;44;119;203;land;false;plains;1
8166;3;74;147;land;false;plains;1
8167;89;186;69;land;true;plains;1
8168;111;231;64;land;false;plains;1
8169;77;28;114;land;false;plains;1
8170;233;54;231;land;false;plains;1
8171;168;200;71;land;false;plains;1
8172;118;99;170;land;true;plains;1
8173;92;72;27;land;false;plains;1
8174;108;216;136;land;false;plains;1
8175;177;200;179;land;false;plains;1
8176;145;130;156;land;false;plains;1
8177;242;160;202;land;true;plains;1
8178;181;114;17;land;false;plains;1
8179;220;25;209;land;false;plains;1
8180;233;46;251;land;false;plains;1
8181;182;128;160;land;false;plains;1
8182;158;55;67;land;false;plains;1
8183;41;229;82;land;false;plains;1
8184;200;90;230;land;false;plains;1
8185;93;44;122;land;true;plains;1
8186;115;234;28;land;false;plains;1
8187;196;164;133;land;true;plains;1
8188;22;197;207;land;false;plains;1
8189;188;220;213;land;false;plains;1
8190;190;157;155;land;false;plains;1
8191;9;239;62;land;false;plains;1
8192;15;163;0;land;false;plains;1
8193;189;32;80;land;false;plains;1
8194;8;173;71;land;false;plains;1
8195;181;13;59;land;false;plains;1
8196;235;54;154;land;false;plains;1
8197;100;63;97;land;false;plains;1
8198;72;204;103;land;false;plains;1
8199;50;207;155;land;false;plains;1
8200;52;139;58;land;false;plains;1
8201;103;34;226;land;false;plains;1
8202;22;177;144;land;false;plains;1
8203;110;220;84;land;false;plains;1
8204;240;207;68;land;true;plains;1
8205;228;58;219;land;false;plains;1
8206;138;195;73;land;false;plains;1
8207;93;191;189;land;false;plains;1
8208;211;31;53;land;true;plains;1
8209;143;107;214;land;false;plains;1
8210;53;220;22;land;false;plains;1
8211;168;219;182;land;false;plains;1
8212;70;15;116;land;false;plains;1
8213;38;25;150;land;false;plains;1
8214;16;167;1;land;false;plains;1
8215;171;137;183;land;false;plains;1
8216;67;100;31;land;false;plains;1
8217;184;106;116;land;false;plains;1
8218;151;126;126;land;false;plains;1
8219;238;19;35;land;false;plains;1
8220;237;168;136;land;false;plains;1
8221;150;25;236;land;false;plains;1
8222;49;24;155;land;true;plains;1
8223;130;54;133;land;false;plains;1
8224;73;80;42;land;false;plains;1
8225;130;137;121;land;false;plains;1
8226;9;60;233;land;false;plains;1
8227;110;47;29;land;false;plains;1
8228;160;210;128;land;false;plains;1
8229;185;40;248;land;false;plains;1
8230;60;25;205;land;false;plains;1
8231;207;202;59;land;false;plains;1
8232;54;216;160;land;false;plains;1
8233;232;144;134;land;false;plains;1
8234;219;47;45;land;false;plains;1
8235;118;83;255;land;false;plains;1
8236;151;136;45;land;false;plains;1
8237;84;104;247;land;false;plains;1
8238;62;211;45;land;false;plains;1
8239;79;251;74;land;true;plains;1
8240;87;96;26;land;false;plains;1
8241;107;216;152;land;false;plains;1
8242;3;230;244;land;false;plains;1
8243;193;173;102;land;false;plains;1
8244;130;10;206;land;false;plains;1
8245;48;152;83;land;true;plains;1
8246;83;113;104;land;false;plains;1
8247;127;81;16;land;true;plains;1
8248;166;210;189;land;false;plains;1
8249;165;255;29;land;false;plains;1
8250;50;59;186;land;true;plains;1
8251;65;49;238;land;false;plains;1
8252;24;229;66;land;false;plains;1
8253;103;197;153;land;false;plains;1
8254;126;113;233;land;true;plains;1
8255;16;64;19;land;false;plains;1
8256;165;113;227;land;false;plains;1
8257;87;187;21;land;false;plains;1
8258;132;69;41;land;false;plains;1
8259;89;55;158;land;false;plains;1
8260;79;132;56;land;false;plains;1
8261;178;181;100;land;false;plains;1
8262;149;105;218;land;false;plains;1
8263;244;229;52;land;false;plains;1
8264;124;192;237;land;false;plains;1
8265;104;8;153;land;false;plains;1
8266;81;213;46;land;false;plains;1
8267;208;3;0;land;false;plains;1
8268;224;178;29;land;false;plains;1
8269;118;34;60;land;false;plains;1
8270;183;214;72;land;false;plains;1
8271;31;161;1;land;false;plains;1
8272;167;34;169;land;false;plains;1
8273;112;169;53;land;false;plains;1
8274;7;169;47;land;true;plains;1
8275;144;28;232;land;false;plains;1
8276;47;172;4;land;false;plains;1
8277;66;117;56;land;false;plains;1
8278;133;224;146;land;false;plains;1
8279;227;181;136;land;true;plains;1
8280;52;236;50;land;false;plains;1
8281;32;244;1;land;true;plains;1
8282;7;236;72;land;false;plains;1
8283;152;44;154;land;false;plains;1
8284;197;192;103;land;true;plains;1
8285;211;22;18;land;false;plains;1
8286;249;249;255;land;false;plains;1
8287;51;5;213;land;false;plains;1
8288;123;123;21;land;false;plains;1
8289;23;34;26;land;false;plains;1
8290;186;229;68;land;false;plains;1
8291;66;237;252;land;true;plains;1
8292;43;133;116;land;false;plains;1
8293;83;72;196;land;false;plains;1
8294;158;35;252;land;false;plains;1
8295;158;130;101;land;false;plains;1
8296;224;66;59;land;false;plains;1
8297;170;6;197;land;false;plains;1
8298;128;135;9;land;false;plains;1
8299;139;39;85;land;false;plains;1
8300;156;169;25;land;false;plains;1
8301;33;73;125;land;false;plains;1
8302;176;67;211;land;false;plains;1
8303;2;210;66;land;false;plains;1
8304;208;61;246;land;false;plains;1
8305;167;1;131;land;false;plains;1
8306;230;16;64;land;false;plains;1
8307;54;132;89;land;false;plains;1
8308;170;87;251;land;false;plains;1
8309;187;237;80;land;false;plains;1
8310;118;26;65;land;false;plains;1
8311;115;220;92;land;false;plains;1
8312;180;67;246;land;false;plains;1
8313;169;59;176;land;false;plains;1
8314;224;142;19;land;false;plains;1
8315;158;215;115;land;false;plains;1
8316;22;85;39;land;false;plains;1
8317;78;169;156;land;false;plains;1
8318;236;162;111;land;false;plains;1
8319;105;225;197;land;false;plains;1
8320;15;93;97;land;false;plains;1
8321;5;240;179;land;false;plains;1
8322;191;1;206;land;false;plains;1
8323;131;62;209;land;false;plains;1
8324;41;21;83;land;false;plains;1
8325;227;47;14;land;false;plains;1
8326;233;92;19;land;false;plains;1
8327;146;175;103;land;false;plains;1
8328;152;183;83;land;false;plains;1
8329;83;89;231;land;true;plains;1
8330;229;245;137;land;false;plains;1
8331;226;228;166;land;false;plains;1
8332;20;112;106;land;false;plains;1
8333;206;93;179;land;false;plains;1
8334;136;47;13;land;false;plains;1
8335;170;25;144;land;true;plains;1
8336;163;243;130;land;false;plains;1
8337;50;243;5;land;false;plains;1
8338;211;134;85;land;false;plains;1
8339;187;78;50;land;false;plains;1
8340;147;46;124;land;true;plains;1
8341;41;122;29;land;false;plains;1
8342;127;9;18;land;false;plains;1
8343;238;70;172;land;false;plains;1
8344;52;171;74;land;false;plains;1
8345;199;147;115;land;false;plains;1
8346;174;67;219;land;false;plains;1
8347;69;223;213;land;false;plains;1
8348;146;45;250;land;false;plains;1
8349;240;183;142;land;false;plains;1
8350;35;22;40;land;false;plains;1
8351;70;19;203;land;true;plains;1
8352;82;140;250;land;false;plains;1
8353;220;109;50;land;true;plains;1
8354;61;83;224;land;false;plains;1
8355;171;170;202;land;false;plains;1
8356;81;125;84;land;false;plains;1
8357;192;82;11;land;true;plains;1
8358;248;78;247;land;false;plains;1
8359;113;215;161;land;false;plains;1
8360;38;114;56;land;false;plains;1
8361;63;199;42;land;false;plains;1
8362;248;68;225;land;true;plains;1
8363;41;155;95;land;false;plains;1
8364;200;167;136;land;false;plains;1
8365;233;118;131;land;false;plains;1
8366;151;141;34;land;false;plains;1
8367;41;4;128;land;false;plains;1
8368;248;212;94;land;true;plains;1
8369;170;149;67;land;true;plains;1
8370;122;174;173;land;false;plains;1
8371;248;20;181;land;false;plains;1
8372;18;81;252;land;false;plains;1
8373;44;105;236;land;false;plains;1
8374;178;34;63;land;false;plains;1
8375;235;131;235;land;false;plains;1
8376;29;217;109;land;false;plains;1
8377;33;123;194;land;false;plains;1
8378;102;108;18;land;true;plains;1
8379;117;82;47;land;false;plains;1
8380;4;47;10;land;false;plains;1
8381;223;92;33;land;false;plains;1
8382;90;132;50;land;false;plains;1
8383;101;4;4;land;false;plains;1
8384;112;75;32;land;false;plains;1
8385;70;23;182;land;false;plains;1
8386;250;25;60;land;true;plains;1
8387;133;136;23;land;false;plains;1
8388;17;79;19;land;false;plains;1
8389;196;115;207;land;false;plains;1
8390;110;89;206;land;false;plains;1
8391;220;19;0;land;false;plains;1
8392;126;244;98;land;false;plains;1
8393;35;121;189;land;false;plains;1
8394;218;207;131;land;false;plains;1
8395;102;90;6;land;false;plains;1
8396;209;30;81;land;false;plains;1
8397;71;203;88;land;false;plains;1
8398;36;71;180;land;false;plains;1
8399;209;38;82;land;true;plains;1
8400;148;101;219;land;true;plains;1
8401;72;190;175;land;false;plains;1
8402;35;233;115;land;false;plains;1
8403;114;167;253;land;false;plains;1
8404;246;108;227;land;true;plains;1
8405;71;149;214;land;false;plains;1
8406;204;234;178;land;false;plains;1
8407;136;209;238;land;false;plains;1
8408;187;204;35;land;false;plains;1
8409;172;101;76;land;false;plains;1
8410;67;233;240;land;false;plains;1
8411;100;99;208;land;false;plains;1
8412;21;124;241;land;false;plains;1
8413;234;237;106;land;false;plains;1
8414;51;129;118;land;true;plains;1
8415;47;129;130;land;false;plains;1
8416;11;247;149;land;true;plains;1
8417;233;146;122;land;false;plains;1
8418;18;155;13;land;true;plains;1
8419;62;133;139;land;false;plains;1
8420;214;189;78;land;false;plains;1
8421;189;242;25;land;false;plains;1
8422;46;239;95;land;false;plains;1
8423;130;34;25;land;false;plains;1
8424;216;180;104;land;false;plains;1
8425;51;201;15;land;true;plains;1
8426;169;81;29;land;false;plains;1
8427;146;191;254;land;false;plains;1
8428;232;192;112;land;false;plains;1
8429;245;110;125;land;false;plains;1
8430;14;99;75;land;false;plains;1
8431;177;91;168;land;false;plains;1
8432;197;41;43;land;false;plains;1
8433;138;123;144;land;false;plains;1
8434;254;3;14;land;false;plains;1
8435;125;245;15;land;false;plains;1
8436;196;114;222;land;false;plains;1
8437;139;77;126;land;false;plains;1
8438;1;18;118;land;false;plains;1
8439;94;13;40;land;false;plains;1
8440;142;150;3;land;false;plains;1
8441;179;144;19;land;false;plains;1
8442;13;169;115;land;false;plains;1
8443;113;94;217;land;false;plains;1
8444;227;53;17;land;false;plains;1
8445;196;115;165;land;false;plains;1
8446;21;45;211;land;false;plains;1
8447;186;104;249;land;false;plains;1
8448;242;30;69;land;true;plains;1
8449;243;21;198;land;false;plains;1
8450;229;152;47;land;false;plains;1
8451;211;193;194;land;false;plains;1
8452;22;34;36;land;false;plains;1
8453;149;117;212;land;false;plains;1
8454;126;54;5;land;false;plains;1
8455;236;5;212;land;false;plains;1
8456;44;202;15;land;false;plains;1
8457;156;44;234;land;false;plains;1
8458;38;92;5;land;false;plains;1
8459;234;41;38;land;false;plains;1
8460;218;168;98;land;true;plains;1
8461;190;111;6;land;false;plains;1
8462;21;69;230;land;false;plains;1
8463;176;4;115;land;true;plains;1
8464;78;72;96;land;false;plains;1
8465;65;249;196;land;false;plains;1
8466;80;148;78;land;true;plains;1
8467;69;185;37;land;false;plains;1
8468;198;188;32;land;false;plains;1
8469;78;64;193;land;false;plains;1
8470;36;153;233;land;false;plains;1
8471;86;249;105;land;false;plains;1
8472;31;177;207;land;false;plains;1
8473;160;223;106;land;false;plains;1
8474;172;65;89;land;false;plains;1
8475;182;6;240;land;false;plains;1
8476;106;209;225;land;false;plains;1
8477;16;10;18;land;true;plains;1
8478;114;163;75;land;false;plains;1
8479;181;251;61;land;false;plains;1
8480;11;232;184;land;false;plains;1
8481;82;18;17;land;true;plains;1
8482;118;24;177;land;false;plains;1
8483;146;218;173;land;false;plains;1
8484;206;225;133;land;false;plains;1
8485;183;92;42;land;true;plains;1
8486;218;169;189;land;true;plains;1
8487;140;86;135;land;false;plains;1
8488;227;46;242;land;false;plains;1
8489;249;208;253;land;false;plains;1
8490;55;20;153;land;true;plains;1
8491;182;238;186;land;false;plains;1
8492;253;196;89;land;false;plains;1
8493;132;208;228;land;false;plains;1
8494;217;84;225;land;false;plains;1
8495;44;146;80;land;false;plains;1
8496;81;100;109;land;false;plains;1
8497;102;113;111;land;false;plains;1
8498;56;3;128;land;false;plains;1
8499;131;51;219;land;false;plains;1
8500;188;103;3;land;false;plains;1
8501;112;175;243;land;false;plains;1
8502;236;147;120;land;false;plains;1
8503;48;169;50;land;false;plains;1
8504;120;165;181;land;false;plains;1
8505;175;198;2;land;false;plains;1
8506;236;0;239;land;false;plains;1
8507;182;41;173;land;false;plains;1
8508;98;154;23;land;false;plains;1
8509;139;219;201;land;false;plains;1
8510;42;190;213;land;false;plains;1
8511;62;110;83;land;false;plains;1
8512;242;107;170;land;true;plains;1
8513;5;183;72;land;false;plains;1
8514;237;66;27;land;true;plains;1
8515;161;222;77;land;false;plains;1
8516;11;255;200;land;false;plains;1
8517;138;36;181;land;false;plains;1
8518;75;239;88;land;false;plains;1
8519;109;192;144;land;false;plains;1
8520;106;44;55;land;false;plains;1
8521;102;109;1;land;false;plains;1
8522;140;86;40;land;false;plains;1
8523;189;207;173;land;false;plains;1
8524;103;24;156;land;false;plains;1
8525;179;192;67;land;false;plains;1
8526;115;60;149;land;false;plains;1
8527;13;113;183;land;false;plains;1
8528;7;7;77;land;false;plains;1
8529;224;53;135;land;false;plains;1
8530;67;251;81;land;true;plains;1
8531;6;113;248;land;false;plains;1
8532;99;208;101;land;false;plains;1
8533;246;225;134;land;false;plains;1
8534;164;208;232;land;false;plains;1
8535;221;22;162;land;false;plains;1
8536;55;104;135;land;false;plains;1
8537;156;171;252;land;true;plains;1
8538;53;179;135;land;false;plains;1
8539;223;245;221;land;false;plains;1
8540;208;111;63;land;false;plains;1
8541;92;17;235;land;false;plains;1
8542;178;144;187;land;false;plains;1
8543;61;50;241;land;false;plains;1
8544;166;166;203;land;false;plains;1
8545;113;218;121;land;false;plains;1
8546;145;23;81;land;false;plains;1
8547;150;118;6;land;false;plains;1
8548;44;111;101;land;false;plains;1
8549;45;10;255;land;true;plains;1
8550;151;161;91;land;false;plains;1
8551;153;240;57;land;true;plains;1
8552;153;146;118;land;false;plains;1
8553;239;252;162;land;false;plains;1
8554;31;219;145;land;true;plains;1
8555;106;246;143;land;false;plains;1
8556;233;14;208;land;false;plains;1
8557;216;7;241;land;false;plains;1
8558;86;109;68;land;false;plains;1
8559;184;255;77;land;false;plains;1
8560;158;39;58;land;false;plains;1
8561;218;55;68;land;false;plains;1
8562;145;5;231;land;false;plains;1
8563;229;154;198;land;false;plains;1
8564;255;238;115;land;false;plains;1
8565;83;65;121;land;false;plains;1
8566;245;165;196;land;false;plains;1
8567;185;96;83;land;false;plains;1
8568;124;115;254;land;false;plains;1
8569;82;75;118;land;false;plains;1
8570;241;219;68;land;true;plains;1
8571;2;217;84;land;false;plains;1
8572;75;42;102;land;false;plains;1
8573;219;140;153;land;false;plains;1
8574;41;167;146;land;false;plains;1
8575;134;149;150;land;true;plains;1
8576;103;94;29;land;true;plains;1
8577;139;215;69;land;true;plains;1
8578;26;174;235;land;false;plains;1
8579;88;180;207;land;true;plains;1
8580;100;85;72;land;false;plains;1
8581;180;238;172;land;false;plains;1
8582;88;32;34;land;false;plains;1
8583;31;50;181;land;false;plains;1
8584;101;70;244;land;false;plains;1
8585;125;113;50;land;false;plains;1
8586;161;52;132;land;true;plains;1
8587;98;42;86;land;true;plains;1
8588;89;75;194;land;false;plains;1
8589;113;46;85;land;false;plains;1
8590;230;133;168;land;false;plains;1
8591;5;177;29;land;false;plains;1
8592;216;186;207;land;false;plains;1
8593;161;178;75;land;false;plains;1
8594;69;19;223;land;false;plains;1
8595;135;85;233;land;true;plains;1
8596;31;27;64;land;false;plains;1
8597;208;254;198;land;false;plains;1
8598;228;90;185;land;true;plains;1
8599;80;69;193;land;false;plains;1
8600;136;79;214;land;false;plains;1
8601;85;38;201;land;true;plains;1
8602;40;168;194;land;false;plains;1
8603;35;203;178;land;false;plains;1
8604;36;119;100;land;false;plains;1
8605;207;52;254;land;false;plains;1
8606;11;190;183;land;false;plains;1
8607;56;70;127;land;false;plains;1
8608;132;138;203;land;false;plains;1
8609;62;239;129;land;true;plains;1
8610;163;211;211;land;false;plains;1
8611;181;104;129;land;false;plains;1
8612;31;225;225;land;false;plains;1
8613;103;170;216;land;false;plains;1
8614;132;96;176;land;false;plains;1
8615;220;88;74;land;false;plains;1
8616;164;236;53;land;false;plains;1
8617;233;48;17;land;false;plains;1
8618;106;67;26;land;false;plains;1
8619;10;35;65;land;false;plains;1
8620;87;76;240;land;false;plains;1
8621;244;163;46;land;true;plains;1
8622;8;253;235;land;false;plains;1
8623;10;13;240;land;true;plains;1
8624;131;138;161;land;false;plains;1
8625;236;24;49;land;false;plains;1
8626;90;15;80;land;true;plains;1
8627;67;185;27;land;false;plains;1
8628;232;5;187;land;false;plains;1
8629;80;164;15;land;false;plains;1
8630;54;54;91;land;false;plains;1
8631;2;245;186;land;false;plains;1
8632;228;157;193;land;true;plains;1
8633;215;55;225;land;false;plains;1
8634;10;150;106;land;false;plains;1
8635;106;36;31;land;true;plains;1
8636;163;39;43;land;true;plains;1
8637;239;187;154;land;false;plains;1
8638;6;63;67;land;false;plains;1
8639;155;192;229;land;false;plains;1
8640;107;18;190;land;false;plains;1
8641;250;137;255;land;false;plains;1
8642;92;225;236;land;false;plains;1
8643;237;245;130;land;true;plains;1
8644;89;171;54;land;false;plains;1
8645;5;1;225;land;false;plains;1
8646;191;51;78;land;false;plains;1
8647;195;154;133;land;false;plains;1
8648;183;45;69;land;false;plains;1
8649;190;86;96;land;false;plains;1
8650;157;76;129;land;false;plains;1
8651;185;53;214;land;true;plains;1
8652;42;122;29;land;false;plains;1
8653;255;19;23;land;false;plains;1
8654;66;240;215;land;true;plains;1
8655;59;215;93;land;true;plains;1
8656;193;25;46;land;false;plains;1
8657;195;197;64;land;false;plains;1
8658;63;71;180;land;false;plains;1
8659;82;228;154;land;false;plains;1
8660;177;190;250;land;false;plains;1
8661;59;8;44;land;false;plains;1
8662;177;200;222;land;false;plains;1
8663;26;202;255;land;false;plains;1
8664;57;195;83;land;false;plains;1
8665;195;45;233;land;false;plains;1
8666;246;157;48;land;false;plains;1
8667;72;38;19;land;false;plains;1
8668;241;147;99;land;false;plains;1
8669;26;136;126;land;false;plains;1
8670;9;236;22;land;false;plains;1
8671;26;254;215;land;true;plains;1
8672;9;213;122;land;false;plains;1
8673;123;233;242;land;false;plains;1
8674;201;75;45;land;false;plains;1
8675;115;210;131;land;false;plains;1
8676;80;111;182;land;false;plains;1
8677;160;186;135;land;false;plains;1
8678;15;136;75;land;false;plains;1
8679;13;187;227;land;false;plains;1
8680;218;47;146;land;false;plains;1
8681;116;3;80;land;true;plains;1
8682;137;212;201;land;false;plains;1
8683;74;189;64;land;false;plains;1
8684;40;38;137;land;false;plains;1
8685;179;135;2;land;false;plains;1
8686;31;49;97;land;false;plains;1
8687;120;34;66;land;false;plains;1
8688;127;56;214;land;false;plains;1
8689;61;127;131;land;true;plains;1
8690;45;86;35;land;false;plains;1
8691;70;71;246;land;true;plains;1
8692;49;51;126;land;false;plains;1
8693;155;130;89;land;false;plains;1
8694;231;182;109;land;false;plains;1
8695;222;189;223;land;false;plains;1
8696;18;82;196;land;false;plains;1
8697;165;4;54;land;false;plains;1
8698;94;226;115;land;false;plains;1
8699;118;222;48;land;false;plains;1
8700;64;54;233;land;false;plains;1
8701;162;218;106;land;false;plains;1
8702;106;220;51;land;false;plains;1
8703;226;80;24;land;false;plains;1
8704;16;151;173;land;false;plains;1
8705;74;217;250;land;false;plains;1
8706;177;8;193;land;false;plains;1
8707;126;251;10;land;false;plains;1
8708;45;37;9;land;false;plains;1
8709;78;13;200;land;false;plains;1
8710;96;9;8;land;false;plains;1
8711;187;46;116;land;false;plains;1
8712;255;159;67;land;false;plains;1
8713;65;246;133;land;false;plains;1
8714;17;152;135;land;false;plains;1
8715;6;135;36;land;false;plains;1
8716;55;85;158;land;false;plains;1
8717;118;128;145;land;false;plains;1
8718;138;27;233;land;false;plains;1
8719;144;207;151;land;true;plains;1
8720;1;175;122;land;false;plains;1
8721;150;89;195;land;false;plains;1
8722;11;237;96;land;true;plains;1
8723;41;78;230;land;false;plains;1
8724;207;131;72;land;false;plains;1
8725;92;100;29;land;false;plains;1
8726;21;182;32;land;false;plains;1
8727;155;186;223;land;false;plains;1
8728;244;231;85;land;false;plains;1
8729;104;38;140;land;false;plains;1
8730;182;199;107;land;false;plains;1
8731;66;155;15;land;false;plains;1
8732;82;112;20;land;false;plains;1
8733;73;42;208;land;false;plains;1
8734;153;192;64;land;true;plains;1
8735;252;135;36;land;false;plains;1
8736;6;75;60;land;false;plains;1
8737;56;157;227;land;false;plains;1
8738;36;126;45;land;false;plains;1
8739;223;208;100;land;true;plains;1
8740;77;150;200;land;false;plains;1
8741;168;218;159;land;false;plains;1
8742;15;109;112;land;false;plains;1
8743;12;164;159;land;false;plains;1
8744;233;168;2;land;true;plains;1
8745;208;159;117;land;true;plains;1
8746;90;7;142;land;false;plains;1
8747;154;114;58;land;false;plains;1
8748;107;112;214;land;false;plains;1
8749;74;21;205;land;false;plains;1
8750;107;255;250;land;false;plains;1
8751;79;73;230;land;false;plains;1
8752;78;143;86;land;false;plains;1
8753;220;236;15;land;false;plains;1
8754;176;166;57;land;false;plains;1
8755;159;138;209;land;false;plains;1
8756;43;120;206;land;false;plains;1
8757;146;113;241;land;false;plains;1
8758;16;89;213;land;false;plains;1
8759;91;75;144;land;false;plains;1
8760;238;78;65;land;false;plains;1
8761;42;107;152;land;false;plains;1
8762;52;202;181;land;false;plains;1
8763;29;69;42;land;false;plains;1
8764;178;80;212;land;false;plains;1
8765;93;150;222;land;false;plains;1
8766;28;92;48;land;false;plains;1
8767;251;76;104;land;false;plains;1
8768;235;232;146;land;false;plains;1
8769;1;3;240;land;false;plains;1
8770;131;188;143;land;false;plains;1
8771;3;226;248;land;false;plains;1
8772;7;172;217;land;false;plains;1
8773;10;211;65;land;false;plains;1
8774;22;153;2;land;false;plains;1
8775;157;113;243;land;false;plains;1
8776;12;24;15;land;false;plains;1
8777;86;50;108;land;false;plains;1
8778;78;218;235;land;false;plains;1
8779;166;74;35;land;false;plains;1
8780;87;246;204;land;false;plains;1
8781;116;4;180;land;false;plains;1
8782;141;179;197;land;false;plains;1
8783;171;69;64;land;false;plains;1
8784;41;182;69;land;false;plains;1
8785;204;199;201;land;false;plains;1
8786;192;152;43;land;false;plains;1
8787;164;215;221;land;false;plains;1
8788;97;12;91;land;false;plains;1
8789;34;129;103;land;false;plains;1
8790;55;238;3;land;false;plains;1
8791;25;85;118;land;false;plains;1
8792;212;186;11;land;false;plains;1
8793;214;10;132;land;false;plains;1
8794;23;150;54;land;false;plains;1
8795;175;241;61;land;false;plains;1
8796;9;150;244;land;false;plains;1
8797;60;221;186;land;false;plains;1
8798;176;214;246;land;false;plains;1
8799;136;82;51;land;false;plains;1
8800;105;234;164;land;false;plains;1
8801;35;26;234;land;false;plains;1
8802;53;113;159;land;true;plains;1
8803;43;71;29;land;false;plains;1
8804;44;125;251;land;false;plains;1
8805;179;156;243;land;false;plains;1
8806;171;178;222;land;false;plains;1
8807;224;193;116;land;false;plains;1
8808;58;132;145;land;false;plains;1
8809;198;237;73;land;false;plains;1
8810;79;250;2;land;false;plains;1
8811;135;144;127;land;false;plains;1
8812;219;80;40;land;false;plains;1
8813;154;112;62;land;false;plains;1
8814;206;215;23;land;false;plains;1
8815;201;85;101;land;false;plains;1
8816;158;82;86;land;false;plains;1
8817;29;131;17;land;false;plains;1
8818;178;22;134;land;false;plains;1
8819;59;48;156;land;true;plains;1
8820;135;158;112;land;false;plains;1
8821;29;2;106;land;false;plains;1
8822;84;208;184;land;false;plains;1
8823;36;230;183;land;false;plains;1
8824;219;211;37;land;false;plains;1
8825;99;181;2;land;false;plains;1
8826;139;239;58;land;false;plains;1
8827;135;2;119;land;false;plains;1
8828;90;228;238;land;false;plains;1
8829;115;151;241;land;false;plains;1
8830;136;210;59;land;false;plains;1
8831;223;83;58;land;false;plains;1
8832;164;197;245;land;false;plains;1
8833;255;195;203;land;false;plains;1
8834;150;252;58;land;false;plains;1
8835;109;25;65;land;true;plains;1
8836;86;156;144;land;false;plains;1
8837;73;33;81;land;false;plains;1
8838;215;175;190;land;false;plains;1
8839;161;20;154;land;true;plains;1
8840;77;128;149;land;false;plains;1
8841;49;103;53;land;false;plains;1
8842;49;106;7;land;false;plains;1
8843;150;240;24;land;false;plains;1
8844;38;86;180;land;false;plains;1
8845;242;12;163;land;true;plains;1
8846;71;77;95;land;false;plains;1
8847;40;146;218;land;false;plains;1
8848;106;196;173;land;false;plains;1
8849;39;232;246;land;true;plains;1
8850;254;242;19;land;false;plains;1
8851;80;113;11;land;true;plains;1
8852;194;81;16;land;false;plains;1
8853;6;214;206;land;false;plains;1
8854;129;126;120;land;false;plains;1
8855;164;147;6;land;false;plains;1
8856;60;68;136;land;false;plains;1
8857;108;177;80;land;false;plains;1
8858;247;109;87;land;false;plains;1
8859;74;44;241;land;false;plains;1
8860;173;222;198;land;false;plains;1
8861;102;9;129;land;false;plains;1
8862;181;227;246;land;false;plains;1
8863;152;233;120;land;false;plains;1
8864;162;150;206;land;false;plains;1
8865;158;148;68;land;false;plains;1
8866;88;41;37;land;false;plains;1
8867;57;174;150;land;false;plains;1
8868;179;90;152;land;false;plains;1
8869;224;179;181;land;false;plains;1
8870;238;169;41;land;false;plains;1
8871;149;124;121;land;false;plains;1
8872;210;221;229;land;false;plains;1
8873;238;142;119;land;false;plains;1
8874;151;93;91;land;false;plains;1
8875;198;114;17;land;false;plains;1
8876;37;246;150;land;false;plains;1
8877;74;183;116;land;false;plains;1
8878;55;110;81;land;false;plains;1
8879;24;103;249;land;false;plains;1
8880;23;81;97;land;false;plains;1
8881;251;66;137;land;false;plains;1
8882;6;147;65;land;true;plains;1
8883;20;123;82;land;false;plains;1
8884;246;133;113;land;false;plains;1
8885;161;128;181;land;false;plains;1
8886;248;238;127;land;false;plains;1
8887;211;201;165;land;false;plains;1
8888;17;123;176;land;false;plains;1
8889;116;59;225;land;false;plains;1
8890;7;73;103;land;false;plains;1
8891;62;159;240;land;false;plains;1
8892;240;179;226;land;false;plains;1
8893;39;241;251;land;false;plains;1
8894;206;172;231;land;false;plains;1
8895;83;119;217;land;false;plains;1
8896;35;243;58;land;false;plains;1
8897;97;144;236;land;false;plains;1
8898;52;104;93;land;false;plains;1
8899;174;108;34;land;false;plains;1
8900;150;140;75;land;false;plains;1
8901;201;124;237;land;false;plains;1
8902;205;156;248;land;false;plains;1
8903;109;87;223;land;false;plains;1
8904;202;204;166;land;false;plains;1
8905;4;159;173;land;false;plains;1
8906;46;119;100;land;false;plains;1
8907;219;121;121;land;false;plains;1
8908;63;152;195;land;false;plains;1
8909;19;62;56;land;false;plains;1
8910;38;253;16;land;false;plains;1
8911;72;20;47;land;false;plains;1
8912;69;227;102;land;false;plains;1
8913;108;224;231;land;false;plains;1
8914;190;22;84;land;false;plains;1
8915;230;147;167;land;true;plains;1
8916;121;103;164;land;false;plains;1
8917;204;39;91;land;false;plains;1
8918;119;141;112;land;false;plains;1
8919;133;159;188;land;false;plains;1
8920;226;98;1;land;false;plains;1
8921;97;87;173;land;false;plains;1
8922;17;175;242;land;false;plains;1
8923;62;35;175;land;false;plains;1
8924;57;108;74;land;false;plains;1
8925;154;252;113;land;true;plains;1
8926;18;247;121;land;false;plains;1
8927;216;26;157;land;false;plains;1
8928;169;255;244;land;false;plains;1
8929;132;199;196;land;false;plains;1
8930;11;105;4;land;false;plains;1
8931;221;135;149;land;false;plains;1
8932;115;156;147;land;false;plains;1
8933;104;26;100;land;true;plains;1
8934;220;138;47;land;false;plains;1
8935;161;14;82;land;false;plains;1
8936;28;39;222;land;false;plains;1
8937;220;0;219;land;false;plains;1
8938;5;0;224;land;false;plains;1
8939;252;120;183;land;true;plains;1
8940;181;10;55;land;false;plains;1
8941;163;33;160;land;false;plains;1
8942;163;38;67;land;false;plains;1
8943;32;206;116;land;false;plains;1
8944;213;132;74;land;false;plains;1
8945;136;22;109;land;true;plains;1
8946;192;34;24;land;false;plains;1
8947;92;66;149;land;true;plains;1
8948;147;206;249;land;false;plains;1
8949;20;14;249;land;false;plains;1
8950;177;169;5;land;true;plains;1
8951;37;177;109;land;false;plains;1
8952;45;122;255;land;false;plains;1
8953;22;174;112;land;true;plains;1
8954;163;233;246;land;false;plains;1
8955;221;105;120;land;true;plains;1
8956;39;143;224;land;false;plains;1
8957;182;83;126;land;false;plains;1
8958;49;13;71;land;false;plains;1
8959;106;102;47;land;false;plains;1
8960;108;204;81;land;true;plains;1
8961;112;14;233;land;false;plains;1
8962;169;36;254;land;true;plains;1
8963;164;47;43;land;false;plains;1
8964;129;132;205;land;true;plains;1
8965;209;161;6;land;true;plains;1
8966;253;44;208;land;false;plains;1
8967;91;155;118;land;false;plains;1
8968;141;232;117;land;false;plains;1
8969;106;235;216;land;false;plains;1
8970;60;168;192;land;false;plains;1
8971;96;79;11;land;false;plains;1
8972;62;163;216;land;false;plains;1
8973;217;64;141;land;false;plains;1
8974;53;243;28;land;false;plains;1
8975;50;43;236;land;false;plains;1
8976;128;187;217;land;false;plains;1
8977;141;80;207;land;false;plains;1
8978;76;15;26;land;false;plains;1
8979;138;14;83;land;false;plains;1
8980;75;200;111;land;true;plains;1
8981;114;98;199;land;false;plains;1
8982;95;7;6;land;false;plains;1
8983;168;119;250;land;false;plains;1
8984;175;160;77;land;true;plains;1
8985;31;145;74;land;false;plains;1
8986;186;35;236;land;true;plains;1
8987;229;209;143;land;false;plains;1
8988;203;12;249;land;false;plains;1
8989;84;220;170;land;true;plains;1
8990;122;255;155;land;false;plains;1
8991;22;107;86;land;false;plains;1
8992;167;109;115;land;false;plains;1
8993;21;200;16;land;false;plains;1
8994;191;113;221;land;false;plains;1
8995;81;56;129;land;false;plains;1
8996;2;36;110;land;true;plains;1
8997;119;36;171;land;false;plains;1
8998;246;184;235;land;false;plains;1
8999;253;164;99;land;false;plains;1
9000;83;130;170;land;false;plains;1
9001;162;84;45;land;false;plains;1
9002;21;138;127;land;false;plains;1
9003;6;166;201;land;false;plains;1
9004;63;36;239;land;false;plains;1
9005;29;93;88;land;true;plains;1
9006;218;129;82;land;false;plains;1
9007;255;97;102;land;true;plains;1
9008;9;130;33;land;false;plains;1
9009;95;43;39;land;true;plains;1
9010;34;215;59;land;true;plains;1
9011;8;5;6;land;false;plains;1
9012;244;88;252;land;false;plains;1
9013;174;72;92;land;false;plains;1
9014;54;222;39;land;false;plains;1
9015;132;54;31;land;false;plains;1
9016;197;5;108;land;true;plains;1
9017;232;91;94;land;false;plains;1
9018;32;201;94;land;false;plains;1
9019;27;247;141;land;false;plains;1
9020;165;31;6;land;false;plains;1
9021;247;32;90;land;false;plains;1
9022;94;156;125;land;true;plains;1
9023;24;199;53;land;false;plains;1
9024;14;128;79;land;false;plains;1
9025;8;152;157;land;false;plains;1
9026;243;103;15;land;true;plains;1
9027;174;45;102;land;true;plains;1
9028;61;20;118;land;false;plains;1
9029;240;1;182;land;false;plains;1
9030;83;231;20;land;false;plains;1
9031;186;32;65;land;false;plains;1
9032;78;219;173;land;false;plains;1
9033;194;112;207;land;false;plains;1
9034;68;225;69;land;true;plains;1
9035;30;57;253;land;false;plains;1
9036;51;194;144;land;false;plains;1
9037;168;73;211;land;false;plains;1
9038;6;251;227;land;false;plains;1
9039;250;146;206;land;false;plains;1
9040;215;181;34;land;false;plains;1
9041;194;5;241;land;false;plains;1
9042;9;233;225;land;false;plains;1
9043;82;15;252;land;false;plains;1
9044;144;44;124;land;false;plains;1
9045;214;109;75;land;false;plains;1
9046;125;143;74;land;false;plains;1
9047;81;179;148;land;false;plains;1
9048;143;203;59;land;false;plains;1
9049;180;98;230;land;true;plains;1
9050;6;53;250;land;false;plains;1
9051;76;123;0;land;false;plains;1
9052;25;162;69;land;false;plains;1
9053;201;4;58;land;true;plains;1
9054;17;211;192;land;false;plains;1
9055;118;246;28;land;false;plains;1
9056;129;99;182;land;false;plains;1
9057;138;227;38;land;false;plains;1
9058;134;51;39;land;false;plains;1
9059;45;27;164;land;false;plains;1
9060;56;0;205;land;false;plains;1
9061;46;65;254;land;false;plains;1
9062;190;202;81;land;false;plains;1
9063;108;106;254;land;false;plains;1
9064;116;135;39;land;false;plains;1
9065;86;18;80;land;false;plains;1
9066;193;135;50;land;true;plains;1
9067;53;192;53;land;false;plains;1
9068;67;203;154;land;false;plains;1
9069;206;17;81;land;false;plains;1
9070;41;97;116;land;false;plains;1
9071;13;146;9;land;false;plains;1
9072;104;8;108;land;false;plains;1
9073;136;46;197;land;false;plains;1
9074;101;46;132;land;true;plains;1
9075;94;121;47;land;true;plains;1
9076;146;13;86;land;false;plains;1
9077;133;52;219;land;false;plains;1
9078;25;39;89;land;false;plains;1
9079;172;12;127;land;false;plains;1
9080;97;98;182;land;false;plains;1
9081;219;67;226;land;true;plains;1
9082;89;128;58;land;true;plains;1
9083;195;246;179;land;false;plains;1
9084;212;130;63;land;false;plains;1
9085;86;117;109;land;true;plains;1
9086;116;84;188;land;false;plains;1
9087;90;115;245;land;true;plains;1
9088;220;121;195;land;false;plains;1
9089;8;223;178;land;false;plains;1
9090;225;169;124;land;false;plains;1
9091;82;27;151;land;false;plains;1
9092;132;109;102;land;false;plains;1
9093;59;213;7;land;false;plains;1
9094;151;94;34;land;false;plains;1
9095;201;85;74;land;false;plains;1
9096;196;65;24;land;false;plains;1
9097;91;137;126;land;false;plains;1
9098;98;68;207;land;false;plains;1
9099;174;83;208;land;false;plains;1
9100;61;15;202;land;false;plains;1
9101;210;167;94;land;false;plains;1
9102;5;104;98;land;false;plains;1
9103;213;255;28;land;true;plains;1
9104;107;7;218;land;false;plains;1
9105;67;56;249;land;false;plains;1
9106;246;157;84;land;false;plains;1
9107;231;75;37;land;false;plains;1
9108;74;25;144;land;false;plains;1
9109;46;248;172;land;false;plains;1
9110;60;149;63;land;false;plains;1
9111;210;190;86;land;false;plains;1
9112;134;176;185;land;false;plains;1
9113;189;77;126;land;false;plains;1
9114;239;222;24;land;false;plains;1
9115;114;53;198;land;false;plains;1
9116;159;201;37;land;false;plains;1
9117;170;44;154;land;false;plains;1
9118;106;233;2;land;false;plains;1
9119;118;97;220;land;true;plains;1
9120;54;111;86;land;false;plains;1
9121;9;72;177;land;true;plains;1
9122;101;178;244;land;false;plains;1
9123;93;209;146;land;false;plains;1
9124;209;19;89;land;false;plains;1
9125;80;213;111;land;false;plains;1
9126;82;226;149;land;false;plains;1
9127;123;105;136;land;false;plains;1
9128;140;106;195;land;false;plains;1
9129;55;116;155;land;false;plains;1
9130;60;15;54;land;true;plains;1
9131;247;83;31;land;false;plains;1
9132;183;252;90;land;false;plains;1
9133;178;196;96;land;false;plains;1
9134;191;33;203;land;false;plains;1
9135;18;255;113;land;false;plains;1
9136;71;63;186;land;false;plains;1
9137;230;90;115;land;false;plains;1
9138;182;183;93;land;false;plains;1
9139;161;185;141;land;false;plains;1
9140;219;125;78;land;true;plains;1
9141;39;198;230;land;false;plains;1
9142;205;64;1;land;false;plains;1
9143;84;175;212;land;false;plains;1
9144;33;137;153;land;false;plains;1
9145;218;154;15;land;false;plains;1
9146;42;192;227;land;false;plains;1
9147;74;118;181;land;false;plains;1
9148;12;84;53;land;false;plains;1
9149;195;236;71;land;false;plains;1
9150;125;133;159;land;false;plains;1
9151;147;34;248;land;false;plains;1
9152;77;112;142;land;false;plains;1
9153;210;40;144;land;false;plains;1
9154;56;242;136;land;false;plains;1
9155;79;195;176;land;false;plains;1
9156;174;120;20;land;true;plains;1
9157;157;226;33;land;true;plains;1
9158;228;11;135;land;false;plains;1
9159;19;87;21;land;false;plains;1
9160;16;121;188;land;false;plains;1
9161;117;41;175;land;true;plains;1
9162;68;248;59;land;false;plains;1
9163;71;185;115;land;false;plains;1
9164;51;183;7;land;false;plains;1
9165;215;20;54;land;false;plains;1
9166;36;252;127;land;false;plains;1
9167;226;179;207;land;false;plains;1
9168;158;148;255;land;false;plains;1
9169;226;183;39;land;false;plains;1
9170;145;165;126;land;false;plains;1
9171;203;171;198;land;true;plains;1
9172;166;13;214;land;false;plains;1
9173;10;249;13;land;false;plains;1
9174;225;125;0;land;false;plains;1
9175;119;158;28;land;false;plains;1
9176;90;1;148;land;false;plains;1
9177;109;44;69;land;false;plains;1
9178;234;88;14;land;true;plains;1
9179;122;35;218;land;false;plains;1
9180;178;105;232;land;false;plains;1
9181;153;60;106;land;false;plains;1
9182;24;194;34;land;false;plains;1
9183;135;94;8;land;false;plains;1
9184;193;232;207;land;true;plains;1
9185;109;174;196;land;false;plains;1
9186;83;232;20;land;false;plains;1
9187;216;113;141;land;false;plains;1
9188;114;9;36;land;false;plains;1
9189;77;157;235;land;false;plains;1
9190;39;200;184;land;false;plains;1
9191;93;50;136;land;false;plains;1
9192;74;18;190;land;false;plains;1
9193;208;61;174;land;false;plains;1
9194;78;5;213;land;false;plains;1
9195;54;228;150;land;false;plains;1
9196;189;173;96;land;false;plains;1
9197;169;226;106;land;false;plains;1
9198;136;205;66;land;false;plains;1
9199;169;111;22;land;false;plains;1
9200;141;115;219;land;false;plains;1
9201;211;46;232;land;false;plains;1
9202;71;175;128;land;false;plains;1
9203;32;10;34;land;false;plains;1
9204;228;59;221;land;false;plains;1
9205;72;133;198;land;false;plains;1
9206;17;99;189;land;false;plains;1
9207;60;22;91;land;false;plains;1
9208;80;53;244;land;false;plains;1
9209;145;46;55;land;false;plains;1
9210;130;226;185;land;false;plains;1
9211;37;61;115;land;true;plains;1
9212;196;170;115;land;false;plains;1
9213;132;242;173;land;false;plains;1
9214;13;153;230;land;false;plains;1
9215;25;22;109;land;false;plains;1
9216;192;134;49;land;false;plains;1
9217;8;154;105;land;false;plains;1
9218;58;254;253;land;false;plains;1
9219;21;98;4;land;true;plains;1
9220;255;163;32;land;false;plains;1
9221;33;16;15;land;false;plains;1
9222;127;41;144;land;true;plains;1
9223;241;189;91;land;false;plains;1
9224;57;71;42;land;false;plains;1
9225;22;44;161;land;true;plains;1
9226;216;69;205;land;false;plains;1
9227;114;192;230;land;false;plains;1
9228;178;134;253;land;false;plains;1
9229;111;199;70;land;false;plains;1
9230;78;98;39;land;false;plains;1
9231;93;41;27;land;false;plains;1
9232;200;220;150;land;false;plains;1
9233;217;6;169;land;false;plains;1
9234;44;189;147;land;false;plains;1
9235;192;11;15;land;false;plains;1
9236;77;81;90;land;false;plains;1
9237;198;140;81;land;false;plains;1
9238;18;214;0;land;false;plains;1
9239;247;119;5;land;false;plains;1
9240;76;101;115;land;false;plains;1
9241;25;35;22;land;false;plains;1
9242;135;13;10;land;true;plains;1
9243;42;235;66;land;false;plains;1
9244;235;41;44;land;true;plains;1
9245;8;238;229;land;false;plains;1
9246;84;123;225;land;false;plains;1
9247;227;133;26;land;false;plains;1
9248;140;163;146;land;false;plains;1
9249;86;212;246;land;false;plains;1
9250;192;165;193;land;false;plains;1
9251;90;82;248;land;false;plains;1
9252;250;8;108;land;true;plains;1
9253;166;245;85;land;true;plains;1
9254;249;148;135;land;false;plains;1
9255;220;182;76;land;true;plains;1
9256;41;63;204;land;false;plains;1
9257;191;110;142;land;true;plains;1
9258;204;21;158;land;false;plains;1
9259;120;139;106;land;false;plains;1
9260;184;182;5;land;false;plains;1
9261;210;45;21;land;false;plains;1
9262;2;205;215;land;false;plains;1
9263;187;247;132;land;false;plains;1
9264;154;4;238;land;false;plains;1
9265;87;19;184;land;false;plains;1
9266;134;227;107;land;false;plains;1
9267;26;52;135;land;false;plains;1
9268;2;253;15;land;false;plains;1
9269;43;240;118;land;false;plains;1
9270;107;171;195;land;false;plains;1
9271;189;118;219;land;false;plains;1
9272;190;103;106;land;true;plains;1
9273;6;11;142;land;false;plains;1
9274;154;87;93;land;false;plains;1
9275;220;17;51;land;false;plains;1
9276;152;102;87;land;false;plains;1
9277;37;183;17;land;false;plains;1
9278;222;45;111;land;false;plains;1
9279;111;87;202;land;true;plains;1
9280;174;137;183;land;true;plains;1
9281;16;199;42;land;false;plains;1
9282;222;124;185;land;true;plains;1
9283;115;161;128;land;false;plains;1
9284;93;163;168;land;false;plains;1
9285;220;209;123;land;false;plains;1
9286;127;225;110;land;false;plains;1
9287;187;164;97;land;false;plains;1
9288;182;117;50;land;false;plains;1
9289;68;158;81;land;false;plains;1
9290;96;47;74;land;false;plains;1
9291;75;94;160;land;false;plains;1
9292;184;226;125;land;false;plains;1
9293;210;198;132;land;false;plains;1
9294;34;146;101;land;false;plains;1
9295;211;70;216;land;true;plains;1
9296;155;246;136;land;false;plains;1
9297;141;87;136;land;false;plains;1
9298;108;43;225;land;true;plains;1
9299;22;74;192;land;false;plains;1
9300;248;51;118;land;false;plains;1
9301;137;127;119;land;false;plains;1
9302;84;105;255;land;false;plains;1
9303;85;243;148;land;false;plains;1
9304;109;180;5;land;false;plains;1
9305;116;240;70;land;false;plains;1
9306;82;163;56;land;false;plains;1
9307;21;8;152;land;false;plains;1
9308;183;77;45;land;false;plains;1
9309;209;79;19;land;false;plains;1
9310;173;55;204;land;false;plains;1
9311;122;228;245;land;true;plains;1
9312;31;254;128;land;false;plains;1
9313;11;98;180;land;false;plains;1
9314;191;83;176;land;false;plains;1
9315;220;217;173;land;false;plains;1
9316;190;64;66;land;false;plains;1
9317;23;222;145;land;false;plains;1
9318;59;14;43;land;false;plains;1
9319;39;137;155;land;false;plains;1
9320;99;75;139;land;false;plains;1
9321;108;88;82;land;true;plains;1
9322;162;85;98;land;false;plains;1
9323;189;216;230;land;false;plains;1
9324;252;182;41;land;false;plains;1
9325;100;78;65;land;false;plains;1
9326;112;101;37;land;false;plains;1
9327;60;255;70;land;false;plains;1
9328;172;201;188;land;false;plains;1
9329;139;71;135;land;true;plains;1
9330;246;227;79;land;false;plains;1
9331;76;234;62;land;false;plains;1
9332;224;32;48;land;false;plains;1
9333;188;105;157;land;false;plains;1
9334;56;20;162;land;false;plains;1
9335;92;57;68;land;false;plains;1
9336;105;142;166;land;false;plains;1
9337;150;84;79;land;false;plains;1
9338;33;10;175;land;false;plains;1
9339;95;126;44;land;false;plains;1
9340;232;88;214;land;false;plains;1
9341;65;155;108;land;false;plains;1
9342;189;83;227;land;false;plains;1
9343;96;156;191;land;false;plains;1
9344;201;156;91;land;false;plains;1
9345;83;48;146;land;false;plains;1
9346;179;226;232;land;false;plains;1
9347;160;133;180;land;false;plains;1
9348;152;142;35;land;false;plains;1
9349;192;22;143;land;false;plains;1
9350;238;224;148;land;true;plains;1
9351;99;96;119;land;false;plains;1
9352;147;252;1;land;false;plains;1
9353;51;3;9;land;false;plains;1
9354;89;206;84;land;false;plains;1
9355;217;4;77;land;false;plains;1
9356;17;239;92;land;false;plains;1
9357;129;130;114;land;false;plains;1
9358;163;180;123;land;false;plains;1
9359;60;107;144;land;false;plains;1
9360;238;167;29;land;false;plains;1
9361;137;183;173;land;false;plains;1
9362;137;43;157;land;false;plains;1
9363;110;238;192;land;false;plains;1
9364;17;173;225;land;true;plains;1
9365;192;37;195;land;false;plains;1
9366;224;221;128;land;false;plains;1
9367;238;24;26;land;false;plains;1
9368;223;230;249;land;false;plains;1
9369;182;89;221;land;false;plains;1
9370;167;52;135;land;false;plains;1
9371;62;249;10;land;false;plains;1
9372;245;46;251;land;false;plains;1
9373;118;115;158;land;false;plains;1
9374;228;196;6;land;true;plains;1
9375;103;202;30;land;false;plains;1
9376;37;185;236;land;false;plains;1
9377;79;56;78;land;false;plains;1
9378;149;211;231;land;false;plains;1
9379;250;166;50;land;false;plains;1
9380;46;197;150;land;true;plains;1
9381;94;122;55;land;false;plains;1
9382;238;96;78;land;false;plains;1
9383;249;156;57;land;false;plains;1
9384;93;32;83;land;true;plains;1
9385;105;104;247;land;false;plains;1
9386;212;137;39;land;false;plains;1
9387;200;157;81;land;false;plains;1
9388;28;225;114;land;false;plains;1
9389;56;169;175;land;false;plains;1
9390;31;110;47;land;false;plains;1
9391;179;13;68;land;false;plains;1
9392;26;179;66;land;false;plains;1
9393;160;185;130;land;false;plains;1
9394;56;181;29;land;false;plains;1
9395;89;221;26;land;false;plains;1
9396;88;88;215;land;false;plains;1
9397;53;62;108;land;false;plains;1
9398;81;27;250;land;false;plains;1
9399;180;252;184;land;false;plains;1
9400;15;123;111;land;false;plains;1
9401;166;87;102;land;false;plains;1
9402;166;81;132;land;false;plains;1
9403;179;86;151;land;false;plains;1
9404;97;125;98;land;false;plains;1
9405;192;99;231;land;true;plains;1
9406;23;88;232;land;false;plains;1
9407;12;54;159;land;false;plains;1
9408;59;235;176;land;false;plains;1
9409;246;146;175;land;false;plains;1
9410;151;102;191;land;false;plains;1
9411;232;32;176;land;false;plains;1
9412;112;248;95;land;false;plains;1
9413;30;203;240;land;true;plains;1
9414;20;179;14;land;false;plains;1
9415;192;140;89;land;false;plains;1
9416;125;206;91;land;true;plains;1
9417;194;241;247;land;false;plains;1
9418;117;40;119;land;false;plains;1
9419;240;247;49;land;false;plains;1
9420;2;166;58;land;false;plains;1
9421;22;37;107;land;false;plains;1
9422;44;146;43;land;false;plains;1
9423;219;168;58;land;true;plains;1
9424;85;26;17;land;false;plains;1
9425;86;36;123;land;false;plains;1
9426;79;230;1;land;false;plains;1
9427;110;49;185;land;false;plains;1
9428;33;234;9;land;false;plains;1
9429;45;173;69;land;false;plains;1
9430;232;75;148;land;false;plains;1
9431;116;72;29;land;false;plains;1
9432;139;34;103;land;true;plains;1
9433;41;104;197;land;false;plains;1
9434;76;241;83;land;false;plains;1
9435;130;179;202;land;false;plains;1
9436;227;42;254;land;false;plains;1
9437;44;208;216;land;false;plains;1
9438;160;6;245;land;false;plains;1
9439;136;210;181;land;false;plains;1
9440;63;17;66;land;false;plains;1
9441;11;86;226;land;false;plains;1
9442;97;161;15;land;false;plains;1
9443;46;159;29;land;false;plains;1
9444;183;242;164;land;false;plains;1
9445;210;205;251;land;false;plains;1
9446;49;75;156;land;false;plains;1
9447;30;69;46;land;false;plains;1
9448;166;126;83;land;false;plains;1
9449;15;35;189;land;false;plains;1
9450;179;104;43;land;false;plains;1
9451;135;104;126;land;false;plains;1
9452;4;60;77;land;true;plains;1
9453;102;64;233;land;false;plains;1
9454;57;117;144;land;false;plains;1
9455;82;173;183;land;false;plains;1
9456;252;20;41;land;true;plains;1
9457;178;212;120;land;false;plains;1
9458;18;79;159;land;false;plains;1
9459;25;120;60;land;false;plains;1
9460;138;105;144;land;false;plains;1
9461;253;196;39;land;false;plains;1
9462;243;251;190;land;true;plains;1
9463;112;66;169;land;false;plains;1
9464;140;185;168;land;false;plains;1
9465;218;95;171;land;false;plains;1
9466;232;140;185;land;false;plains;1
9467;70;155;166;land;false;plains;1
9468;32;254;89;land;true;plains;1
9469;35;58;235;land;false;plains;1
9470;228;95;72;land;false;plains;1
9471;113;103;209;land;true;plains;1
9472;220;141;134;land;true;plains;1
9473;252;77;41;land;false;plains;1
9474;209;10;136;land;false;plains;1
9475;98;109;229;land;false;plains;1
9476;78;155;121;land;false;plains;1
9477;167;125;6;land;true;plains;1
9478;76;143;73;land;true;plains;1
9479;46;252;87;land;false;plains;1
9480;248;213;69;land;false;plains;1
9481;45;169;128;land;false;plains;1
9482;222;102;119;land;false;plains;1
9483;239;222;20;land;false;plains;1
9484;223;230;177;land;false;plains;1
9485;114;97;123;land;false;plains;1
9486;27;178;238;land;false;plains;1
9487;84;160;201;land;false;plains;1
9488;250;71;141;land;false;plains;1
9489;234;113;133;land;false;plains;1
9490;30;201;206;land;false;plains;1
9491;73;236;219;land;false;plains;1
9492;150;253;16;land;false;plains;1
9493;100;17;250;land;false;plains;1
9494;188;105;25;land;false;plains;1
9495;226;230;34;land;false;plains;1
9496;2;132;126;land;false;plains;1
9497;47;14;97;land;false;plains;1
9498;160;172;126;land;true;plains;1
9499;132;29;174;land;false;plains;1
9500;5;238;99;land;false;plains;1
9501;224;16;25;land;false;plains;1
9502;169;38;2;land;false;plains;1
9503;54;19;197;land;false;plains;1
9504;246;30;203;land;false;plains;1
9505;243;211;85;land;false;plains;1
9506;224;10;193;land;false;plains;1
9507;162;241;126;land;false;plains;1
9508;192;24;78;land;false;plains;1
9509;249;23;148;land;false;plains;1
9510;230;205;98;land;true;plains;1
9511;107;117;187;land;false;plains;1
9512;169;226;244;land;false;plains;1
9513;244;183;198;land;false;plains;1
9514;73;121;198;land;false;plains;1
9515;175;45;112;land;false;plains;1
9516;115;172;157;land;false;plains;1
9517;223;13;90;land;false;plains;1
9518;237;32;159;land;false;plains;1
9519;107;205;115;land;true;plains;1
9520;89;44;33;land;false;plains;1
9521;116;214;157;land;false;plains;1
9522;7;144;108;land;false;plains;1
9523;158;25;67;land;false;plains;1
9524;58;229;103;land;false;plains;1
9525;49;153;92;land;false;plains;1
9526;130;105;39;land;false;plains;1
9527;249;52;72;land;false;plains;1
9528;253;26;226;land;false;plains;1
9529;157;11;178;land;false;plains;1
9530;106;29;122;land;false;plains;1
9531;54;171;44;land;false;plains;1
9532;134;174;65;land;false;plains;1
9533;56;46;120;land;false;plains;1
9534;117;50;146;land;false;plains;1
9535;183;126;109;land;false;plains;1
9536;32;52;180;land;false;plains;1
9537;121;155;66;land;false;plains;1
9538;46;186;1;land;false;plains;1
9539;117;18;138;land;false;plains;1
9540;244;18;200;land;true;plains;1
9541;167;213;107;land;false;plains;1
9542;31;47;48;land;false;plains;1
9543;15;101;75;land;false;plains;1
9544;83;206;177;land;false;plains;1
9545;242;245;27;land;false;plains;1
9546;176;41;12;land;false;plains;1
9547;97;239;35;land;false;plains;1
9548;1;216;23;land;false;plains;1
9549;74;47;0;land;false;plains;1
9550;154;169;47;land;false;plains;1
9551;109;22;210;land;false;plains;1
9552;125;27;95;land;false;plains;1
9553;64;107;189;land;false;plains;1
9554;56;126;99;land;false;plains;1
9555;242;215;36;land;false;plains;1
9556;22;23;89;land;false;plains;1
9557;188;204;20;land;false;plains;1
9558;172;30;94;land;false;plains;1
9559;91;75;10;land;true;plains;1
9560;167;157;88;land;false;plains;1
9561;1;125;43;land;false;plains;1
9562;155;130;16;land;true;plains;1
9563;241;89;6;land;false;plains;1
9564;145;7;225;land;false;plains;1
9565;201;219;218;land;false;plains;1
9566;91;188;150;land;false;plains;1
9567;244;5;113;land;false;plains;1
9568;190;191;1;land;false;plains;1
9569;103;254;157;land;false;plains;1
9570;91;166;0;land;false;plains;1
9571;8;104;253;land;false;plains;1
9572;141;234;137;land;false;plains;1
9573;224;220;86;land;false;plains;1
9574;74;218;199;land;false;plains;1
9575;98;70;113;land;false;plains;1
9576;185;192;251;land;false;plains;1
9577;166;61;125;land;false;plains;1
9578;27;88;244;land;false;plains;1
9579;212;14;32;land;false;plains;1
9580;237;59;224;land;false;plains;1
9581;30;140;90;land;true;plains;1
9582;252;212;247;land;false;plains;1
9583;94;167;67;land;true;plains;1
9584;201;48;155;land;false;plains;1
9585;121;69;40;land;false;plains;1
9586;229;216;50;land;false;plains;1
9587;181;59;121;land;false;plains;1
9588;182;174;255;land;false;plains;1
9589;253;33;57;land;true;plains;1
9590;209;151;2;land;false;plains;1
9591;118;198;255;land;false;plains;1
9592;231;15;102;land;false;plains;1
9593;204;63;25;land;false;plains;1
9594;205;177;213;land;false;plains;1
9595;6;166;129;land;false;plains;1
9596;42;137;156;land;false;plains;1
9597;239;164;250;land;false;plains;1
9598;207;249;110;land;false;plains;1
9599;135;228;52;land;true;plains;1
9600;160;114;139;land;false;plains;1
9601;90;38;132;land;false;plains;1
9602;169;192;112;land;false;plains;1
9603;12;157;29;land;false;plains;1
9604;110;190;12;land;false;plains;1
9605;73;95;206;land;false;plains;1
9606;83;20;250;land;false;plains;1
9607;238;214;95;land;false;plains;1
9608;23;51;10;land;false;plains;1
9609;188;102;7;land;true;plains;1
9610;255;205;175;land;true;plains;1
9611;153;39;153;land;false;plains;1
9612;204;195;229;land;false;plains;1
9613;129;103;149;land;false;plains;1
9614;61;105;99;land;false;plains;1
9615;95;3;116;land;false;plains;1
9616;120;179;44;land;true;plains;1
9617;21;22;152;land;false;plains;1
9618;119;87;2;land;false;plains;1
9619;124;28;214;land;false;plains;1
9620;113;61;90;land;false;plains;1
9621;145;37;27;land;false;plains;1
9622;130;56;132;land;false;plains;1
9623;158;80;148;land;true;plains;1
9624;41;91;159;land;false;plains;1
9625;118;177;20;land;false;plains;1
9626;155;90;160;land;false;plains;1
9627;66;230;86;land;false;plains;1
9628;245;16;147;land;false;plains;1
9629;45;33;30;land;false;plains;1
9630;212;220;168;land;false;plains;1
9631;73;8;166;land;false;plains;1
9632;155;115;131;land;false;plains;1
9633;11;61;103;land;false;plains;1
9634;45;180;59;land;true;plains;1
9635;107;182;171;land;false;plains;1
9636;99;66;250;land;true;plains;1
9637;201;60;79;land;false;plains;1
9638;49;89;188;land;false;plains;1
9639;66;13;125;land;false;plains;1
9640;32;29;201;land;true;plains;1
9641;105;94;152;land;false;plains;1
9642;6;107;39;land;false;plains;1
9643;194;86;24;land;false;plains;1
9644;236;143;241;land;false;plains;1
9645;165;191;103;land;false;plains;1
9646;147;249;92;land;false;plains;1
9647;26;74;163;land;false;plains;1
9648;109;145;168;land;false;plains;1
9649;207;125;122;land;false;plains;1
9650;156;119;175;land;false;plains;1
9651;211;0;167;land;false;plains;1
9652;131;22;250;land;false;plains;1
9653;25;103;62;land;true;plains;1
9654;57;131;176;land;false;plains;1
9655;89;126;247;land;false;plains;1
9656;162;47;153;land;false;plains;1
9657;80;122;60;land;false;plains;1
9658;172;77;168;land;false;plains;1
9659;143;37;174;land;false;plains;1
9660;164;21;138;land;true;plains;1
9661;172;24;209;land;false;plains;1
9662;98;1;64;land;false;plains;1
9663;40;210;181;land;false;plains;1
9664;5;173;208;land;false;plains;1
9665;147;91;123;land;false;plains;1
9666;167;54;75;land;false;plains;1
9667;98;137;106;land;false;plains;1
9668;210;86;222;land;false;plains;1
9669;68;181;221;land;false;plains;1
9670;45;30;176;land;false;plains;1
9671;193;56;121;land;false;plains;1
9672;9;18;17;land;false;plains;1
9673;98;84;198;land;false;plains;1
9674;76;163;196;land;false;plains;1
9675;69;8;27;land;false;plains;1
9676;223;49;233;land;false;plains;1
9677;212;94;3;land;false;plains;1
9678;220;58;245;land;false;plains;1
9679;33;212;221;land;false;plains;1
9680;235;249;176;land;false;plains;1
9681;114;25;163;land;true;plains;1
9682;156;20;95;land;false;plains;1
9683;133;121;203;land;false;plains;1
9684;233;65;229;land;false;plains;1
9685;1;250;246;land;false;plains;1
9686;153;40;243;land;true;plains;1
9687;41;61;48;land;false;plains;1
9688;86;175;183;land;false;plains;1
9689;110;144;16;land;false;plains;1
9690;147;134;136;land;false;plains;1
9691;80;235;74;land;false;plains;1
9692;147;119;237;land;false;plains;1
9693;102;54;78;land;false;plains;1
9694;81;212;30;land;false;plains;1
9695;115;133;113;land;false;plains;1
9696;245;46;70;land;false;plains;1
9697;137;28;193;land;false;plains;1
9698;104;215;172;land;false;plains;1
9699;144;176;9;land;false;plains;1
9700;182;78;48;land;false;plains;1
9701;47;233;54;land;false;plains;1
9702;174;180;24;land;false;plains;1
9703;163;155;22;land;false;plains;1
9704;45;3;50;land;false;plains;1
9705;23;122;249;land;false;plains;1
9706;57;152;129;land;true;plains;1
9707;173;58;141;land;false;plains;1
9708;78;191;64;land;false;plains;1
9709;50;47;44;land;false;plains;1
9710;35;92;9;land;true;plains;1
9711;216;159;191;land;false;plains;1
9712;49;85;54;land;false;plains;1
9713;145;103;254;land;false;plains;1
9714;234;105;220;land;true;plains;1
9715;16;206;13;land;false;plains;1
9716;85;127;113;land;true;plains;1
9717;63;35;16;land;false;plains;1
9718;193;197;92;land;false;plains;1
9719;92;30;185;land;false;plains;1
9720;23;39;50;land;false;plains;1
9721;245;2;212;land;false;plains;1
9722;69;143;173;land;true;plains;1
9723;186;255;125;land;false;plains;1
9724;213;210;40;land;false;plains;1
9725;106;28;244;land;false;plains;1
9726;2;206;150;land;false;plains;1
9727;105;233;22;land;false;plains;1
9728;203;55;134;land;false;plains;1
9729;87;51;146;land;false;plains;1
9730;54;245;192;land;false;plains;1
9731;192;247;24;land;false;plains;1
9732;233;144;203;land;false;plains;1
9733;31;153;235;land;true;plains;1
9734;153;143;103;land;false;plains;1
9735;156;108;184;land;false;plains;1
9736;180;223;34;land;false;plains;1
9737;254;83;198;land;false;plains;1
9738;228;12;114;land;false;plains;1
9739;204;148;228;land;false;plains;1
9740;204;182;130;land;false;plains;1
9741;6;223;77;land;false;plains;1
9742;198;158;245;land;false;plains;1
9743;187;107;198;land;false;plains;1
9744;79;154;168;land;false;plains;1
9745;115;173;36;land;false;plains;1
9746;165;131;50;land;false;plains;1
9747;142;86;161;land;false;plains;1
9748;190;227;180;land;false;plains;1
9749;53;40;165;land;false;plains;1
9750;199;84;104;land;false;plains;1
9751;247;44;230;land;false;plains;1
9752;151;45;26;land;false;plains;1
9753;5;27;89;land;false;plains;1
9754;44;100;72;land;false;plains;1
9755;72;171;215;land;false;plains;1
9756;113;246;187;land;false;plains;1
9757;255;0;77;land;false;plains;1
9758;214;59;61;land;true;plains;1
9759;200;129;226;land;false;plains;1
9760;86;142;6;land;true;plains;1
9761;232;129;165;land;false;plains;1
9762;227;95;72;land;true;plains;1
9763;191;236;167;land;false;plains;1
9764;124;104;60;land;false;plains;1
9765;85;69;93;land;false;plains;1
9766;24;215;1;land;false;plains;1
9767;82;122;189;land;false;plains;1
9768;8;65;81;land;false;plains;1
9769;79;93;48;land;false;plains;1
9770;120;111;160;land;false;plains;1
9771;85;179;94;land;false;plains;1
9772;82;190;218;land;false;plains;1
9773;125;194;6;land;false;plains;1
9774;212;76;184;land;false;plains;1
9775;60;232;29;land;false;plains;1
9776;38;249;49;land;false;plains;1
9777;225;219;182;land;false;plains;1
9778;121;59;58;land;false;plains;1
9779;10;171;78;land;true;plains;1
9780;55;176;200;land;false;plains;1
9781;41;32;218;land;false;plains;1
9782;215;199;244;land;false;plains;1
9783;68;98;24;land;false;plains;1
9784;173;8;253;land;false;plains;1
9785;127;139;83;land;false;plains;1
9786;239;26;50;land;false;plains;1
9787;134;22;190;land;false;plains;1
9788;154;120;245;land;false;plains;1
9789;131;89;97;land;false;plains;1
9790;121;56;42;land;false;plains;1
9791;21;121;145;land;false;plains;1
9792;133;187;77;land;false;plains;1
9793;58;64;232;land;false;plains;1
9794;15;94;156;land;false;plains;1
9795;239;190;128;land;false;plains;1
9796;176;101;24;land;false;plains;1
9797;13;19;35;land;false;plains;1
9798;87;34;49;land;false;plains;1
9799;100;227;217;land;false;plains;1
9800;236;197;56;land;false;plains;1
9801;21;175;133;land;false;plains;1
9802;55;249;84;land;false;plains;1
9803;245;16;209;land;false;plains;1
9804;154;181;196;land;false;plains;1
9805;95;50;212;land;false;plains;1
9806;121;148;129;land;false;plains;1
9807;12;49;95;land;false;plains;1
9808;28;17;50;land;false;plains;1
9809;245;31;168;land;true;plains;1
9810;149;244;137;land;false;plains;1
9811;207;214;69;land;false;plains;1
9812;11;142;165;land;false;plains;1
9813;194;114;239;land;false;plains;1
9814;118;161;210;land;false;plains;1
9815;101;255;180;land;false;plains;1
9816;103;43;95;land;false;plains;1
9817;11;185;250;land;true;plains;1
9818;50;125;142;land;false;plains;1
9819;202;140;80;land;true;plains;1
9820;37;124;196;land;false;plains;1
9821;25;212;199;land;false;plains;1
9822;77;235;233;land;true;plains;1
9823;105;97;24;land;false;plains;1
9824;123;98;155;land;false;plains;1
9825;245;255;213;land;false;plains;1
9826;173;248;217;land;true;plains;1
9827;198;144;227;land;false;plains;1
9828;92;206;149;land;false;plains;1
9829;232;11;199;land;false;plains;1
9830;6;101;144;land;true;plains;1
9831;149;63;45;land;false;plains;1
9832;192;222;200;land;false;plains;1
9833;206;22;142;land;false;plains;1
9834;54;211;140;land;true;plains;1
9835;98;34;114;land;false;plains;1
9836;125;118;244;land;false;plains;1
9837;112;245;116;land;true;plains;1
9838;228;211;222;land;false;plains;1
9839;233;120;84;land;false;plains;1
9840;89;137;93;land;false;plains;1
9841;98;75;254;land;true;plains;1
9842;25;114;170;land;false;plains;1
9843;191;71;98;land;false;plains;1
9844;201;160;135;land;false;plains;1
9845;44;145;87;land;false;plains;1
9846;106;48;162;land;false;plains;1
9847;187;194;63;land;false;plains;1
9848;250;167;160;land;false;plains;1
9849;252;114;84;land;false;plains;1
9850;52;131;200;land;false;plains;1
9851;89;167;179;land;false;plains;1
9852;101;162;210;land;false;plains;1
9853;202;120;9;land;true;plains;1
9854;26;135;71;land;false;plains;1
9855;52;115;104;land;false;plains;1
9856;76;200;123;land;false;plains;1
9857;56;215;39;land;false;plains;1
9858;108;240;1;land;false;plains;1
9859;55;98;226;land;false;plains;1
9860;58;251;95;land;true;plains;1
9861;125;228;68;land;true;plains;1
9862;133;218;235;land;false;plains;1
9863;74;255;179;land;false;plains;1
9864;102;211;216;land;false;plains;1
9865;23;215;69;land;false;plains;1
9866;45;149;220;land;false;plains;1
9867;96;124;4;land;false;plains;1
9868;79;34;244;land;false;plains;1
9869;234;168;206;land;true;plains;1
9870;19;200;184;land;false;plains;1
9871;50;237;172;land;false;plains;1
9872;45;121;145;land;false;plains;1
9873;123;99;29;land;false;plains;1
9874;34;62;223;land;false;plains;1
9875;24;23;126;land;false;plains;1
9876;155;118;26;land;false;plains;1
9877;203;99;50;land;false;plains;1
9878;166;68;87;land;false;plains;1
9879;6;64;54;land;false;plains;1
9880;111;130;74;land;true;plains;1
9881;59;239;231;land;false;plains;1
9882;220;82;232;land;false;plains;1
9883;78;73;131;land;false;plains;1
9884;143;135;118;land;false;plains;1
9885;39;90;99;land;false;plains;1
9886;46;59;75;land;false;plains;1
9887;23;207;30;land;false;plains;1
9888;141;183;180;land;false;plains;1
9889;5;63;28;land;false;plains;1
9890;82;171;200;land;false;plains;1
9891;30;199;116;land;false;plains;1
9892;75;107;171;land;false;plains;1
9893;4;162;12;land;false;plains;1
9894;88;103;191;land;false;plains;1
9895;104;106;239;land;true;plains;1
9896;174;67;209;land;false;plains;1
9897;90;197;92;land;false;plains;1
9898;92;149;134;land;false;plains;1
9899;188;36;173;land;false;plains;1
9900;121;117;7;land;false;plains;1
9901;138;224;111;land;true;plains;1
9902;62;214;30;land;false;plains;1
9903;153;191;39;land;false;plains;1
9904;51;218;119;land;true;plains;1
9905;38;223;225;land;false;plains;1
9906;14;3;167;land;false;plains;1
9907;238;186;120;land;false;plains;1
9908;154;79;179;land;false;plains;1
9909;112;11;79;land;false;plains;1
9910;134;73;245;land;false;plains;1
9911;93;82;184;land;false;plains;1
9912;147;5;252;land;false;plains;1
9913;124;234;236;land;true;plains;1
9914;91;22;81;land;false;plains;1
9915;231;238;113;land;true;plains;1
9916;52;249;36;land;true;plains;1
9917;158;116;58;land;false;plains;1
9918;87;22;126;land;false;plains;1
9919;54;30;12;land;false;plains;1
9920;103;50;225;land;false;plains;1
9921;202;44;22;land;false;plains;1
9922;67;4;46;land;true;plains;1
9923;52;84;253;land;false;plains;1
9924;50;154;1;land;false;plains;1
9925;233;73;9;land;false;plains;1
9926;237;231;159;land;false;plains;1
9927;214;217;107;land;false;plains;1
9928;191;204;50;land;false;plains;1
9929;72;73;26;land;false;plains;1
9930;156;99;198;land;false;plains;1
9931;26;67;212;land;false;plains;1
9932;99;70;216;land;false;plains;1
9933;47;132;52;land;false;plains;1
9934;107;41;213;land;false;plains;1
9935;99;27;104;land;false;plains;1
9936;117;87;201;land;true;plains;1
9937;148;254;77;land;false;plains;1
9938;52;117;44;land;false;plains;1
9939;157;206;6;land;false;plains;1
9940;111;71;249;land;false;plains;1
9941;22;204;212;land;false;plains;1
9942;205;113;240;land;false;plains;1
9943;23;91;215;land;false;plains;1
9944;235;38;153;land;false;plains;1
9945;107;69;95;land;false;plains;1
9946;227;129;249;land;false;plains;1
9947;142;39;175;land;false;plains;1
9948;11;39;157;land;false;plains;1
9949;70;224;169;land;false;plains;1
9950;8;40;100;land;false;plains;1
9951;181;207;233;land;false;plains;1
9952;161;47;136;land;true;plains;1
9953;254;118;6;land;true;plains;1
9954;237;194;120;land;false;plains;1
9955;253;66;255;land;false;plains;1
9956;49;117;130;land;false;plains;1
9957;13;204;173;land;false;plains;1
9958;179;166;122;land;false;plains;1
9959;53;223;145;land;false;plains;1
9960;135;135;131;land;false;plains;1
9961;142;157;112;land;false;plains;1
9962;25;190;138;land;false;plains;1
9963;138;23;226;land;false;plains;1
9964;225;4;74;land;false;plains;1
9965;206;75;20;land;false;plains;1
9966;192;90;39;land;false;plains;1
9967;152;159;121;land;false;plains;1
9968;194;216;218;land;false;plains;1
9969;126;173;234;land;false;plains;1
9970;27;136;175;land;false;plains;1
9971;185;8;75;land;false;plains;1
9972;71;173;91;land;false;plains;1
9973;5;81;186;land;false;plains;1
9974;13;42;40;land;false;plains;1
9975;144;22;98;land;false;plains;1
9976;8;18;156;land;false;plains;1
9977;134;174;184;land;false;plains;1
9978;29;84;10;land;false;plains;1
9979;221;188;84;land;false;plains;1
9980;141;215;171;land;false;plains;1
9981;183;203;116;land;false;plains;1
9982;117;152;25;land;true;plains;1
9983;61;205;167;land;false;plains;1
9984;23;7;137;land;false;plains;1
9985;156;171;35;land;true;plains;1
9986;158;183;183;land;false;plains;1
9987;82;126;134;land;false;plains;1
9988;113;143;156;land;false;plains;1
9989;70;74;53;land;false;plains;1
9990;104;66;21;land;false;plains;1
9991;168;21;130;land;false;plains;1
9992;91;119;12;land;false;plains;1
9993;57;194;131;land;false;plains;1
9994;31;55;49;land;false;plains;1
9995;140;140;226;land;false;plains;1
9996;180;128;80;land;false;plains;1
9997;252;204;20;land;false;plains;1
9998;50;178;250;land;false;plains;1
9999;67;200;195;land;false;plains;1
10000;186;244;114;land;false;plains;1
10001;53;217;89;land;true;plains;1
10002;218;246;252;land;false;plains;1
10003;93;83;234;land;false;plains;1
10004;131;237;100;land;false;plains;1
10005;110;188;108;land;false;plains;1
10006;246;47;105;land;false;plains;1
10007;32;109;117;land;false;plains;1
10008;240;71;232;land;false;plains;1
10009;23;189;161;land;true;plains;1
10010;193;207;26;land;false;plains;1
10011;218;100;171;land;false;plains;1
10012;84;148;229;land;false;plains;1
10013;121;80;215;land;true;plains;1
10014;26;51;96;land;false;plains;1
10015;75;140;52;land;false;plains;1
10016;254;245;182;land;false;plains;1
10017;222;211;233;land;false;plains;1
10018;209;89;22;land;false;plains;1
10019;186;150;47;land;false;plains;1
10020;46;186;90;land;false;plains;1
10021;38;214;229;land;false;plains;1
10022;177;18;81;land;false;plains;1
10023;22;63;11;land;false;plains;1
10024;231;227;13;land;false;plains;1
10025;171;71;175;land;false;plains;1
10026;134;134;77;land;false;plains;1
10027;30;80;80;land;false;plains;1
10028;72;111;193;land;false;plains;1
10029;171;85;117;land;false;plains;1
10030;36;138;81;land;true;plains;1
10031;220;123;77;land;false;plains;1
10032;60;72;226;land;false;plains;1
10033;38;202;112;land;true;plains;1
10034;255;107;0;land;false;plains;1
10035;233;186;89;land;false;plains;1
10036;167;130;125;land;false;plains;1
10037;78;34;136;land;false;plains;1
10038;113;130;118;land;false;plains;1
10039;62;35;160;land;false;plains;1
10040;15;209;211;land;false;plains;1
10041;79;200;219;land;false;plains;1
10042;11;191;62;land;false;plains;1
10043;230;198;64;land;false;plains;1
10044;126;237;238;land;false;plains;1
10045;192;225;25;land;false;plains;1
10046;53;255;127;land;false;plains;1
10047;250;148;243;land;false;plains;1
10048;76;175;139;land;false;plains;1
10049;185;51;8;land;true;plains;1
10050;102;217;29;land;false;plains;1
10051;83;222;166;land;false;plains;1
10052;166;180;53;land;false;plains;1
10053;244;197;84;land;false;plains;1
10054;15;202;93;land;false;plains;1
10055;119;6;188;land;false;plains;1
10056;131;131;5;land;false;plains;1
10057;237;95;106;land;false;plains;1
10058;82;164;53;land;false;plains;1
10059;49;209;199;land;false;plains;1
10060;77;81;193;land;false;plains;1
10061;233;123;47;land;false;plains;1
10062;119;59;99;land;false;plains;1
10063;112;68;251;land;false;plains;1
10064;110;108;143;land;false;plains;1
10065;218;192;116;land;false;plains;1
10066;242;190;161;land;false;plains;1
10067;41;105;89;land;false;plains;1
10068;172;127;39;land;false;plains;1
10069;28;226;72;land;false;plains;1
10070;22;201;140;land;false;plains;1
10071;231;196;249;land;false;plains;1
10072;40;208;13;land;false;plains;1
10073;173;160;121;land;false;plains;1
10074;147;102;6;land;false;plains;1
10075;87;43;48;land;false;plains;1
10076;82;142;248;land;false;plains;1
10077;111;242;1;land;false;plains;1
10078;234;64;91;land;false;plains;1
10079;246;7;4;land;false;plains;1
10080;135;203;82;land;false;plains;1
10081;98;97;100;land;false;plains;1
10082;206;38;249;land;false;plains;1
10083;125;1;187;land;false;plains;1
10084;247;7;83;land;false;plains;1
10085;200;104;133;land;true;plains;1
10086;236;148;56;land;false;plains;1
10087;255;198;0;land;false;plains;1
10088;122;193;161;land;false;plains;1
10089;155;11;254;land;false;plains;1
10090;43;40;53;land;false;plains;1
10091;101;207;76;land;false;plains;1
10092;211;129;93;land;false;plains;1
10093;36;183;255;land;true;plains;1
10094;205;179;171;land;false;plains;1
10095;106;141;180;land;false;plains;1
10096;196;255;233;land;false;plains;1
10097;135;60;184;land;true;plains;1
10098;250;189;27;land;false;plains;1
10099;78;194;82;land;false;plains;1
10100;225;120;174;land;false;plains;1
10101;118;234;176;land;false;plains;1
10102;83;202;126;land;false;plains;1
10103;98;127;152;land;true;plains;1
10104;215;122;91;land;false;plains;1
10105;166;143;45;land;true;plains;1
10106;127;3;78;land;false;plains;1
10107;4;162;66;land;true;plains;1
10108;56;32;68;land;false;plains;1
10109;229;24;197;land;false;plains;1
10110;135;129;132;land;false;plains;1
10111;14;146;42;land;false;plains;1
10112;75;206;220;land;false;plains;1
10113;97;77;134;land;false;plains;1
10114;126;59;217;land;false;plains;1
10115;248;151;123;land;false;plains;1
10116;35;179;151;land;false;plains;1
10117;47;219;9;land;false;plains;1
10118;74;97;181;land;false;plains;1
10119;205;203;25;land;false;plains;1
10120;230;220;235;land;false;plains;1
10121;139;24;185;land;false;plains;1
10122;248;103;102;land;false;plains;1
10123;176;190;88;land;false;plains;1
10124;248;23;88;land;false;plains;1
10125;220;55;186;land;false;plains;1
10126;244;150;33;land;false;plains;1
10127;15;43;99;land;false;plains;1
10128;173;54;5;land;false;plains;1
10129;119;81;101;land;false;plains;1
10130;97;132;138;land;false;plains;1
10131;167;129;44;land;false;plains;1
10132;158;224;230;land;false;plains;1
10133;39;200;140;land;false;plains;1
10134;206;221;36;land;false;plains;1
10135;51;196;75;land;false;plains;1
10136;51;10;61;land;false;plains;1
10137;196;110;181;land;true;plains;1
10138;101;178;241;land;false;plains;1
10139;74;25;112;land;false;plains;1
10140;181;130;216;land;false;plains;1
10141;120;94;31;land;false;plains;1
10142;203;151;137;land;true;plains;1
10143;102;157;185;land;false;plains;1
10144;90;103;181;land;true;plains;1
10145;178;228;32;land;false;plains;1
10146;149;43;239;land;false;plains;1
10147;63;126;85;land;false;plains;1
10148;10;240;59;land;false;plains;1
10149;93;104;54;land;false;plains;1
10150;120;24;119;land;false;plains;1
10151;78;83;192;land;false;plains;1
10152;14;219;193;land;false;plains;1
10153;200;231;82;land;false;plains;1
10154;32;3;73;land;false;plains;1
10155;52;143;226;land;false;plains;1
10156;68;229;20;land;false;plains;1
10157;147;49;66;land;false;plains;1
10158;167;172;110;land;false;plains;1
10159;232;2;117;land;false;plains;1
10160;170;74;100;land;false;plains;1
10161;50;190;122;land;false;plains;1
10162;82;232;70;land;false;plains;1
10163;69;102;71;land;false;plains;1
10164;12;150;91;land;false;plains;1
10165;132;142;255;land;false;plains;1
10166;55;221;17;land;false;plains;1
10167;194;51;33;land;true;plains;1
10168;25;179;168;land;false;plains;1
10169;118;100;105;land;false;plains;1
10170;49;6;60;land;false;plains;1
10171;175;172;214;land;false;plains;1
10172;84;247;136;land;false;plains;1
10173;92;80;89;land;false;plains;1
10174;251;145;109;land;false;plains;1
10175;60;225;182;land;true;plains;1
10176;201;1;156;land;false;plains;1
10177;112;149;115;land;false;plains;1
10178;26;111;205;land;false;plains;1
10179;104;30;232;land;false;plains;1
10180;48;250;121;land;false;plains;1
10181;108;214;82;land;false;plains;1
10182;204;41;228;land;false;plains;1
10183;37;249;97;land;false;plains;1
10184;167;90;189;land;false;plains;1
10185;187;233;26;land;false;plains;1
10186;221;146;210;land;false;plains;1
10187;108;214;250;land;false;plains;1
10188;21;32;40;land;true;plains;1
10189;243;138;172;land;false;plains;1
10190;7;128;255;land;false;plains;1
10191;69;146;249;land;false;plains;1
10192;104;157;183;land;true;plains;1
10193;222;26;123;land;false;plains;1
10194;150;55;110;land;false;plains;1
10195;182;19;206;land;false;plains;1
10196;204;200;12;land;false;plains;1
10197;208;103;237;land;false;plains;1
10198;147;196;160;land;false;plains;1
10199;229;55;251;land;true;plains;1
10200;250;33;21;land;false;plains;1
10201;209;211;21;land;true;plains;1
10202;91;42;197;land;false;plains;1
10203;186;112;64;land;false;plains;1
10204;201;10;185;land;false;plains;1
10205;173;213;119;land;false;plains;1
10206;170;7;21;land;false;plains;1
10207;106;136;131;land;false;plains;1
10208;142;229;40;land;false;plains;1
10209;158;137;211;land;false;plains;1
10210;104;122;207;land;false;plains;1
10211;218;7;39;land;true;plains;1
10212;160;239;197;land;false;plains;1
10213;143;68;4;land;false;plains;1
10214;112;146;104;land;false;plains;1
10215;136;1;250;land;false;plains;1
10216;7;40;33;land;false;plains;1
10217;120;96;41;land;true;plains;1
10218;110;149;92;land;false;plains;1
10219;57;112;142;land;false;plains;1
10220;254;231;37;land;false;plains;1
10221;248;209;140;land;true;plains;1
10222;204;58;3;land;false;plains;1
10223;150;232;183;land;false;plains;1
10224;16;232;238;land;true;plains;1
10225;22;51;67;land;false;plains;1
10226;162;71;170;land;false;plains;1
10227;51;87;100;land;false;plains;1
10228;57;255;45;land;false;plains;1
10229;9;43;86;land;false;plains;1
10230;97;74;238;land;false;plains;1
10231;67;101;221;land;false;plains;1
10232;194;55;233;land;false;plains;1
10233;64;211;128;land;false;plains;1
10234;237;60;126;land;false;plains;1
10235;187;43;30;land;true;plains;1
10236;83;148;89;land;false;plains;1
10237;205;19;227;land;true;plains;1
10238;40;12;53;land;true;plains;1
10239;165;137;35;land;false;plains;1
10240;202;254;204;land;false;plains;1
10241;238;78;14;land;false;plains;1
10242;93;160;240;land;false;plains;1
10243;27;19;126;land;true;plains;1
10244;2;231;240;land;false;plains;1
10245;187;201;128;land;false;plains;1
10246;128;207;68;land;false;plains;1
10247;209;208;225;land;false;plains;1
10248;56;154;29;land;false;plains;1
10249;100;81;145;land;false;plains;1
10250;228;104;161;land;false;plains;1
10251;129;118;153;land;false;plains;1
10252;223;50;84;land;false;plains;1
10253;197;131;126;land;false;plains;1
10254;103;160;116;land;false;plains;1
10255;139;151;3;land;false;plains;1
10256;74;21;147;land;true;plains;1
10257;84;65;188;land;false;plains;1
10258;136;214;120;land;false;plains;1
10259;150;88;146;land;false;plains;1
10260;91;66;221;land;true;plains;1
10261;69;67;167;land;false;plains;1
10262;143;2;88;land;false;plains;1
10263;200;182;238;land;false;plains;1
10264;119;16;47;land;false;plains;1
10265;115;148;83;land;false;plains;1
10266;243;211;180;land;false;plains;1
10267;74;252;207;land;true;plains;1
10268;36;49;47;land;true;plains;1
10269;248;123;228;land;false;plains;1
10270;65;17;104;land;false;plains;1
10271;35;46;78;land;false;plains;1
10272;100;19;94;land;false;plains;1
10273;145;162;102;land;false;plains;1
10274;71;144;50;land;true;plains;1
10275;181;33;95;land;false;plains;1
10276;57;195;52;land;true;plains;1
10277;98;9;10;land;true;plains;1
10278;218;54;24;land;true;plains;1
10279;178;3;96;land;false;plains;1
10280;57;151;68;land;false;plains;1
10281;118;161;222;land;false;plains;1
10282;67;59;179;land;false;plains;1
10283;38;148;61;land;false;plains;1
10284;141;132;33;land;false;plains;1
10285;74;37;32;land;false;plains;1
10286;63;149;210;land;true;plains;1
10287;16;64;52;land;true;plains;1
10288;164;207;212;land;false;plains;1
10289;168;88;24;land;false;plains;1
10290;147;48;31;land;false;plains;1
10291;111;43;245;land;false;plains;1
10292;181;105;203;land;false;plains;1
10293;89;245;84;land;false;plains;1
10294;42;144;196;land;false;plains;1
10295;24;40;250;land;false;plains;1
10296;237;103;36;land;false;plains;1
10297;141;247;71;land;true;plains;1
10298;66;15;38;land;true;plains;1
10299;103;249;104;land;false;plains;1
10300;172;52;137;land;false;plains;1
10301;94;158;124;land;false;plains;1
10302;106;193;255;land;false;plains;1
10303;26;224;107;land;false;plains;1
10304;82;113;165;land;false;plains;1
10305;53;245;95;land;false;plains;1
10306;94;35;75;land;false;plains;1
10307;97;173;167;land;false;plains;1
10308;248;44;160;land;false;plains;1
10309;103;23;75;land;false;plains;1
10310;208;143;133;land;false;plains;1
10311;129;219;224;land;false;plains;1
10312;88;150;251;land;false;plains;1
10313;99;79;23;land;false;plains;1
10314;159;126;247;land;false;plains;1
10315;13;89;41;land;false;plains;1
10316;18;255;164;land;false;plains;1
10317;249;92;37;land;false;plains;1
10318;116;89;207;land;false;plains;1
10319;235;117;226;land;false;plains;1
10320;96;136;175;land;false;plains;1
10321;217;138;211;land;false;plains;1
10322;150;167;3;land;true;plains;1
10323;58;141;106;land;false;plains;1
10324;136;76;8;land;false;plains;1
10325;213;81;92;land;false;plains;1
10326;79;208;165;land;false;plains;1
10327;58;36;72;land;true;plains;1
10328;24;176;20;land;false;plains;1
10329;118;234;218;land;false;plains;1
10330;85;249;88;land;false;plains;1
10331;65;235;114;land;false;plains;1
10332;78;209;158;land;false;plains;1
10333;167;238;48;land;false;plains;1
10334;20;242;211;land;false;plains;1
10335;131;198;104;land;false;plains;1
10336;42;120;232;land;false;plains;1
10337;89;26;71;land;false;plains;1
10338;124;92;64;land;true;plains;1
10339;42;21;39;land;false;plains;1
10340;128;64;102;land;false;plains;1
10341;115;232;168;land;false;plains;1
10342;252;146;222;land;false;plains;1
10343;29;191;160;land;false;plains;1
10344;185;182;164;land;false;plains;1
10345;36;206;232;land;false;plains;1
10346;82;224;77;land;false;plains;1
10347;238;240;199;land;false;plains;1
10348;247;47;53;land;false;plains;1
10349;146;191;222;land;false;plains;1
10350;215;193;203;land;false;plains;1
10351;155;79;208;land;false;plains;1
10352;99;255;116;land;false;plains;1
10353;66;156;88;land;false;plains;1
10354;132;42;72;land;false;plains;1
10355;254;92;84;land;false;plains;1
10356;220;81;192;land;false;plains;1
10357;174;144;52;land;false;plains;1
10358;6;30;155;land;false;plains;1
10359;236;173;225;land;false;plains;1
10360;54;89;168;land;false;plains;1
10361;39;237;158;land;false;plains;1
10362;167;71;177;land;false;plains;1
10363;206;24;59;land;false;plains;1
10364;199;186;29;land;false;plains;1
10365;145;117;155;land;true;plains;1
10366;76;141;12;land;false;plains;1
10367;11;32;9;land;false;plains;1
10368;144;3;225;land;false;plains;1
10369;67;161;16;land;false;plains;1
10370;165;32;174;land;false;plains;1
10371;23;239;88;land;false;plains;1
10372;194;51;237;land;false;plains;1
10373;25;134;143;land;false;plains;1
10374;10;246;2;land;false;plains;1
10375;107;40;37;land;true;plains;1
10376;193;32;122;land;false;plains;1
10377;183;197;132;land;false;plains;1
10378;123;146;115;land;false;plains;1
10379;77;28;59;land;false;plains;1
10380;136;100;87;land;false;plains;1
10381;147;10;72;land;false;plains;1
10382;110;27;175;land;true;plains;1
10383;230;179;4;land;false;plains;1
10384;65;141;136;land;false;plains;1
10385;102;121;92;land;false;plains;1
10386;1;238;93;land;false;plains;1
10387;180;250;38;land;true;plains;1
10388;134;45;205;land;false;plains;1
10389;111;65;190;land;false;plains;1
10390;128;71;151;land;false;plains;1
10391;168;33;211;land;false;plains;1
10392;211;88;115;land;false;plains;1
10393;134;18;97;land;false;plains;1
10394;28;203;249;land;false;plains;1
10395;125;174;182;land;false;plains;1
10396;248;197;7;land;true;plains;1
10397;94;2;10;land;true;plains;1
10398;245;179;90;land;false;plains;1
10399;112;162;149;land;false;plains;1
10400;237;240;18;land;false;plains;1
10401;33;158;167;land;false;plains;1
10402;160;206;73;land;false;plains;1
10403;116;167;195;land;false;plains;1
10404;46;3;207;land;false;plains;1
10405;13;149;134;land;false;plains;1
10406;217;78;109;land;false;plains;1
10407;238;160;125;land;false;plains;1
10408;152;160;201;land;false;plains;1
10409;150;171;147;land;false;plains;1
10410;188;46;14;land;false;plains;1
10411;198;147;164;land;false;plains;1
10412;26;6;197;land;false;plains;1
10413;94;90;32;land;false;plains;1
10414;39;255;133;land;false;plains;1
10415;64;53;92;land;false;plains;1
10416;171;133;32;land;false;plains;1
10417;255;114;45;land;false;plains;1
10418;182;2;114;land;false;plains;1
10419;9;37;177;land;false;plains;1
10420;254;225;43;land;false;plains;1
10421;190;22;74;land;false;plains;1
10422;158;81;138;land;false;plains;1
10423;117;76;2;land;false;plains;1
10424;13;204;101;land;false;plains;1
10425;234;182;191;land;false;plains;1
10426;36;157;69;land;false;plains;1
10427;21;147;25;land;false;plains;1
10428;168;59;59;land;false;plains;1
10429;113;31;111;land;false;plains;1
10430;151;242;210;land;false;plains;1
10431;13;50;6;land;false;plains;1
10432;242;66;99;land;true;plains;1
10433;239;1;160;land;true;plains;1
10434;19;89;63;land;false;plains;1
10435;225;148;248;land;false;plains;1
10436;216;200;142;land;false;plains;1
10437;41;141;219;land;false;plains;1
10438;225;98;192;land;false;plains;1
10439;121;218;176;land;false;plains;1
10440;100;209;71;land;false;plains;1
10441;46;198;137;land;false;plains;1
10442;160;116;129;land;true;plains;1
10443;154;233;156;land;false;plains;1
10444;26;71;31;land;false;plains;1
10445;149;209;254;land;false;plains;1
10446;188;156;180;land;false;plains;1
10447;132;200;10;land;true;plains;1
10448;236;0;103;land;false;plains;1
10449;50;114;238;land;false;plains;1
10450;203;228;84;land;false;plains;1
10451;219;199;251;land;false;plains;1
10452;235;113;184;land;false;plains;1
10453;253;244;85;land;false;plains;1
10454;222;44;216;land;true;plains;1
10455;55;163;53;land;false;plains;1
10456;148;158;158;land;false;plains;1
10457;16;232;133;land;false;plains;1
10458;216;204;119;land;false;plains;1
10459;152;153;75;land;false;plains;1
10460;250;113;82;land;false;plains;1
10461;149;161;50;land;false;plains;1
10462;178;62;20;land;false;plains;1
10463;46;76;183;land;false;plains;1
10464;1;239;79;land;false;plains;1
10465;183;134;118;land;false;plains;1
10466;49;36;129;land;false;plains;1
10467;218;72;108;land;true;plains;1
10468;157;208;149;land;false;plains;1
10469;114;151;10;land;false;plains;1
10470;227;48;190;land;false;plains;1
10471;221;177;41;land;true;plains;1
10472;9;201;44;land;false;plains;1
10473;255;197;254;land;false;plains;1
10474;168;160;222;land;false;plains;1
10475;137;49;105;land;false;plains;1
10476;239;5;213;land;false;plains;1
10477;69;58;129;land;false;plains;1
10478;237;197;222;land;true;plains;1
10479;47;135;142;land;false;plains;1
10480;174;218;222;land;false;plains;1
10481;23;209;11;land;false;plains;1
10482;118;171;172;land;false;plains;1
10483;214;87;129;land;false;plains;1
10484;233;193;6;land;false;plains;1
10485;205;169;17;land;false;plains;1
10486;2;210;125;land;false;plains;1
10487;11;158;136;land;false;plains;1
10488;144;101;248;land;false;plains;1
10489;55;241;196;land;false;plains;1
10490;187;176;239;land;false;plains;1
10491;80;236;254;land;false;plains;1
10492;21;150;5;land;false;plains;1
10493;110;213;222;land;false;plains;1
10494;212;82;191;land;false;plains;1
10495;202;1;101;land;false;plains;1
10496;6;211;117;land;false;plains;1
10497;87;98;103;land;false;plains;1
10498;36;42;188;land;false;plains;1
10499;232;254;213;land;false;plains;1
10500;85;231;170;land;false;plains;1
10501;91;210;89;land;false;plains;1
10502;100;77;144;land;false;plains;1
10503;83;3;183;land;true;plains;1
10504;190;141;83;land;false;plains;1
10505;238;254;224;land;false;plains;1
10506;13;146;175;land;false;plains;1
10507;170;149;32;land;false;plains;1
10508;38;10;52;land;true;plains;1
10509;98;39;19;land;false;plains;1
10510;50;167;201;land;false;plains;1
10511;38;88;39;land;false;plains;1
10512;218;158;12;land;false;plains;1
10513;197;232;250;land;false;plains;1
10514;201;179;130;land;false;plains;1
10515;78;21;54;land;true;plains;1
10516;61;174;186;land;false;plains;1
10517;84;95;65;land;false;plains;1
10518;55;19;26;land;true;plains;1
10519;21;21;111;land;false;plains;1
10520;127;15;9;land;false;plains;1
10521;64;68;119;land;false;plains;1
10522;30;59;159;land;false;plains;1
10523;253;59;245;land;false;plains;1
10524;51;209;123;land;false;plains;1
10525;46;91;26;land;false;plains;1
10526;225;228;234;land;false;plains;1
10527;59;152;147;land;false;plains;1
10528;119;51;100;land;false;plains;1
10529;105;55;51;land;false;plains;1
10530;174;104;255;land;true;plains;1
10531;193;245;185;land;false;plains;1
10532;115;227;247;land;false;plains;1
10533;135;1;69;land;false;plains;1
10534;175;1;87;land;false;plains;1
10535;102;12;36;land;false;plains;1
10536;1;141;238;land;false;plains;1
10537;35;34;178;land;false;plains;1
10538;24;240;186;land;true;plains;1
10539;92;118;72;land;false;plains;1
10540;145;82;209;land;false;plains;1
10541;36;12;16;land;false;plains;1
10542;224;150;183;land;false;plains;1
10543;97;13;15;land;false;plains;1
10544;201;15;187;land;false;plains;1
10545;195;199;22;land;false;plains;1
10546;201;216;196;land;false;plains;1
10547;175;146;251;land;false;plains;1
10548;239;4;138;land;false;plains;1
10549;226;58;123;land;false;plains;1
10550;206;117;184;land;false;plains;1
10551;169;207;105;land;false;plains;1
10552;84;189;89;land;false;plains;1
10553;27;43;94;land;true;plains;1
10554;25;153;106;land;false;plains;1
10555;110;141;170;land;false;plains;1
10556;225;96;42;land;false;plains;1
10557;15;226;249;land;false;plains;1
10558;167;249;227;land;false;plains;1
10559;246;13;209;land;false;plains;1
10560;224;215;247;land;true;plains;1
10561;193;230;53;land;false;plains;1
10562;166;144;128;land;true;plains;1
10563;6;3;136;land;false;plains;1
10564;253;59;98;land;false;plains;1
10565;14;34;244;land;false;plains;1
10566;230;222;19;land;false;plains;1
10567;128;156;195;land;false;plains;1
10568;95;235;109;land;true;plains;1
10569;135;112;197;land;false;plains;1
10570;6;56;249;land;false;plains;1
10571;212;11;37;land;false;plains;1
10572;217;241;36;land;false;plains;1
10573;41;107;167;land;false;plains;1
10574;242;127;227;land;false;plains;1
10575;168;13;219;land;false;plains;1
10576;144;26;70;land;false;plains;1
10577;57;102;121;land;false;plains;1
10578;212;140;20;land;false;plains;1
10579;234;157;117;land;false;plains;1
10580;14;165;162;land;false;plains;1
10581;147;148;122;land;true;plains;1
10582;30;129;124;land;false;plains;1
10583;53;145;37;land;false;plains;1
10584;69;240;109;land;false;plains;1
10585;129;162;158;land;false;plains;1
10586;143;53;94;land;false;plains;1
10587;11;182;251;land;false;plains;1
10588;172;82;149;land;false;plains;1
10589;206;121;105;land;false;plains;1
10590;80;139;178;land;false;plains;1
10591;28;79;39;land;false;plains;1
10592;41;17;54;land;false;plains;1
10593;187;162;135;land;false;plains;1
10594;151;140;6;land;false;plains;1
10595;74;31;3;land;false;plains;1
10596;111;224;21;land;false;plains;1
10597;70;135;242;land;false;plains;1
10598;93;191;56;land;false;plains;1
10599;96;91;185;land;false;plains;1
10600;198;121;226;land;false;plains;1
10601;208;152;192;land;false;plains;1
10602;163;66;236;land;false;plains;1
10603;86;238;153;land;false;plains;1
10604;38;6;110;land;false;plains;1
10605;186;222;164;land;false;plains;1
10606;141;176;218;land;false;plains;1
10607;32;26;117;land;false;plains;1
10608;127;215;92;land;false;plains;1
10609;38;60;252;land;false;plains;1
10610;250;204;144;land;false;plains;1
10611;55;201;61;land;false;plains;1
10612;199;173;73;land;false;plains;1
10613;69;40;112;land;false;plains;1
10614;87;233;167;land;false;plains;1
10615;137;255;112;land;true;plains;1
10616;74;17;168;land;false;plains;1
10617;68;108;176;land;false;plains;1
10618;159;116;210;land;false;plains;1
10619;61;56;37;land;false;plains;1
10620;251;66;144;land;false;plains;1
10621;127;166;227;land;false;plains;1
10622;37;202;152;land;false;plains;1
10623;247;170;152;land;false;plains;1
10624;211;4;99;land;false;plains;1
10625;175;69;75;land;true;plains;1
10626;162;130;42;land;false;plains;1
10627;19;114;81;land;false;plains;1
10628;82;244;238;land;true;plains;1
10629;44;67;197;land;true;plains;1
10630;173;249;222;land;false;plains;1
10631;246;98;215;land;false;plains;1
10632;28;6;230;land;false;plains;1
10633;81;37;50;land;false;plains;1
10634;184;17;176;land;true;plains;1
10635;202;189;210;land;false;plains;1
10636;177;203;50;land;false;plains;1
10637;92;61;160;land;false;plains;1
10638;11;155;16;land;true;plains;1
10639;219;226;115;land;false;plains;1
10640;218;130;164;land;true;plains;1
10641;127;93;105;land;false;plains;1
10642;252;242;137;land;false;plains;1
10643;217;45;230;land;false;plains;1
10644;160;149;247;land;false;plains;1
10645;41;227;108;land;false;plains;1
10646;7;205;19;land;true;plains;1
10647;48;196;254;land;false;plains;1
10648;90;207;124;land;false;plains;1
10649;7;138;134;land;false;plains;1
10650;92;106;53;land;false;plains;1
10651;238;28;186;land;false;plains;1
10652;90;229;7;land;true;plains;1
10653;65;200;35;land;false;plains;1
10654;34;8;31;land;false;plains;1
10655;152;159;212;land;false;plains;1
10656;202;32;33;land;false;plains;1
10657;240;250;55;land;false;plains;1
10658;79;160;206;land;false;plains;1
10659;246;147;236;land;false;plains;1
10660;5;4;170;land;false;plains;1
10661;69;38;170;land;false;plains;1
10662;206;117;2;land;false;plains;1
10663;224;230;228;land;false;plains;1
10664;199;31;230;land;false;plains;1
10665;83;194;66;land;false;plains;1
10666;97;211;145;land;false;plains;1
10667;148;184;222;land;true;plains;1
10668;88;174;32;land;false;plains;1
10669;222;100;182;land;false;plains;1
10670;220;73;48;land;false;plains;1
10671;95;140;252;land;false;plains;1
10672;251;145;139;land;false;plains;1
10673;135;48;79;land;false;plains;1
10674;6;97;66;land;true;plains;1
10675;30;121;50;land;false;plains;1
10676;252;21;127;land;false;plains;1
10677;23;231;76;land;false;plains;1
10678;226;203;59;land;false;plains;1
10679;25;250;249;land;true;plains;1
10680;87;59;72;land;true;plains;1
10681;2;85;41;land;false;plains;1
10682;196;133;104;land;false;plains;1
10683;99;136;181;land;false;plains;1
10684;199;137;161;land;false;plains;1
10685;67;143;24;land;false;plains;1
10686;155;73;209;land;false;plains;1
10687;207;239;191;land;false;plains;1
10688;38;186;224;land;false;plains;1
10689;54;87;162;land;false;plains;1
10690;94;113;24;land;true;plains;1
10691;129;233;63;land;true;plains;1
10692;41;87;61;land;false;plains;1
10693;219;7;207;land;false;plains;1
10694;84;78;206;land;false;plains;1
10695;123;27;239;land;false;plains;1
10696;8;243;13;land;false;plains;1
10697;133;156;92;land;false;plains;1
10698;148;194;212;land;false;plains;1
10699;62;3;231;land;false;plains;1
10700;232;254;91;land;false;plains;1
10701;9;236;72;land;false;plains;1
10702;124;195;88;land;false;plains;1
10703;144;26;103;land;false;plains;1
10704;246;196;80;land;false;plains;1
10705;231;130;12;land;false;plains;1
10706;88;173;48;land;false;plains;1
10707;163;74;41;land;false;plains;1
10708;207;116;186;land;false;plains;1
10709;109;151;10;land;true;plains;1
10710;251;144;150;land;false;plains;1
10711;73;142;109;land;false;plains;1
10712;17;224;137;land;false;plains;1
10713;187;104;178;land;false;plains;1
10714;186;120;243;land;false;plains;1
10715;83;87;148;land;false;plains;1
10716;53;186;4;land;false;plains;1
10717;114;132;132;land;false;plains;1
10718;155;151;18;land;false;plains;1
10719;250;3;254;land;false;plains;1
10720;202;133;86;land;false;plains;1
10721;250;26;209;land;false;plains;1
10722;232;154;244;land;false;plains;1
10723;242;155;47;land;false;plains;1
10724;114;113;188;land;false;plains;1
10725;203;191;147;land;false;plains;1
10726;108;224;65;land;true;plains;1
10727;246;18;11;land;false;plains;1
10728;207;213;122;land;false;plains;1
10729;88;101;84;land;false;plains;1
10730;239;69;151;land;false;plains;1
10731;167;156;23;land;false;plains;1
10732;75;142;144;land;false;plains;1
10733;183;57;219;land;false;plains;1
10734;94;190;58;land;false;plains;1
10735;54;210;170;land;false;plains;1
10736;35;46;67;land;false;plains;1
10737;182;239;188;land;false;plains;1
10738;32;180;97;land;false;plains;1
10739;20;243;195;land;false;plains;1
10740;25;255;81;land;false;plains;1
10741;233;81;29;land;false;plains;1
10742;106;63;32;land;false;plains;1
10743;85;127;77;land;false;plains;1
10744;213;17;33;land;false;plains;1
10745;246;62;73;land;false;plains;1
10746;32;91;161;land;true;plains;1
10747;254;236;229;land;false;plains;1
10748;102;177;20;land;false;plains;1
10749;79;3;216;land;false;plains;1
10750;30;139;69;land;false;plains;1
10751;213;236;111;land;false;plains;1
10752;226;167;9;land;false;plains;1
10753;150;57;174;land;false;plains;1
10754;225;17;21;land;false;plains;1
10755;200;15;216;land;false;plains;1
10756;197;150;159;land;false;plains;1
10757;116;96;120;land;false;plains;1
10758;203;194;134;land;false;plains;1
10759;47;76;91;land;false;plains;1
10760;85;13;40;land;false;plains;1
10761;161;254;229;land;false;plains;1
10762;56;204;190;land;false;plains;1
10763;173;26;226;land;false;plains;1
10764;156;126;146;land;false;plains;1
10765;116;139;128;land;false;plains;1
10766;214;169;77;land;false;plains;1
10767;118;121;244;land;false;plains;1
10768;146;228;243;land;false;plains;1
10769;163;254;217;land;false;plains;1
10770;17;59;246;land;false;plains;1
10771;40;82;124;land;false;plains;1
10772;64;61;178;land;false;plains;1
10773;206;77;167;land;false;plains;1
10774;72;177;158;land;false;plains;1
10775;95;9;77;land;false;plains;1
10776;22;177;147;land;false;plains;1
10777;195;90;8;land;true;plains;1
10778;180;71;222;land;false;plains;1
10779;124;215;234;land;false;plains;1
10780;157;219;29;land;false;plains;1
10781;197;62;163;land;false;plains;1
10782;77;109;125;land;false;plains;1
10783;171;195;44;land;false;plains;1
10784;72;243;125;land;false;plains;1
10785;2;180;114;land;false;plains;1
10786;187;180;63;land;true;plains;1
10787;172;33;36;land;false;plains;1
10788;94;132;228;land;false;plains;1
10789;212;59;16;land;false;plains;1
10790;223;224;12;land;false;plains;1
10791;59;90;99;land;false;plains;1
10792;107;80;98;land;false;plains;1
10793;233;184;43;land;false;plains;1
10794;16;39;238;land;true;plains;1
10795;213;26;128;land;false;plains;1
10796;235;179;211;land;false;plains;1
10797;34;246;206;land;false;plains;1
10798;6;222;5;land;false;plains;1
10799;217;116;91;land;true;plains;1
10800;248;124;181;land;false;plains;1
10801;163;78;12;land;false;plains;1
10802;240;208;30;land;false;plains;1
10803;243;136;75;land;false;plains;1
10804;178;160;68;land;false;plains;1
10805;60;117;189;land;false;plains;1
10806;133;107;148;land;false;plains;1
10807;199;223;41;land;false;plains;1
10808;77;189;36;land;true;plains;1
10809;168;138;41;land;false;plains;1
10810;129;46;253;land;false;plains;1
10811;158;213;89;land;false;plains;1
10812;115;181;4;land;false;plains;1
10813;179;122;111;land;false;plains;1
10814;118;195;114;land;false;plains;1
10815;216;38;176;land;false;plains;1
10816;60;62;70;land;false;plains;1
10817;1;65;103;land;false;plains;1
10818;111;227;188;land;false;plains;1
10819;225;123;56;land;false;plains;1
10820;37;193;85;land;false;plains;1
10821;172;177;137;land;false;plains;1
10822;176;154;51;land;false;plains;1
10823;229;182;233;land;true;plains;1
10824;51;138;167;land;false;plains;1
10825;106;59;10;land;true;plains;1
10826;148;188;65;land;false;plains;1
10827;216;70;148;land;true;plains;1
10828;9;238;146;land;true;plains;1
10829;212;234;82;land;false;plains;1
10830;41;216;246;land;false;plains;1
10831;140;210;163;land;false;plains;1
10832;99;168;122;land;true;plains;1
10833;107;100;133;land;true;plains;1
10834;160;126;118;land;true;plains;1
10835;50;77;15;land;false;plains;1
10836;185;228;185;land;false;plains;1
10837;23;55;221;land;true;plains;1
10838;171;52;200;land;false;plains;1
10839;138;147;36;land;false;plains;1
10840;243;250;197;land;false;plains;1
10841;20;8;72;land;true;plains;1
10842;29;21;58;land;false;plains;1
10843;211;152;167;land;false;plains;1
10844;163;254;182;land;false;plains;1
10845;113;5;160;land;false;plains;1
10846;96;224;253;land;false;plains;1
10847;144;164;168;land;false;plains;1
10848;179;190;229;land;true;plains;1
10849;94;46;55;land;true;plains;1
10850;202;89;234;land;false;plains;1
10851;121;232;23;land;false;plains;1
10852;23;152;92;land;false;plains;1
10853;100;202;208;land;false;plains;1
10854;158;210;139;land;false;plains;1
10855;22;61;200;land;false;plains;1
10856;34;30;210;land;false;plains;1
10857;233;62;94;land;false;plains;1
10858;34;4;189;land;false;plains;1
10859;164;217;182;land;false;plains;1
10860;170;98;107;land;false;plains;1
10861;67;252;156;land;false;plains;1
10862;10;115;60;land;true;plains;1
10863;107;175;40;land;false;plains;1
10864;64;121;47;land;false;plains;1
10865;202;45;48;land;false;plains;1
10866;148;129;130;land;false;plains;1
10867;235;208;82;land;false;plains;1
10868;192;199;37;land;false;plains;1
10869;51;153;230;land;false;plains;1
10870;118;174;151;land;false;plains;1
10871;144;185;106;land;false;plains;1
10872;120;150;23;land;false;plains;1
10873;7;242;233;land;false;plains;1
10874;246;225;31;land;false;plains;1
10875;13;106;161;land;false;plains;1
10876;60;112;244;land;false;plains;1
10877;178;35;141;land;false;plains;1
10878;133;24;117;land;false;plains;1
10879;211;137;96;land;false;plains;1
10880;11;37;43;land;false;plains;1
10881;118;159;203;land;false;plains;1
10882;238;243;27;land;true;plains;1
10883;90;62;211;land;false;plains;1
10884;24;183;213;land;false;plains;1
10885;222;215;167;land;false;plains;1
10886;54;83;119;land;false;plains;1
10887;59;149;149;land;false;plains;1
10888;183;110;200;land;false;plains;1
10889;132;87;152;land;false;plains;1
10890;114;164;29;land;false;plains;1
10891;52;64;114;land;false;plains;1
10892;96;9;112;land;false;plains;1
10893;190;237;147;land;false;plains;1
10894;35;154;213;land;true;plains;1
10895;117;180;240;land;false;plains;1
10896;174;72;233;land;true;plains;1
10897;147;81;238;land;false;plains;1
10898;23;64;65;land;false;plains;1
10899;218;36;134;land;false;plains;1
10900;63;225;232;land;false;plains;1
10901;48;87;140;land;false;plains;1
10902;230;123;55;land;false;plains;1
10903;243;107;234;land;false;plains;1
10904;4;30;236;land;false;plains;1
10905;126;179;237;land;false;plains;1
10906;51;35;22;land;false;plains;1
10907;161;249;52;land;false;plains;1
10908;25;103;127;land;true;plains;1
10909;88;30;182;land;false;plains;1
10910;106;46;222;land;false;plains;1
10911;251;21;87;land;false;plains;1
10912;139;131;76;land;false;plains;1
10913;47;0;99;land;false;plains;1
10914;201;33;235;land;false;plains;1
10915;140;112;54;land;false;plains;1
10916;200;21;11;land;false;plains;1
10917;24;250;208;land;true;plains;1
10918;125;237;156;land;false;plains;1
10919;214;102;32;land;false;plains;1
10920;21;42;215;land;false;plains;1
10921;131;122;225;land;false;plains;1
10922;213;165;211;land;false;plains;1
10923;140;181;122;land;false;plains;1
10924;131;240;223;land;false;plains;1
10925;242;168;101;land;false;plains;1
10926;68;117;187;land;false;plains;1
10927;42;45;70;land;false;plains;1
10928;225;151;137;land;false;plains;1
10929;50;65;205;land;false;plains;1
10930;217;220;64;land;false;plains;1
10931;176;216;41;land;false;plains;1
10932;173;53;18;land;false;plains;1
10933;103;22;144;land;false;plains;1
10934;37;66;124;land;false;plains;1
10935;210;113;162;land;false;plains;1
10936;127;43;210;land;false;plains;1
10937;57;220;119;land;true;plains;1
10938;194;250;91;land;false;plains;1
10939;161;252;93;land;false;plains;1
10940;24;108;76;land;false;plains;1
10941;207;84;104;land;false;plains;1
10942;220;132;163;land;false;plains;1
10943;12;61;97;land;false;plains;1
10944;55;185;140;land;false;plains;1
10945;106;21;68;land;false;plains;1
10946;140;42;235;land;false;plains;1
10947;102;251;209;land;false;plains;1
10948;115;186;168;land;false;plains;1
10949;249;225;15;land;false;plains;1
10950;23;90;66;land;false;plains;1
10951;76;251;89;land;false;plains;1
10952;195;49;37;land;false;plains;1
10953;62;215;137;land;true;plains;1
10954;59;173;189;land;true;plains;1
10955;17;194;16;land;false;plains;1
10956;171;185;16;land;false;plains;1
10957;20;187;133;land;true;plains;1
10958;250;240;187;land;false;plains;1
10959;10;114;71;land;false;plains;1
10960;32;229;20;land;true;plains;1
10961;149;255;88;land;false;plains;1
10962;108;68;214;land;false;plains;1
10963;207;241;132;land;true;plains;1
10964;211;57;245;land;false;plains;1
10965;166;9;108;land;true;plains;1
10966;243;168;80;land;false;plains;1
10967;56;181;12;land;false;plains;1
10968;161;6;245;land;false;plains;1
10969;253;102;198;land;false;plains;1
10970;120;215;120;land;false;plains;1
10971;170;121;68;land;false;plains;1
10972;20;245;109;land;true;plains;1
10973;223;233;118;land;false;plains;1
10974;246;158;101;land;false;plains;1
10975;245;161;1;land;true;plains;1
10976;88;133;109;land;false;plains;1
10977;226;19;42;land;false;plains;1
10978;23;201;172;land;false;plains;1
10979;48;197;36;land;false;plains;1
10980;93;198;104;land;false;plains;1
10981;162;204;146;land;false;plains;1
10982;171;98;184;land;false;plains;1
10983;211;242;187;land;false;plains;1
10984;28;81;89;land;false;plains;1
10985;92;78;16;land;false;plains;1
10986;232;81;20;land;false;plains;1
10987;167;150;55;land;false;plains;1
10988;212;76;139;land;false;plains;1
10989;109;125;208;land;false;plains;1
10990;46;157;173;land;true;plains;1
10991;26;158;54;land;true;plains;1
10992;61;57;91;land;false;plains;1
10993;34;168;220;land;false;plains;1
10994;42;180;164;land;false;plains;1
10995;5;142;188;land;false;plains;1
10996;91;55;157;land;false;plains;1
10997;110;177;120;land;false;plains;1
10998;127;245;216;land;false;plains;1
10999;216;186;1;land;false;plains;1
11000;75;120;97;land;false;plains;1
11001;93;254;44;land;false;plains;1
11002;93;169;167;land;false;plains;1
11003;171;20;66;land;false;plains;1
11004;48;27;161;land;false;plains;1
11005;9;163;230;land;false;plains;1
11006;178;151;79;land;false;plains;1
11007;255;142;235;land;false;plains;1
11008;87;215;241;land;false;plains;1
11009;52;229;141;land;false;plains;1
11010;71;198;63;land;false;plains;1
11011;152;223;176;land;false;plains;1
11012;219;130;52;land;false;plains;1
11013;136;96;104;land;false;plains;1
11014;63;155;104;land;true;plains;1
11015;67;79;13;land;false;plains;1
11016;141;234;16;land;false;plains;1
11017;94;63;101;land;false;plains;1
11018;118;133;96;land;false;plains;1
11019;213;143;209;land;false;plains;1
11020;88;128;134;land;false;plains;1
11021;254;145;239;land;false;plains;1
11022;254;179;204;land;true;plains;1
11023;202;161;122;land;false;plains;1
11024;128;77;30;land;false;plains;1
11025;122;159;225;land;false;plains;1
11026;62;107;184;land;false;plains;1
11027;219;209;59;land;false;plains;1
11028;109;131;59;land;false;plains;1
11029;245;144;10;land;false;plains;1
11030;53;130;154;land;false;plains;1
11031;94;124;38;land;false;plains;1
11032;36;39;202;land;false;plains;1
11033;169;211;159;land;false;plains;1
11034;150;186;233;land;false;plains;1
11035;154;247;250;land;false;plains;1
11036;87;210;106;land;false;plains;1
11037;10;214;181;land;false;plains;1
11038;69;31;25;land;false;plains;1
11039;251;91;166;land;false;plains;1
11040;20;184;140;land;true;plains;1
11041;52;63;109;land;false;plains;1
11042;200;203;50;land;false;plains;1
11043;28;171;178;land;false;plains;1
11044;175;37;198;land;false;plains;1
11045;180;84;243;land;false;plains;1
11046;210;222;200;land;false;plains;1
11047;210;253;231;land;false;plains;1
11048;140;148;32;land;false;plains;1
11049;139;67;63;land;false;plains;1
11050;89;247;65;land;false;plains;1
11051;118;185;136;land;false;plains;1
11052;64;137;122;land;false;plains;1
11053;77;88;40;land;false;plains;1
11054;8;203;97;land;false;plains;1
11055;87;117;210;land;false;plains;1
11056;167;51;8;land;false;plains;1
11057;133;135;111;land;false;plains;1
11058;18;23;171;land;false;plains;1
11059;76;65;200;land;true;plains;1
11060;42;31;127;land;false;plains;1
11061;231;169;24;land;false;plains;1
11062;21;190;108;land;false;plains;1
11063;95;162;103;land;false;plains;1
11064;130;194;57;land;false;plains;1
11065;99;241;195;land;false;plains;1
11066;213;64;150;land;false;plains;1
11067;163;152;71;land;false;plains;1
11068;140;67;233;land;false;plains;1
11069;11;0;20;land;false;plains;1
11070;72;160;126;land;false;plains;1
11071;6;216;196;land;false;plains;1
11072;155;132;66;land;false;plains;1
11073;79;183;255;land;true;plains;1
11074;245;249;59;land;false;plains;1
11075;113;105;62;land;false;plains;1
11076;149;63;51;land;false;plains;1
11077;239;101;17;land;false;plains;1
11078;171;232;119;land;false;plains;1
11079;215;68;163;land;true;plains;1
11080;3;167;3;land;false;plains;1
11081;195;165;94;land;false;plains;1
11082;114;127;165;land;false;plains;1
11083;207;138;30;land;false;plains;1
11084;100;12;34;land;false;plains;1
11085;214;151;163;land;false;plains;1
11086;4;164;181;land;false;plains;1
11087;14;253;81;land;false;plains;1
11088;95;91;55;land;false;plains;1
11089;233;150;142;land;false;plains;1
11090;102;37;1;land;false;plains;1
11091;196;12;97;land;false;plains;1
11092;20;140;58;land;false;plains;1
11093;30;161;72;land;false;plains;1
11094;124;178;120;land;false;plains;1
11095;60;104;2;land;false;plains;1
11096;93;112;189;land;false;plains;1
11097;72;246;172;land;false;plains;1
11098;212;178;45;land;true;plains;1
11099;165;197;54;land;true;plains;1
11100;80;156;227;land;false;plains;1
11101;15;86;200;land;false;plains;1
11102;244;230;179;land;false;plains;1
11103;90;42;253;land;false;plains;1
11104;54;46;218;land;false;plains;1
11105;1;113;189;land;false;plains;1
11106;200;20;29;land;false;plains;1
11107;102;26;212;land;true;plains;1
11108;175;113;244;land;false;plains;1
11109;213;30;136;land;false;plains;1
11110;177;6;200;land;false;plains;1
11111;196;171;242;land;false;plains;1
11112;219;193;229;land;true;plains;1
11113;239;160;22;land;false;plains;1
11114;22;226;95;land;false;plains;1
11115;188;102;155;land;false;plains;1
11116;223;85;116;land;false;plains;1
11117;39;230;242;land;false;plains;1
11118;100;228;103;land;true;plains;1
11119;17;49;209;land;false;plains;1
11120;224;40;99;land;false;plains;1
11121;184;72;134;land;false;plains;1
11122;217;35;195;land;false;plains;1
11123;21;6;55;land;false;plains;1
11124;239;217;166;land;false;plains;1
11125;136;190;18;land;false;plains;1
11126;131;214;25;land;false;plains;1
11127;195;62;197;land;false;plains;1
11128;184;199;81;land;false;plains;1
11129;17;154;116;land;false;plains;1
11130;72;109;234;land;false;plains;1
11131;65;47;139;land;true;plains;1
11132;110;174;154;land;false;plains;1
11133;234;38;107;land;false;plains;1
11134;26;62;225;land;false;plains;1
11135;127;74;246;land;false;plains;1
11136;9;204;255;land;false;plains;1
11137;223;155;30;land;false;plains;1
11138;145;180;202;land;false;plains;1
11139;71;96;183;land;false;plains;1
11140;68;199;50;land;false;plains;1
11141;145;163;236;land;false;plains;1
11142;112;61;126;land;false;plains;1
11143;45;33;243;land;false;plains;1
11144;56;191;196;land;false;plains;1
11145;181;80;207;land;false;plains;1
11146;230;249;104;land;false;plains;1
11147;20;105;124;land;false;plains;1
11148;177;130;239;land;false;plains;1
11149;101;79;237;land;false;plains;1
11150;19;228;231;land;false;plains;1
11151;127;248;143;land;false;plains;1
11152;247;4;137;land;false;plains;1
11153;202;224;154;land;false;plains;1
11154;121;29;99;land;false;plains;1
11155;146;218;36;land;false;plains;1
11156;236;152;91;land;false;plains;1
11157;113;231;91;land;false;plains;1
11158;167;14;179;land;false;plains;1
11159;156;236;56;land;false;plains;1
11160;58;69;65;land;false;plains;1
11161;253;118;53;land;false;plains;1
11162;103;248;164;land;false;plains;1
11163;114;246;1;land;false;plains;1
11164;40;197;43;land;true;plains;1
11165;16;120;252;land;false;plains;1
11166;218;251;18;land;false;plains;1
11167;253;228;65;land;false;plains;1
11168;17;119;82;land;false;plains;1
11169;44;45;121;land;false;plains;1
11170;242;49;45;land;false;plains;1
11171;38;192;30;land;false;plains;1
11172;248;231;191;land;false;plains;1
11173;162;173;255;land;false;plains;1
11174;152;152;234;land;false;plains;1
11175;237;117;238;land;false;plains;1
11176;73;152;131;land;false;plains;1
11177;93;149;220;land;false;plains;1
11178;8;187;243;land;false;plains;1
11179;135;239;177;land;true;plains;1
11180;79;140;56;land;false;plains;1
11181;24;182;60;land;false;plains;1
11182;9;35;242;land;false;plains;1
11183;145;82;197;land;false;plains;1
11184;202;235;138;land;false;plains;1
11185;51;201;57;land;true;plains;1
11186;32;200;212;land;false;plains;1
11187;122;157;30;land;false;plains;1
11188;48;121;207;land;false;plains;1
11189;94;134;145;land;false;plains;1
11190;66;182;113;land;false;plains;1
11191;119;39;128;land;false;plains;1
11192;131;96;3;land;false;plains;1
11193;94;115;174;land;false;plains;1
11194;101;174;169;land;false;plains;1
11195;58;27;69;land;false;plains;1
11196;73;95;5;land;false;plains;1
11197;134;57;118;land;false;plains;1
11198;241;135;62;land;false;plains;1
11199;171;1;155;land;false;plains;1
11200;50;224;245;land;false;plains;1
11201;101;34;39;land;false;plains;1
11202;41;40;118;land;true;plains;1
11203;225;155;141;land;false;plains;1
11204;246;193;191;land;false;plains;1
11205;160;119;87;land;false;plains;1
11206;116;128;238;land;true;plains;1
11207;44;214;90;land;false;plains;1
11208;51;41;147;land;true;plains;1
11209;124;205;95;land;false;plains;1
11210;33;200;207;land;true;plains;1
11211;35;19;239;land;true;plains;1
11212;24;126;231;land;false;plains;1
11213;97;239;31;land;false;plains;1
11214;46;60;19;land;true;plains;1
11215;135;12;211;land;false;plains;1
11216;172;95;150;land;false;plains;1
11217;114;30;97;land;false;plains;1
11218;146;42;72;land;false;plains;1
11219;7;142;76;land;false;plains;1
11220;222;165;133;land;false;plains;1
11221;115;150;227;land;false;plains;1
11222;144;90;248;land;false;plains;1
11223;163;98;34;land;false;plains;1
11224;32;13;54;land;false;plains;1
11225;233;232;244;land;false;plains;1
11226;65;193;183;land;false;plains;1
11227;53;208;135;land;false;plains;1
11228;181;182;207;land;false;plains;1
11229;222;54;34;land;false;plains;1
11230;69;199;51;land;false;plains;1
11231;113;19;214;land;false;plains;1
11232;138;190;195;land;false;plains;1
11233;13;136;76;land;false;plains;1
11234;35;76;106;land;false;plains;1
11235;124;1;172;land;false;plains;1
11236;212;58;75;land;false;plains;1
11237;55;218;26;land;false;plains;1
11238;24;45;94;land;true;plains;1
11239;128;145;189;land;true;plains;1
11240;32;38;188;land;false;plains;1
11241;212;19;119;land;false;plains;1
11242;107;30;49;land;false;plains;1
11243;212;166;35;land;false;plains;1
11244;249;160;186;land;false;plains;1
11245;11;81;223;land;false;plains;1
11246;10;16;69;land;false;plains;1
11247;126;204;92;land;true;plains;1
11248;158;65;24;land;false;plains;1
11249;143;1;39;land;false;plains;1
11250;114;70;117;land;false;plains;1
11251;151;11;16;land;false;plains;1
11252;215;241;41;land;false;plains;1
11253;247;184;26;land;false;plains;1
11254;141;175;141;land;false;plains;1
11255;169;117;81;land;false;plains;1
11256;92;198;152;land;false;plains;1
11257;122;98;113;land;false;plains;1
11258;129;188;102;land;false;plains;1
11259;241;244;159;land;true;plains;1
11260;133;221;162;land;false;plains;1
11261;79;49;98;land;false;plains;1
11262;89;227;127;land;true;plains;1
11263;160;136;168;land;false;plains;1
11264;56;209;153;land;false;plains;1
11265;212;78;120;land;false;plains;1
11266;126;64;139;land;false;plains;1
11267;32;240;95;land;false;plains;1
11268;51;84;191;land;true;plains;1
11269;70;183;203;land;false;plains;1
11270;67;147;231;land;false;plains;1
11271;236;3;213;land;false;plains;1
11272;165;138;234;land;false;plains;1
11273;204;45;66;land;false;plains;1
11274;184;57;22;land;false;plains;1
11275;203;74;114;land;false;plains;1
11276;126;131;57;land;false;plains;1
11277;254;124;100;land;true;plains;1
11278;217;146;194;land;false;plains;1
11279;76;0;52;land;false;plains;1
11280;252;15;185;land;true;plains;1
11281;102;109;104;land;false;plains;1
11282;177;116;120;land;false;plains;1
11283;139;173;29;land;false;plains;1
11284;9;184;142;land;false;plains;1
11285;234;167;172;land;true;plains;1
11286;87;186;172;land;false;plains;1
11287;99;130;224;land;false;plains;1
11288;254;107;238;land;false;plains;1
11289;134;192;20;land;false;plains;1
11290;34;164;8;land;false;plains;1
11291;139;73;181;land;false;plains;1
11292;126;134;158;land;false;plains;1
11293;196;144;159;land;false;plains;1
11294;34;17;35;land;false;plains;1
11295;247;78;118;land;false;plains;1
11296;115;82;4;land;false;plains;1
11297;185;55;159;land;false;plains;1
11298;31;205;148;land;true;plains;1
11299;230;164;53;land;true;plains;1
11300;178;19;156;land;false;plains;1
11301;162;228;197;land;false;plains;1
11302;45;40;181;land;false;plains;1
11303;55;46;24;land;false;plains;1
11304;147;57;93;land;true;plains;1
11305;34;15;218;land;false;plains;1
11306;200;186;28;land;false;plains;1
11307;248;131;39;land;false;plains;1
11308;180;7;12;land;false;plains;1
11309;48;126;254;land;false;plains;1
11310;29;20;9;land;false;plains;1
11311;112;157;27;land;false;plains;1
11312;202;255;140;land;false;plains;1
11313;72;62;117;land;false;plains;1
11314;112;111;135;land;true;plains;1
11315;180;61;135;land;false;plains;1
11316;253;7;11;land;false;plains;1
11317;31;208;80;land;false;plains;1
11318;164;122;163;land;false;plains;1
11319;195;58;50;land;false;plains;1
11320;172;48;138;land;true;plains;1
11321;217;181;66;land;true;plains;1
11322;161;174;184;land;false;plains;1
11323;123;90;32;land;true;plains;1
11324;8;68;171;land;true;plains;1
11325;125;227;89;land;false;plains;1
11326;231;154;98;land;true;plains;1
11327;116;151;72;land;false;plains;1
11328;27;247;225;land;true;plains;1
11329;226;250;147;land;false;plains;1
11330;214;31;12;land;false;plains;1
11331;116;65;179;land;true;plains;1
11332;167;198;103;land;false;plains;1
11333;7;146;115;land;false;plains;1
11334;208;23;20;land;false;plains;1
11335;220;97;127;land;false;plains;1
11336;19;249;69;land;false;plains;1
11337;70;45;205;land;false;plains;1
11338;231;31;89;land;true;plains;1
11339;98;139;39;land;false;plains;1
11340;185;161;147;land;false;plains;1
11341;11;153;40;land;true;plains;1
11342;169;206;174;land;false;plains;1
11343;71;47;191;land;false;plains;1
11344;6;66;45;land;false;plains;1
11345;193;72;246;land;false;plains;1
11346;145;165;83;land;false;plains;1
11347;92;145;125;land;true;plains;1
11348;22;4;202;land;false;plains;1
11349;214;213;68;land;false;plains;1
11350;227;90;205;land;false;plains;1
11351;49;35;47;land;false;plains;1
11352;217;57;107;land;false;plains;1
11353;202;89;245;land;true;plains;1
11354;57;125;243;land;false;plains;1
11355;100;36;176;land;false;plains;1
11356;157;128;145;land;false;plains;1
11357;62;229;109;land;false;plains;1
11358;52;162;30;land;false;plains;1
11359;29;60;254;land;true;plains;1
11360;106;172;117;land;true;plains;1
11361;17;195;234;land;true;plains;1
11362;250;88;76;land;false;plains;1
11363;22;73;138;land;false;plains;1
11364;159;184;86;land;true;plains;1
11365;63;19;128;land;true;plains;1
11366;78;163;89;land;true;plains;1
11367;185;7;41;land;false;plains;1
11368;237;213;70;land;true;plains;1
11369;217;218;204;land;false;plains;1
11370;210;43;63;land;true;plains;1
11371;19;246;79;land;true;plains;1
11372;109;152;161;land;false;plains;1
11373;228;104;213;land;false;plains;1
11374;117;225;112;land;false;plains;1
11375;145;78;153;land;false;plains;1
11376;210;208;73;land;true;plains;1
11377;140;122;9;land;true;plains;1
11378;165;251;216;land;true;plains;1
11379;199;205;255;land;true;plains;1
11380;139;168;87;land;false;plains;1
11381;159;128;10;land;true;plains;1
11382;119;230;207;land;false;plains;1
11383;185;230;237;land;true;plains;1
11384;70;37;118;land;false;plains;1
11385;213;216;43;land;true;plains;1
11386;49;246;231;land;true;plains;1
11387;114;204;238;land;true;plains;1
11388;124;245;218;land;false;plains;1
11389;223;37;52;land;false;plains;1
11390;145;212;31;land;true;plains;1
11391;49;212;213;land;true;plains;1
11392;177;167;235;land;true;plains;1
11393;86;143;117;land;true;plains;1
11394;65;158;39;land;false;plains;1
11395;238;25;147;land;true;plains;1
11396;144;97;20;land;true;plains;1
11397;26;163;17;land;true;plains;1
11398;205;59;220;land;false;plains;1
11399;213;95;165;land;false;plains;1
11400;25;249;98;land;false;plains;1
11401;132;2;163;land;true;plains;1
11402;186;6;227;land;true;plains;1
11403;156;191;187;land;false;plains;1
11404;181;255;141;land;true;plains;1
11405;1;212;140;sea;false;ocean;0
11406;54;105;42;sea;false;ocean;0
11407;22;147;183;sea;false;ocean;0
11408;13;210;104;sea;false;ocean;0
11409;75;227;105;sea;false;ocean;0
11410;1;114;131;sea;false;ocean;0
11411;9;1;163;sea;false;ocean;0
11412;162;166;201;sea;false;ocean;0
11413;66;138;76;sea;false;ocean;0
11414;178;62;91;sea;false;ocean;0
11415;80;145;34;sea;false;ocean;0
11416;31;226;96;sea;false;ocean;0
11417;115;140;182;sea;false;ocean;0
11418;83;244;55;sea;false;ocean;0
11419;40;205;225;sea;false;ocean;0
11420;246;179;35;sea;false;ocean;0
11421;89;36;71;sea;false;ocean;0
11422;64;40;121;sea;false;ocean;0
11423;220;212;2;sea;false;ocean;0
11424;31;71;17;sea;false;ocean;0
11425;155;118;143;sea;false;ocean;0
11426;176;70;11;sea;false;ocean;0
11427;52;98;109;sea;false;ocean;0
11428;218;18;238;sea;false;ocean;0
11429;206;130;95;sea;false;ocean;0
11430;91;125;36;sea;false;ocean;0
11431;72;60;111;sea;false;ocean;0
11432;10;131;220;sea;false;ocean;0
11433;214;254;202;sea;false;ocean;0
11434;201;62;252;sea;false;ocean;0
11435;249;79;254;sea;false;ocean;0
11436;30;235;92;sea;false;ocean;0
11437;124;12;182;sea;false;ocean;0
11438;121;224;234;sea;false;ocean;0
11439;209;75;22;sea;false;ocean;0
11440;10;196;33;sea;false;ocean;0
11441;253;61;197;sea;false;ocean;0
11442;55;185;205;sea;false;ocean;0
11443;115;88;121;sea;false;ocean;0
11444;225;104;1;sea;false;ocean;0
11445;47;207;172;sea;false;ocean;0
11446;98;65;149;sea;false;ocean;0
11447;98;77;91;sea;false;ocean;0
11448;144;7;160;sea;false;ocean;0
11449;8;204;0;sea;false;ocean;0
11450;132;10;3;sea;false;ocean;0
11451;75;117;25;sea;false;ocean;0
11452;158;165;45;sea;false;ocean;0
11453;13;116;53;sea;false;ocean;0
11454;170;118;71;sea;false;ocean;0
11455;152;10;57;sea;false;ocean;0
11456;74;41;251;sea;false;ocean;0
11457;169;121;133;sea;false;ocean;0
11458;239;115;13;sea;false;ocean;0
11459;155;70;108;sea;false;ocean;0
11460;25;65;228;sea;false;ocean;0
11461;2;98;178;sea;false;ocean;0
11462;223;143;149;sea;false;ocean;0
11463;128;80;234;sea;false;ocean;0
11464;77;85;165;sea;false;ocean;0
11465;41;84;24;sea;false;ocean;0
11466;250;65;98;sea;false;ocean;0
11467;97;39;99;sea;false;ocean;0
11468;188;15;150;sea;false;ocean;0
11469;103;245;89;sea;false;ocean;0
11470;10;190;75;sea;false;ocean;0
11471;20;224;225;sea;false;ocean;0
11472;30;34;204;sea;false;ocean;0
11473;130;151;226;sea;false;ocean;0
11474;60;236;215;sea;false;ocean;0
11475;32;172;187;sea;false;ocean;0
11476;217;192;15;sea;false;ocean;0
11477;32;5;61;sea;false;ocean;0
11478;144;120;166;sea;false;ocean;0
11479;81;233;209;sea;false;ocean;0
11480;249;219;136;sea;false;ocean;0
11481;146;115;200;sea;false;ocean;0
11482;12;195;142;sea;false;ocean;0
11483;39;143;218;sea;false;ocean;0
11484;169;224;180;sea;false;ocean;0
11485;247;15;13;sea;false;ocean;0
11486;90;17;197;sea;false;ocean;0
11487;31;28;182;sea;false;ocean;0
11488;115;150;166;sea;false;ocean;0
11489;82;10;223;sea;false;ocean;0
11490;39;149;193;sea;false;ocean;0
11491;48;231;187;sea;false;ocean;0
11492;215;23;8;sea;false;ocean;0
11493;211;83;66;sea;false;ocean;0
11494;238;67;113;sea;false;ocean;0
11495;144;117;39;sea;false;ocean;0
11496;75;137;113;sea;false;ocean;0
11497;54;249;144;sea;false;ocean;0
11498;16;54;144;sea;false;ocean;0
11499;56;175;183;sea;false;ocean;0
11500;211;228;193;sea;false;ocean;0
11501;253;20;206;sea;false;ocean;0
11502;37;160;97;sea;false;ocean;0
11503;138;97;12;sea;false;ocean;0
11504;169;10;168;sea;false;ocean;0
11505;243;117;80;sea;false;ocean;0
11506;49;137;198;sea;false;ocean;0
11507;88;126;188;sea;false;ocean;0
11508;66;241;212;sea;false;ocean;0
11509;10;164;49;sea;false;ocean;0
11510;38;70;101;sea;false;ocean;0
11511;234;125;167;sea;false;ocean;0
11512;200;90;0;sea;false;ocean;0
11513;141;91;101;sea;false;ocean;0
11514;145;226;198;sea;false;ocean;0
11515;35;72;193;sea;false;ocean;0
11516;226;70;126;sea;false;ocean;0
11517;69;25;7;sea;false;ocean;0
11518;93;2;107;sea;false;ocean;0
11519;139;142;164;sea;false;ocean;0
11520;62;210;3;sea;false;ocean;0
11521;150;220;75;sea;false;ocean;0
11522;233;213;98;sea;false;ocean;0
11523;208;187;94;sea;false;ocean;0
11524;248;151;5;sea;false;ocean;0
11525;196;173;151;sea;false;ocean;0
11526;66;47;146;sea;false;ocean;0
11527;64;5;94;sea;false;ocean;0
11528;45;80;27;sea;false;ocean;0
11529;135;79;83;sea;false;ocean;0
11530;137;131;157;sea;false;ocean;0
11531;66;33;152;sea;false;ocean;0
11532;163;30;77;sea;false;ocean;0
11533;251;48;254;sea;false;ocean;0
11534;168;157;1;sea;false;ocean;0
11535;1;215;121;sea;false;ocean;0
11536;218;245;19;sea;false;ocean;0
11537;64;237;182;sea;false;ocean;0
11538;160;211;47;sea;false;ocean;0
11539;33;145;87;sea;false;ocean;0
11540;190;119;241;sea;false;ocean;0
11541;223;12;228;sea;false;ocean;0
11542;203;66;56;sea;false;ocean;0
11543;123;249;125;sea;false;ocean;0
11544;146;164;192;sea;false;ocean;0
11545;173;204;18;sea;false;ocean;0
11546;51;203;94;sea;false;ocean;0
11547;56;154;137;sea;false;ocean;0
11548;165;170;27;sea;false;ocean;0
11549;232;137;238;sea;false;ocean;0
11550;129;69;107;sea;false;ocean;0
11551;84;167;61;sea;false;ocean;0
11552;12;169;42;sea;false;ocean;0
11553;243;186;112;sea;false;ocean;0
11554;204;37;97;sea;false;ocean;0
11555;222;230;163;sea;false;ocean;0
11556;162;220;27;sea;false;ocean;0
11557;238;101;57;sea;false;ocean;0
11558;220;19;109;sea;false;ocean;0
11559;245;169;80;sea;false;ocean;0
11560;105;39;142;sea;false;ocean;0
11561;39;33;218;sea;false;ocean;0
11562;158;98;138;sea;false;ocean;0
11563;154;84;68;sea;false;ocean;0
11564;89;30;238;sea;false;ocean;0
11565;226;176;147;sea;false;ocean;0
11566;166;41;27;sea;false;ocean;0
11567;60;135;107;sea;false;ocean;0
11568;18;152;31;sea;false;ocean;0
11569;56;35;212;sea;false;ocean;0
11570;221;81;112;sea;false;ocean;0
11571;203;60;26;sea;false;ocean;0
11572;144;59;223;sea;false;ocean;0
11573;247;241;240;sea;false;ocean;0
11574;159;146;105;sea;false;ocean;0
11575;193;85;154;sea;false;ocean;0
11576;97;7;214;sea;false;ocean;0
11577;231;238;65;sea;false;ocean;0
11578;242;38;191;sea;false;ocean;0
11579;158;174;187;sea;false;ocean;0
11580;252;34;70;sea;false;ocean;0
11581;169;105;145;sea;false;ocean;0
11582;32;35;176;sea;false;ocean;0
11583;118;38;244;sea;false;ocean;0
11584;6;207;122;sea;false;ocean;0
11585;16;193;126;sea;false;ocean;0
11586;89;6;154;sea;false;ocean;0
11587;75;172;72;sea;false;ocean;0
11588;247;219;155;sea;false;ocean;0
11589;183;44;32;sea;false;ocean;0
11590;28;133;218;sea;false;ocean;0
11591;110;149;137;sea;false;ocean;0
11592;48;245;78;sea;false;ocean;0
11593;48;67;223;sea;false;ocean;0
11594;23;242;232;sea;false;ocean;0
11595;242;78;128;sea;false;ocean;0
11596;34;162;215;sea;false;ocean;0
11597;209;71;142;sea;false;ocean;0
11598;120;129;45;sea;false;ocean;0
11599;237;11;187;sea;false;ocean;0
11600;122;87;92;sea;false;ocean;0
11601;214;77;21;sea;false;ocean;0
11602;57;98;246;sea;false;ocean;0
11603;187;180;159;sea;false;ocean;0
11604;116;171;206;sea;false;ocean;0
11605;59;153;159;sea;false;ocean;0
11606;104;18;151;sea;false;ocean;0
11607;133;211;206;sea;false;ocean;0
11608;98;217;223;sea;false;ocean;0
11609;22;36;116;sea;false;ocean;0
11610;112;230;195;sea;false;ocean;0
11611;154;186;217;sea;false;ocean;0
11612;216;127;68;sea;false;ocean;0
11613;244;222;222;sea;false;ocean;0
11614;158;192;14;sea;false;ocean;0
11615;170;107;29;sea;false;ocean;0
11616;250;70;68;sea;false;ocean;0
11617;24;19;125;sea;false;ocean;0
11618;242;78;228;sea;false;ocean;0
11619;59;167;90;sea;false;ocean;0
11620;122;52;159;sea;false;ocean;0
11621;113;85;45;sea;false;ocean;0
11622;217;45;51;sea;false;ocean;0
11623;154;106;167;sea;false;ocean;0
11624;233;23;36;sea;false;ocean;0
11625;216;239;189;sea;false;ocean;0
11626;96;182;51;sea;false;ocean;0
11627;94;91;139;sea;false;ocean;0
11628;135;41;176;sea;false;ocean;0
11629;89;120;155;sea;false;ocean;0
11630;83;193;107;sea;false;ocean;0
11631;177;83;123;sea;false;ocean;0
11632;100;235;188;sea;false;ocean;0
11633;81;114;82;sea;false;ocean;0
11634;197;250;84;sea;false;ocean;0
11635;17;53;44;sea;false;ocean;0
11636;173;146;144;sea;false;ocean;0
11637;167;147;213;sea;false;ocean;0
11638;31;39;138;sea;false;ocean;0
11639;53;248;146;sea;false;ocean;0
11640;174;38;250;sea;false;ocean;0
11641;92;0;159;sea;false;ocean;0
11642;138;141;150;sea;false;ocean;0
11643;34;170;189;sea;false;ocean;0
11644;206;127;58;sea;false;ocean;0
11645;74;91;177;sea;false;ocean;0
11646;108;199;213;sea;false;ocean;0
11647;58;44;9;sea;false;ocean;0
11648;142;139;164;sea;false;ocean;0
11649;204;42;59;sea;false;ocean;0
11650;46;115;113;sea;false;ocean;0
11651;229;221;151;sea;false;ocean;0
11652;150;0;39;sea;false;ocean;0
11653;207;28;193;sea;false;ocean;0
11654;157;188;253;sea;false;ocean;0
11655;151;38;231;sea;false;ocean;0
11656;161;70;190;sea;false;ocean;0
11657;27;79;0;sea;false;ocean;0
11658;82;251;224;sea;false;ocean;0
11659;30;151;146;sea;false;ocean;0
11660;102;193;122;sea;false;ocean;0
11661;131;69;169;sea;false;ocean;0
11662;47;96;233;sea;false;ocean;0
11663;88;42;243;sea;false;ocean;0
11664;149;211;128;sea;false;ocean;0
11665;55;189;96;sea;false;ocean;0
11666;167;121;66;sea;false;ocean;0
11667;223;92;90;sea;false;ocean;0
11668;63;210;252;sea;false;ocean;0
11669;152;65;48;sea;false;ocean;0
11670;44;149;228;sea;false;ocean;0
11671;189;168;0;sea;false;ocean;0
11672;30;220;211;sea;false;ocean;0
11673;64;111;183;sea;false;ocean;0
11674;172;198;155;sea;false;ocean;0
11675;155;255;174;sea;false;ocean;0
11676;252;2;128;sea;false;ocean;0
11677;126;218;130;sea;false;ocean;0
11678;41;236;121;sea;false;ocean;0
11679;46;253;54;sea;false;ocean;0
11680;106;64;83;sea;false;ocean;0
11681;76;172;156;sea;false;ocean;0
11682;111;67;122;sea;false;ocean;0
11683;66;229;2;sea;false;ocean;0
11684;160;203;147;sea;false;ocean;0
11685;216;25;52;sea;false;ocean;0
11686;206;72;33;sea;false;ocean;0
11687;169;60;46;sea;false;ocean;0
11688;132;169;135;sea;false;ocean;0
11689;136;12;133;sea;false;ocean;0
11690;58;240;28;sea;false;ocean;0
11691;34;23;239;sea;false;ocean;0
11692;66;175;165;sea;false;ocean;0
11693;131;138;146;sea;false;ocean;0
11694;196;214;3;sea;false;ocean;0
11695;248;231;200;sea;false;ocean;0
11696;225;28;185;sea;false;ocean;0
11697;206;115;102;sea;false;ocean;0
11698;184;83;103;sea;false;ocean;0
11699;136;49;86;sea;false;ocean;0
11700;20;106;198;sea;false;ocean;0
11701;231;83;27;sea;false;ocean;0
11702;126;71;153;sea;false;ocean;0
11703;67;25;115;sea;false;ocean;0
11704;59;197;225;sea;false;ocean;0
11705;43;232;222;sea;false;ocean;0
11706;11;4;86;sea;false;ocean;0
11707;223;232;44;sea;false;ocean;0
11708;17;196;189;sea;false;ocean;0
11709;183;220;101;sea;false;ocean;0
11710;189;165;45;sea;false;ocean;0
11711;149;215;195;sea;false;ocean;0
11712;201;168;172;sea;false;ocean;0
11713;239;122;6;sea;false;ocean;0
11714;171;19;253;sea;false;ocean;0
11715;49;170;136;sea;false;ocean;0
11716;85;35;102;sea;false;ocean;0
11717;195;94;96;sea;false;ocean;0
11718;238;10;208;sea;false;ocean;0
11719;114;139;204;sea;false;ocean;0
11720;26;229;42;sea;false;ocean;0
11721;48;232;13;sea;false;ocean;0
11722;53;239;93;sea;false;ocean;0
11723;41;202;70;sea;false;ocean;0
11724;121;45;84;sea;false;ocean;0
11725;210;227;125;sea;false;ocean;0
11726;176;126;90;sea;false;ocean;0
11727;210;230;84;sea;false;ocean;0
11728;120;73;169;sea;false;ocean;0
11729;27;175;202;sea;false;ocean;0
11730;147;28;208;sea;false;ocean;0
11731;127;182;91;sea;false;ocean;0
11732;190;229;183;sea;false;ocean;0
11733;150;145;250;sea;false;ocean;0
11734;254;167;117;sea;false;ocean;0
11735;214;0;185;sea;false;ocean;0
11736;101;153;235;sea;false;ocean;0
11737;127;131;127;sea;false;ocean;0
11738;125;94;96;sea;false;ocean;0
11739;210;191;147;sea;false;ocean;0
11740;244;64;134;sea;false;ocean;0
11741;135;76;38;sea;false;ocean;0
11742;212;137;99;sea;false;ocean;0
11743;51;185;215;sea;false;ocean;0
11744;1;22;24;sea;false;ocean;0
11745;133;28;98;sea;false;ocean;0
11746;89;230;114;sea;false;ocean;0
11747;219;159;87;sea;false;ocean;0
11748;14;199;44;sea;false;ocean;0
11749;8;226;121;sea;false;ocean;0
11750;77;60;133;sea;false;ocean;0
11751;238;107;54;sea;false;ocean;0
11752;24;26;89;sea;false;ocean;0
11753;130;129;66;sea;false;ocean;0
11754;39;165;10;sea;false;ocean;0
11755;123;65;233;sea;false;ocean;0
11756;206;96;157;sea;false;ocean;0
11757;239;24;234;sea;false;ocean;0
11758;201;212;122;sea;false;ocean;0
11759;112;246;104;sea;false;ocean;0
11760;201;199;198;sea;false;ocean;0
11761;111;124;161;sea;false;ocean;0
11762;250;108;112;sea;false;ocean;0
11763;197;204;31;sea;false;ocean;0
11764;227;221;35;sea;false;ocean;0
11765;70;90;75;sea;false;ocean;0
11766;86;248;70;sea;false;ocean;0
11767;48;213;12;sea;false;ocean;0
11768;172;69;27;sea;false;ocean;0
11769;254;196;251;sea;false;ocean;0
11770;108;114;90;sea;false;ocean;0
11771;145;21;88;sea;false;ocean;0
11772;87;224;180;sea;false;ocean;0
11773;25;141;175;sea;false;ocean;0
11774;224;117;108;sea;false;ocean;0
11775;226;125;42;sea;false;ocean;0
11776;124;175;205;sea;false;ocean;0
11777;124;90;182;sea;false;ocean;0
11778;102;226;93;sea;false;ocean;0
11779;156;222;144;sea;false;ocean;0
11780;57;154;200;sea;false;ocean;0
11781;131;203;136;sea;false;ocean;0
11782;5;162;232;sea;false;ocean;0
11783;181;117;201;sea;false;ocean;0
11784;90;143;252;sea;false;ocean;0
11785;122;99;76;sea;false;ocean;0
11786;162;222;135;sea;false;ocean;0
11787;59;33;141;sea;false;ocean;0
11788;246;134;171;sea;false;ocean;0
11789;235;88;189;sea;false;ocean;0
11790;85;202;128;sea;false;ocean;0
11791;220;111;1;sea;false;ocean;0
11792;248;173;212;sea;false;ocean;0
11793;107;93;79;sea;false;ocean;0
11794;19;182;67;sea;false;ocean;0
11795;76;33;191;sea;false;ocean;0
11796;42;58;76;sea;false;ocean;0
11797;249;210;152;sea;false;ocean;0
11798;30;61;234;sea;false;ocean;0
11799;126;202;128;sea;false;ocean;0
11800;27;148;137;sea;false;ocean;0
11801;17;26;239;sea;false;ocean;0
11802;174;102;5;sea;false;ocean;0
11803;63;199;79;sea;false;ocean;0
11804;227;158;32;sea;false;ocean;0
11805;187;76;213;sea;false;ocean;0
11806;122;221;140;sea;false;ocean;0
11807;1;92;63;sea;false;ocean;0
11808;204;76;180;sea;false;ocean;0
11809;151;180;54;sea;false;ocean;0
11810;158;157;43;sea;false;ocean;0
11811;106;28;203;sea;false;ocean;0
11812;148;63;53;sea;false;ocean;0
11813;61;187;209;sea;false;ocean;0
11814;142;71;196;sea;false;ocean;0
11815;24;217;154;sea;false;ocean;0
11816;92;98;183;sea;false;ocean;0
11817;58;205;214;sea;false;ocean;0
11818;112;83;96;sea;false;ocean;0
11819;247;248;209;sea;false;ocean;0
11820;60;216;204;sea;false;ocean;0
11821;184;156;40;sea;false;ocean;0
11822;149;198;75;sea;false;ocean;0
11823;87;27;154;sea;false;ocean;0
11824;58;149;13;sea;false;ocean;0
11825;163;157;214;sea;false;ocean;0
11826;22;45;14;sea;false;ocean;0
11827;162;9;218;sea;false;ocean;0
11828;117;137;137;sea;false;ocean;0
11829;156;178;88;sea;false;ocean;0
11830;248;28;202;sea;false;ocean;0
11831;107;221;56;sea;false;ocean;0
11832;3;72;219;sea;false;ocean;0
11833;13;222;127;sea;false;ocean;0
11834;241;195;101;sea;false;ocean;0
11835;220;3;203;sea;false;ocean;0
11836;14;182;148;sea;false;ocean;0
11837;153;211;170;sea;false;ocean;0
11838;96;73;67;sea;false;ocean;0
11839;47;110;2;sea;false;ocean;0
11840;60;19;215;sea;false;ocean;0
11841;251;242;35;sea;false;ocean;0
11842;191;195;216;sea;false;ocean;0
11843;74;228;24;sea;false;ocean;0
11844;111;80;58;sea;false;ocean;0
11845;4;155;1;sea;false;ocean;0
11846;132;136;5;sea;false;ocean;0
11847;183;111;128;sea;false;ocean;0
11848;16;217;135;sea;false;ocean;0
11849;120;112;5;sea;false;ocean;0
11850;160;255;120;sea;false;ocean;0
11851;135;97;50;sea;false;ocean;0
11852;143;75;136;sea;false;ocean;0
11853;126;97;37;sea;false;ocean;0
11854;145;134;41;sea;false;ocean;0
11855;194;26;174;sea;false;ocean;0
11856;145;136;82;sea;false;ocean;0
11857;229;19;129;sea;false;ocean;0
11858;24;222;32;sea;false;ocean;0
11859;151;172;246;sea;false;ocean;0
11860;104;219;10;sea;false;ocean;0
11861;72;181;139;sea;false;ocean;0
11862;134;217;5;sea;false;ocean;0
11863;96;149;251;sea;false;ocean;0
11864;190;153;61;sea;false;ocean;0
11865;121;68;226;sea;false;ocean;0
11866;19;54;47;sea;false;ocean;0
11867;229;42;130;sea;false;ocean;0
11868;153;50;178;sea;false;ocean;0
11869;183;2;114;sea;false;ocean;0
11870;44;255;242;sea;false;ocean;0
11871;215;173;22;sea;false;ocean;0
11872;113;214;168;sea;false;ocean;0
11873;15;236;13;sea;false;ocean;0
11874;38;190;114;sea;false;ocean;0
11875;48;132;119;sea;false;ocean;0
11876;20;43;126;sea;false;ocean;0
11877;205;114;254;sea;false;ocean;0
11878;66;27;255;sea;false;ocean;0
11879;150;60;119;sea;false;ocean;0
11880;124;184;198;sea;false;ocean;0
11881;210;139;109;sea;false;ocean;0
11882;12;1;68;sea;false;ocean;0
11883;201;83;198;sea;false;ocean;0
11884;58;177;133;sea;false;ocean;0
11885;184;121;33;sea;false;ocean;0
11886;112;69;195;sea;false;ocean;0
11887;94;121;34;sea;false;ocean;0
11888;239;136;33;sea;false;ocean;0
11889;165;40;240;sea;false;ocean;0
11890;131;4;22;sea;false;ocean;0
11891;111;106;143;sea;false;ocean;0
11892;99;142;73;sea;false;ocean;0
11893;191;139;174;sea;false;ocean;0
11894;216;91;27;sea;false;ocean;0
11895;58;92;117;sea;false;ocean;0
11896;33;165;121;sea;false;ocean;0
11897;200;17;50;sea;false;ocean;0
11898;254;255;4;sea;false;ocean;0
11899;228;146;41;sea;false;ocean;0
11900;68;101;74;sea;false;ocean;0
11901;231;154;33;sea;false;ocean;0
11902;72;122;230;sea;false;ocean;0
11903;138;48;40;sea;false;ocean;0
11904;156;149;93;sea;false;ocean;0
11905;109;30;239;sea;false;ocean;0
11906;65;6;171;sea;false;ocean;0
11907;27;114;174;sea;false;ocean;0
11908;192;222;29;sea;false;ocean;0
11909;116;112;104;sea;false;ocean;0
11910;141;126;190;sea;false;ocean;0
11911;210;103;229;sea;false;ocean;0
11912;79;57;226;sea;false;ocean;0
11913;163;23;101;sea;false;ocean;0
11914;240;56;237;sea;false;ocean;0
11915;76;131;255;sea;false;ocean;0
11916;110;153;249;sea;false;ocean;0
11917;49;47;13;sea;false;ocean;0
11918;241;219;85;sea;false;ocean;0
11919;210;126;56;sea;false;ocean;0
11920;49;74;30;sea;false;ocean;0
11921;219;47;248;sea;false;ocean;0
11922;174;23;184;sea;false;ocean;0
11923;92;221;4;sea;false;ocean;0
11924;64;95;73;sea;false;ocean;0
11925;197;67;149;sea;false;ocean;0
11926;62;197;128;sea;false;ocean;0
11927;129;6;14;sea;false;ocean;0
11928;141;6;196;sea;false;ocean;0
11929;161;43;235;sea;false;ocean;0
11930;216;114;138;sea;false;ocean;0
11931;6;3;104;sea;false;ocean;0
11932;57;117;15;sea;false;ocean;0
11933;77;211;105;sea;false;ocean;0
11934;171;4;169;sea;false;ocean;0
11935;35;23;231;sea;false;ocean;0
11936;1;135;63;sea;false;ocean;0
11937;89;82;78;sea;false;ocean;0
11938;77;172;120;sea;false;ocean;0
11939;126;92;6;sea;false;ocean;0
11940;90;78;44;sea;false;ocean;0
11941;111;124;40;sea;false;ocean;0
11942;28;116;6;sea;false;ocean;0
11943;138;61;90;sea;false;ocean;0
11944;155;171;45;sea;false;ocean;0
11945;169;132;55;sea;false;ocean;0
11946;234;197;19;sea;false;ocean;0
11947;74;73;55;sea;false;ocean;0
11948;45;22;252;sea;false;ocean;0
11949;199;58;100;sea;false;ocean;0
11950;215;158;128;sea;false;ocean;0
11951;162;172;110;sea;false;ocean;0
11952;254;149;193;sea;false;ocean;0
11953;171;137;229;sea;false;ocean;0
11954;59;201;145;sea;false;ocean;0
11955;19;53;97;sea;false;ocean;0
11956;16;124;68;sea;false;ocean;0
11957;238;220;126;sea;false;ocean;0
11958;244;117;187;sea;false;ocean;0
11959;6;61;3;sea;false;ocean;0
11960;233;67;221;sea;false;ocean;0
11961;245;8;122;sea;false;ocean;0
11962;38;2;146;sea;false;ocean;0
11963;179;174;184;sea;false;ocean;0
11964;116;247;137;sea;false;ocean;0
11965;180;113;47;sea;false;ocean;0
11966;34;33;48;sea;false;ocean;0
11967;28;235;152;sea;false;ocean;0
11968;244;141;245;sea;false;ocean;0
11969;94;122;231;sea;false;ocean;0
11970;71;117;93;sea;false;ocean;0
11971;148;142;79;sea;false;ocean;0
11972;92;220;66;sea;false;ocean;0
11973;153;192;156;sea;false;ocean;0
11974;161;101;113;sea;false;ocean;0
11975;40;220;60;sea;false;ocean;0
11976;210;101;191;sea;false;ocean;0
11977;108;91;227;sea;false;ocean;0
11978;188;203;251;sea;false;ocean;0
11979;122;131;0;sea;false;ocean;0
11980;12;68;229;sea;false;ocean;0
11981;161;98;83;lake;false;lakes;0
11982;86;105;136;lake;false;lakes;0
11983;74;250;246;lake;false;lakes;0
11984;231;44;237;lake;false;lakes;0
11985;207;53;141;lake;false;lakes;0
11986;37;220;162;lake;false;lakes;0
11987;146;147;32;lake;false;lakes;0
11988;140;38;3;lake;false;lakes;0
11989;94;14;78;lake;false;lakes;0
11990;153;48;188;sea;false;ocean;0
11991;163;142;134;sea;false;ocean;0
